domain,image_path,width,height,aspect_ratio,brightness,contrast,sharpness,entropy,mean_red,mean_green,mean_blue
PlantVillage Internal,D:\Tomato_Disease_Research\plantvillage\Tomato_Bacterial_spot\0045ba29-ed1b-43b4-afde-719cc7adefdb___GCREC_Bact.Sp 6254.JPG,256,256,1.0,108.269287109375,36.512779235839844,1547.0560302734375,7.082482504099845,100.54643249511719,114.75920104980469,95.10752868652344
PlantVillage Internal,D:\Tomato_Disease_Research\plantvillage\Tomato_Bacterial_spot\014b58ae-091b-408a-ab4a-5a780cd1c3f3___GCREC_Bact.Sp 2971.JPG,256,256,1.0,100.76870727539062,42.77576446533203,320.94384765625,6.993774904008967,97.11325073242188,104.04791259765625,93.47126770019531
PlantVillage Internal,D:\Tomato_Disease_Research\plantvillage\Tomato_Bacterial_spot\030501db-683b-4ed5-9ec0-c475a5dfdd76___GCREC_Bact.Sp 5650.JPG,256,256,1.0,100.43760681152344,44.325435638427734,886.53662109375,7.101996962740056,98.43910217285156,102.62051391601562,94.43922424316406
PlantVillage Internal,D:\Tomato_Disease_Research\plantvillage\Tomato_Bacterial_spot\03e6cea1-1c09-420a-a22e-2c29844004d1___GCREC_Bact.Sp 3076.JPG,256,256,1.0,95.78070068359375,30.473386764526367,744.2931518554688,6.8031644448554776,91.24653625488281,99.03713989257812,90.90516662597656
PlantVillage Internal,D:\Tomato_Disease_Research\plantvillage\Tomato_Bacterial_spot\045e9a8d-bed0-4700-8d27-7f8d0735223e___GCREC_Bact.Sp 3848.JPG,256,256,1.0,81.54742431640625,29.707571029663086,1265.00146484375,6.87554571646171,78.84112548828125,86.113525390625,65.13409423828125
PlantVillage Internal,D:\Tomato_Disease_Research\plantvillage\Tomato_Bacterial_spot\0493c0e5-27e3-41d6-81f0-7830cef39080___UF.GRC_BS_Lab Leaf 8615.JPG,256,256,1.0,113.69985961914062,34.248626708984375,560.2897338867188,7.014600421743807,115.20681762695312,118.00079345703125,87.60137939453125
PlantVillage Internal,D:\Tomato_Disease_Research\plantvillage\Tomato_Bacterial_spot\04fcd6e4-a96e-49ba-b67a-32b88337b505___GCREC_Bact.Sp 3689.JPG,256,256,1.0,112.8921127319336,31.84341049194336,1812.818115234375,6.936468479497797,115.74642944335938,116.730712890625,85.64039611816406
PlantVillage Internal,D:\Tomato_Disease_Research\plantvillage\Tomato_Bacterial_spot\05530c50-5cb9-484f-91d0-82c9df7689d5___GCREC_Bact.Sp 6051.JPG,256,256,1.0,102.2434310913086,36.4143180847168,591.9840087890625,6.880417671680076,97.51802062988281,106.54934692382812,92.46556091308594
PlantVillage Internal,D:\Tomato_Disease_Research\plantvillage\Tomato_Bacterial_spot\07238109-52ed-4369-b16c-6f5844858b81___UF.GRC_BS_Lab Leaf 0447.JPG,256,256,1.0,136.08160400390625,35.68443298339844,782.2539672851562,7.041869860549408,134.9295196533203,138.6558074951172,125.84837341308594
PlantVillage Internal,D:\Tomato_Disease_Research\plantvillage\Tomato_Bacterial_spot\076ef17d-dfd3-4dbc-a351-a14eff1aecdb___UF.GRC_BS_Lab Leaf 8980.JPG,256,256,1.0,130.34695434570312,24.009708404541016,384.03533935546875,6.317341044970703,129.42193603515625,135.70204162597656,105.19906616210938
PlantVillage Internal,D:\Tomato_Disease_Research\plantvillage\Tomato_Bacterial_spot\087cec29-0b94-4fd0-9c29-92f50cc8155f___UF.GRC_BS_Lab Leaf 0289.JPG,256,256,1.0,122.56522369384766,30.47205352783203,343.72442626953125,6.676189276627802,120.34170532226562,125.88591003417969,111.29852294921875
PlantVillage Internal,D:\Tomato_Disease_Research\plantvillage\Tomato_Bacterial_spot\096c159e-7f45-404c-ba64-eecc7941ce23___GCREC_Bact.Sp 5675.JPG,256,256,1.0,101.93769836425781,30.959402084350586,558.3916015625,6.737867938878173,100.71054077148438,105.00755310058594,89.34925842285156
PlantVillage Internal,D:\Tomato_Disease_Research\plantvillage\Tomato_Bacterial_spot\0a1655ed-797c-4d1d-ba35-dc255d68a2ee___GCREC_Bact.Sp 3560.JPG,256,256,1.0,98.39386749267578,35.744441986083984,1363.730712890625,7.004455794289338,93.61692810058594,103.99510192871094,82.08140563964844
PlantVillage Internal,D:\Tomato_Disease_Research\plantvillage\Tomato_Bacterial_spot\0a6d40e4-75d6-4659-8bc1-22f47cdb2ca8___GCREC_Bact.Sp 6247.JPG,256,256,1.0,124.56063842773438,41.339359283447266,1400.7611083984375,7.214912576702748,117.89614868164062,128.82884216308594,120.06280517578125
PlantVillage Internal,D:\Tomato_Disease_Research\plantvillage\Tomato_Bacterial_spot\0ab41c2e-c6fc-4ef1-9ffb-ce1b241d32be___GCREC_Bact.Sp 3426.JPG,256,256,1.0,99.08564758300781,28.54693031311035,1017.2674560546875,6.744028091487732,96.36460876464844,102.07275390625,90.84147644042969
PlantVillage Internal,D:\Tomato_Disease_Research\plantvillage\Tomato_Bacterial_spot\0ad88d7a-c14a-4ac9-8520-c11a0ade3a8f___UF.GRC_BS_Lab Leaf 0996.JPG,256,256,1.0,111.98139190673828,31.04560661315918,1321.9688720703125,6.786727548727936,113.55886840820312,113.76438903808594,98.66302490234375
PlantVillage Internal,D:\Tomato_Disease_Research\plantvillage\Tomato_Bacterial_spot\0b37769a-a451-4507-a236-f46348e3a9ac___GCREC_Bact.Sp 3265.JPG,256,256,1.0,95.57219696044922,33.35660171508789,1084.768310546875,6.866509232328967,91.56472778320312,99.04783630371094,88.18650817871094
PlantVillage Internal,D:\Tomato_Disease_Research\plantvillage\Tomato_Bacterial_spot\0c2ee2f1-e725-4031-96ea-57e3b8b626b3___GCREC_Bact.Sp 5645.JPG,256,256,1.0,96.99240112304688,39.86659622192383,984.8355712890625,7.0845792377823145,95.13081359863281,100.28773498535156,84.90687561035156
PlantVillage Internal,D:\Tomato_Disease_Research\plantvillage\Tomato_Bacterial_spot\0ce4dee0-2d0c-4c25-a9b2-4abc5f9083db___GCREC_Bact.Sp 3708.JPG,256,256,1.0,112.58848571777344,32.619964599609375,2128.4228515625,6.928463830686178,110.75535583496094,114.90625,105.46197509765625
PlantVillage Internal,D:\Tomato_Disease_Research\plantvillage\Tomato_Bacterial_spot\0d227915-443b-402c-8a25-cc43434c4bb0___GCREC_Bact.Sp 5913.JPG,256,256,1.0,98.91949462890625,40.09870910644531,1547.1256103515625,7.044382043859397,97.35118103027344,101.02696228027344,92.18125915527344
PlantVillage Internal,D:\Tomato_Disease_Research\plantvillage\Tomato_Bacterial_spot\0de30b71-8bd0-4270-a65b-7ae8befdd765___GCREC_Bact.Sp 6360.JPG,256,256,1.0,100.31901550292969,27.726470947265625,1837.243896484375,6.711821406922796,93.56991577148438,105.15779113769531,93.10516357421875
PlantVillage Internal,D:\Tomato_Disease_Research\plantvillage\Tomato_Bacterial_spot\0f3160b6-4cd4-486f-b0cf-269e406c41b5___GCREC_Bact.Sp 3522.JPG,256,256,1.0,99.01060485839844,35.35651397705078,1989.8804931640625,7.010975582687136,94.88121032714844,101.99400329589844,94.47926330566406
PlantVillage Internal,D:\Tomato_Disease_Research\plantvillage\Tomato_Bacterial_spot\0f4ce5ef-5ecf-4c5d-b301-3b5a44e3a1c8___UF.GRC_BS_Lab Leaf 0408.JPG,256,256,1.0,115.1098403930664,31.431482315063477,542.760009765625,6.930308096251524,112.729736328125,120.22341918945312,95.02197265625
PlantVillage Internal,D:\Tomato_Disease_Research\plantvillage\Tomato_Bacterial_spot\0fe8eb74-5520-4870-a069-d4f54b99d719___GCREC_Bact.Sp 6330.JPG,256,256,1.0,97.22372436523438,41.16096115112305,1352.2105712890625,7.226232000715526,88.09870910644531,104.00694274902344,86.22920227050781
PlantVillage Internal,D:\Tomato_Disease_Research\plantvillage\Tomato_Bacterial_spot\10c418e8-59b3-4d9f-a22b-7762b538e758___UF.GRC_BS_Lab Leaf 0900.JPG,256,256,1.0,122.45426940917969,17.73835563659668,884.3770751953125,6.108580085807269,119.18052673339844,129.23004150390625,96.15138244628906
PlantVillage Internal,D:\Tomato_Disease_Research\plantvillage\Tomato_Bacterial_spot\111a63c7-6445-47a4-a0d6-9157fd82b804___UF.GRC_BS_Lab Leaf 0565.JPG,256,256,1.0,135.64401245117188,41.34033203125,334.09356689453125,7.136274007162333,135.49203491210938,139.02886962890625,118.61357116699219
PlantVillage Internal,D:\Tomato_Disease_Research\plantvillage\Tomato_Bacterial_spot\1169b92d-a606-4560-ae1a-ceee401fc959___GCREC_Bact.Sp 3447.JPG,256,256,1.0,100.2234115600586,33.35804748535156,797.3400268554688,6.746531766183424,94.84359741210938,103.73750305175781,96.23916625976562
PlantVillage Internal,D:\Tomato_Disease_Research\plantvillage\Tomato_Bacterial_spot\12071472-8b0f-494e-994e-8abff2082ec4___GCREC_Bact.Sp 6130.JPG,256,256,1.0,100.41093444824219,42.05031967163086,1780.794677734375,7.162930510856751,91.51927185058594,107.16926574707031,88.93252563476562
PlantVillage Internal,D:\Tomato_Disease_Research\plantvillage\Tomato_Bacterial_spot\12168e10-ea77-4d6b-841e-bfe48e141cee___GCREC_Bact.Sp 6085.JPG,256,256,1.0,106.18985748291016,37.369327545166016,1524.1060791015625,7.109317041635197,103.24943542480469,109.89598083496094,94.81867980957031
PlantVillage Internal,D:\Tomato_Disease_Research\plantvillage\Tomato_Bacterial_spot\1371d8ed-b95f-4dd0-834c-9f3a944ca8dd___GCREC_Bact.Sp 3463.JPG,256,256,1.0,95.9183349609375,36.84892654418945,717.076171875,6.811966314142758,90.59600830078125,99.81761169433594,89.79991149902344
PlantVillage Internal,D:\Tomato_Disease_Research\plantvillage\Tomato_Bacterial_spot\1406a6e5-8aab-44df-997a-6386c01dc086___GCREC_Bact.Sp 5974.JPG,256,256,1.0,105.27562713623047,38.19203567504883,623.0910034179688,6.956985404968853,102.06507873535156,108.2078857421875,98.59771728515625
PlantVillage Internal,D:\Tomato_Disease_Research\plantvillage\Tomato_Bacterial_spot\140ee344-ae36-403a-ace1-21d45f67ce57___GCREC_Bact.Sp 2969.JPG,256,256,1.0,114.25959777832031,44.487674713134766,1263.2271728515625,6.988625384091731,110.11672973632812,116.94921875,111.27638244628906
PlantVillage Internal,D:\Tomato_Disease_Research\plantvillage\Tomato_Bacterial_spot\16912266-6a1b-426c-9e58-2f0ff1a4e35a___UF.GRC_BS_Lab Leaf 8673.JPG,256,256,1.0,154.88592529296875,18.41518211364746,340.73095703125,6.025327442419315,151.72616577148438,161.5308380126953,128.95794677734375
PlantVillage Internal,D:\Tomato_Disease_Research\plantvillage\Tomato_Bacterial_spot\1737e7ba-181e-400c-ab66-7723468e277f___UF.GRC_BS_Lab Leaf 0348.JPG,256,256,1.0,121.51311492919922,26.45001220703125,166.31369018554688,6.633207894310112,118.62429809570312,126.28607177734375,104.51344299316406
PlantVillage Internal,D:\Tomato_Disease_Research\plantvillage\Tomato_Bacterial_spot\176ee70d-778e-4f49-a761-67271feff912___GCREC_Bact.Sp 5976.JPG,256,256,1.0,96.66056823730469,38.15462875366211,953.81201171875,6.813534555402468,91.81999206542969,100.06495666503906,91.8267822265625
PlantVillage Internal,D:\Tomato_Disease_Research\plantvillage\Tomato_Bacterial_spot\1917515d-7e2f-479c-afec-95b4d3ae07e8___GCREC_Bact.Sp 5607.JPG,256,256,1.0,98.1937484741211,41.06623840332031,927.5555419921875,7.015888525319511,98.79463195800781,100.07167053222656,86.94808959960938
PlantVillage Internal,D:\Tomato_Disease_Research\plantvillage\Tomato_Bacterial_spot\19969ddc-0cdd-42f6-bbc4-351752a7ccec___GCREC_Bact.Sp 3428.JPG,256,256,1.0,103.77992248535156,31.535255432128906,849.3504638671875,6.77916950607225,99.825439453125,107.55877685546875,94.6939697265625
PlantVillage Internal,D:\Tomato_Disease_Research\plantvillage\Tomato_Bacterial_spot\1a067cc9-cf70-41a5-a51c-aa0f6b8a936d___UF.GRC_BS_Lab Leaf 0327.JPG,256,256,1.0,100.55747985839844,28.313636779785156,434.79962158203125,6.838463754407723,99.79254150390625,105.87193298339844,75.198974609375
PlantVillage Internal,D:\Tomato_Disease_Research\plantvillage\Tomato_Bacterial_spot\1a83cb1d-6e47-4caf-931f-61ecad37dca4___GCREC_Bact.Sp 6167.JPG,256,256,1.0,107.01004028320312,29.175626754760742,1242.291748046875,6.776033123757921,101.47636413574219,111.81533813476562,96.78073120117188
PlantVillage Internal,D:\Tomato_Disease_Research\plantvillage\Tomato_Bacterial_spot\1ac8d300-077c-43dc-8685-83ac695e07b4___GCREC_Bact.Sp 3672.JPG,256,256,1.0,111.52944946289062,25.737646102905273,2286.48046875,6.714423733756252,112.78633117675781,113.66168212890625,97.25379943847656
PlantVillage Internal,D:\Tomato_Disease_Research\plantvillage\Tomato_Bacterial_spot\1addf690-441a-40c5-b1e7-c618a8af1f40___GCREC_Bact.Sp 3744.JPG,256,256,1.0,94.79220581054688,27.1341552734375,1681.5816650390625,6.738250922412626,93.37466430664062,96.9757080078125,87.26698303222656
PlantVillage Internal,D:\Tomato_Disease_Research\plantvillage\Tomato_Bacterial_spot\1aeee055-1c5f-4aab-a4af-bfe860f7dc46___GCREC_Bact.Sp 3034.JPG,256,256,1.0,96.68107604980469,36.76549530029297,994.6126708984375,6.891632467622385,93.52072143554688,100.58540344238281,84.86619567871094
PlantVillage Internal,D:\Tomato_Disease_Research\plantvillage\Tomato_Bacterial_spot\1afcd540-c746-4c02-8611-686ec35caaf5___GCREC_Bact.Sp 5654.JPG,256,256,1.0,109.01451110839844,31.547649383544922,1307.029052734375,6.8841629920755,115.9376220703125,109.30766296386719,89.3470458984375
PlantVillage Internal,D:\Tomato_Disease_Research\plantvillage\Tomato_Bacterial_spot\1cdfa566-3dc1-4be4-8ec9-91fd300ac06d___GCREC_Bact.Sp 3468.JPG,256,256,1.0,94.52407836914062,28.835405349731445,709.996826171875,6.704022077316278,90.47770690917969,97.81233215332031,88.20529174804688
PlantVillage Internal,D:\Tomato_Disease_Research\plantvillage\Tomato_Bacterial_spot\1d6494e5-d659-47f2-a854-95f7633f8018___GCREC_Bact.Sp 6102.JPG,256,256,1.0,109.43896484375,34.32724380493164,941.8912353515625,7.00526229064006,101.728759765625,115.31668090820312,99.39622497558594
PlantVillage Internal,D:\Tomato_Disease_Research\plantvillage\Tomato_Bacterial_spot\1e0582c9-3b55-4aaf-b63b-f223c13eac86___GCREC_Bact.Sp 5571.JPG,256,256,1.0,96.05276489257812,38.04348373413086,648.25732421875,6.8957467600964595,94.10575866699219,98.91119384765625,86.44099426269531
PlantVillage Internal,D:\Tomato_Disease_Research\plantvillage\Tomato_Bacterial_spot\1eca836c-208e-40a8-a69c-fb7232d92368___GCREC_Bact.Sp 6110.JPG,256,256,1.0,105.59151458740234,39.45944595336914,1618.6080322265625,7.154937189628927,99.46926879882812,110.59565734863281,95.88198852539062
PlantVillage Internal,D:\Tomato_Disease_Research\plantvillage\Tomato_Bacterial_spot\21833eb1-b84e-4471-816b-166e575ed0e7___GCREC_Bact.Sp 3244.JPG,256,256,1.0,111.27692413330078,24.787757873535156,1215.311767578125,6.600240239919975,114.97787475585938,113.11273193359375,92.11726379394531
PlantVillage Internal,D:\Tomato_Disease_Research\plantvillage\Tomato_Bacterial_spot\225a427b-3e65-45fc-aaa4-1210fb81c20e___GCREC_Bact.Sp 3457.JPG,256,256,1.0,101.60124969482422,40.526851654052734,1045.9246826171875,6.986581901324623,97.32579040527344,104.72547912597656,96.72789001464844
PlantVillage Internal,D:\Tomato_Disease_Research\plantvillage\Tomato_Bacterial_spot\228ee04a-62e3-4fad-a457-62eb8b1472ee___UF.GRC_BS_Lab Leaf 0436.JPG,256,256,1.0,126.17061614990234,25.66741943359375,768.5950927734375,6.4411056883064575,125.81471252441406,128.22979736328125,116.50111389160156
PlantVillage Internal,D:\Tomato_Disease_Research\plantvillage\Tomato_Bacterial_spot\2290365c-ec97-46fb-bc6c-51395d458821___GCREC_Bact.Sp 5937.JPG,256,256,1.0,99.76566314697266,33.941410064697266,952.515869140625,6.913383622857726,96.99142456054688,102.54182434082031,92.7471923828125
PlantVillage Internal,D:\Tomato_Disease_Research\plantvillage\Tomato_Bacterial_spot\24408a22-6358-438e-99a1-729ea90726ad___GCREC_Bact.Sp 3645.JPG,256,256,1.0,118.45896911621094,32.4424934387207,1118.589599609375,6.925568037616822,114.16557312011719,121.14950561523438,115.86579895019531
PlantVillage Internal,D:\Tomato_Disease_Research\plantvillage\Tomato_Bacterial_spot\2471c3d8-c8b2-4e2a-9943-afb84ed48a35___GCREC_Bact.Sp 3198.JPG,256,256,1.0,100.7542724609375,33.158512115478516,576.4940185546875,6.695653287238181,96.36195373535156,104.80133056640625,91.43563842773438
PlantVillage Internal,D:\Tomato_Disease_Research\plantvillage\Tomato_Bacterial_spot\256051f1-8e69-4f2b-b4d5-400fccb18623___GCREC_Bact.Sp 3313.JPG,256,256,1.0,94.1857681274414,40.290794372558594,684.447021484375,6.914207029851172,88.96501159667969,97.64620971679688,90.06057739257812
PlantVillage Internal,D:\Tomato_Disease_Research\plantvillage\Tomato_Bacterial_spot\2642e2b0-d2d8-49ea-b9c3-44133f863169___GCREC_Bact.Sp 5660.JPG,256,256,1.0,104.92605590820312,31.297256469726562,1002.8407592773438,6.858907071347932,108.54696655273438,106.82496643066406,85.65141296386719
PlantVillage Internal,D:\Tomato_Disease_Research\plantvillage\Tomato_Bacterial_spot\268422eb-2e4a-433b-bad2-d5e63a5e765d___GCREC_Bact.Sp 3466.JPG,256,256,1.0,95.20450592041016,34.99714660644531,1170.704833984375,6.859575802570978,91.23558044433594,98.48521423339844,88.72145080566406
PlantVillage Internal,D:\Tomato_Disease_Research\plantvillage\Tomato_Bacterial_spot\2693b1a4-a4a2-4c40-a775-75b640e50b01___GCREC_Bact.Sp 5798.JPG,256,256,1.0,102.76204681396484,41.21298599243164,882.484375,6.918975111343755,101.12892150878906,104.42973327636719,98.45829772949219
PlantVillage Internal,D:\Tomato_Disease_Research\plantvillage\Tomato_Bacterial_spot\27753ef8-a51a-4414-970d-c26419c6e13a___GCREC_Bact.Sp 3252.JPG,256,256,1.0,100.03887176513672,37.88972854614258,822.8966064453125,6.964468148258974,94.7225341796875,103.28022766113281,97.29248046875
PlantVillage Internal,D:\Tomato_Disease_Research\plantvillage\Tomato_Bacterial_spot\277f9f6d-07b0-4687-afef-ebf67e227e96___GCREC_Bact.Sp 6364.JPG,256,256,1.0,100.38055419921875,30.151742935180664,1411.014404296875,6.79302539910778,91.31549072265625,106.72528076171875,91.48672485351562
PlantVillage Internal,D:\Tomato_Disease_Research\plantvillage\Tomato_Bacterial_spot\27ebdaaa-b432-4d4a-b404-a04e58a46f44___GCREC_Bact.Sp 6025.JPG,256,256,1.0,97.98959350585938,34.298919677734375,510.57855224609375,6.814731407862452,94.44239807128906,101.24699401855469,90.52041625976562
PlantVillage Internal,D:\Tomato_Disease_Research\plantvillage\Tomato_Bacterial_spot\2a377230-f904-4646-95da-76e242051242___GCREC_Bact.Sp 3085.JPG,256,256,1.0,104.54374694824219,37.86091613769531,1157.306396484375,6.9868041887908205,101.84271240234375,107.83686828613281,94.67138671875
PlantVillage Internal,D:\Tomato_Disease_Research\plantvillage\Tomato_Bacterial_spot\2b77473d-c669-4e5e-bf26-c1d32c800001___GCREC_Bact.Sp 3005.JPG,256,256,1.0,100.06141662597656,35.54432678222656,815.951171875,6.842350990025481,94.38983154296875,104.16862487792969,93.78839111328125
PlantVillage Internal,D:\Tomato_Disease_Research\plantvillage\Tomato_Bacterial_spot\2c0d4b4f-d53f-4acc-bc40-ae766236b526___UF.GRC_BS_Lab Leaf 9298.JPG,256,256,1.0,115.093505859375,28.282487869262695,301.7054443359375,6.711336820391695,111.5045166015625,120.67927551269531,95.74497985839844
PlantVillage Internal,D:\Tomato_Disease_Research\plantvillage\Tomato_Bacterial_spot\2c8b59b4-05b2-4234-aa0d-15a52e624e52___GCREC_Bact.Sp 3027.JPG,256,256,1.0,106.14794158935547,35.12813186645508,1239.274169921875,6.879935113967563,102.10334777832031,108.92723083496094,102.44522094726562
PlantVillage Internal,D:\Tomato_Disease_Research\plantvillage\Tomato_Bacterial_spot\2cafa053-4dd6-4528-bb4f-53e4afeecefe___GCREC_Bact.Sp 2968.JPG,256,256,1.0,113.6274185180664,36.86811065673828,263.48931884765625,7.0286569088989514,110.47042846679688,115.94375610351562,109.98051452636719
PlantVillage Internal,D:\Tomato_Disease_Research\plantvillage\Tomato_Bacterial_spot\2cd0bf74-c7ca-4b2f-87e4-1ba003e8b944___GCREC_Bact.Sp 3414.JPG,256,256,1.0,99.56503295898438,30.75703239440918,712.1341552734375,6.69825909095921,95.15382385253906,103.4681396484375,91.03718566894531
PlantVillage Internal,D:\Tomato_Disease_Research\plantvillage\Tomato_Bacterial_spot\2e917b6c-8617-419d-b54e-2e5222d88e09___UF.GRC_BS_Lab Leaf 8938.JPG,256,256,1.0,122.33954620361328,33.916866302490234,338.6995849609375,7.018841871009881,123.42385864257812,129.06069946289062,84.88758850097656
PlantVillage Internal,D:\Tomato_Disease_Research\plantvillage\Tomato_Bacterial_spot\2fa6fe6b-a7dc-471e-a878-b8d8e0121126___GCREC_Bact.Sp 3159.JPG,256,256,1.0,102.07632446289062,39.18753433227539,1043.5816650390625,6.878308009594885,99.39401245117188,105.14436340332031,93.3138427734375
PlantVillage Internal,D:\Tomato_Disease_Research\plantvillage\Tomato_Bacterial_spot\2fb3c629-42bc-4027-8f7b-505ce5e0c211___GCREC_Bact.Sp 3460.JPG,256,256,1.0,87.81275939941406,32.36558532714844,873.2949829101562,6.824654159252987,81.9498291015625,91.82051086425781,82.55374145507812
PlantVillage Internal,D:\Tomato_Disease_Research\plantvillage\Tomato_Bacterial_spot\2fd17140-f483-4f98-9d08-fc9e57b355e1___GCREC_Bact.Sp 6269.JPG,256,256,1.0,92.62945556640625,36.50492858886719,2123.771240234375,7.079928064617901,86.2203369140625,97.99893188476562,81.79121398925781
PlantVillage Internal,D:\Tomato_Disease_Research\plantvillage\Tomato_Bacterial_spot\305e943b-26f0-470a-83e1-3c2c05bac687___GCREC_Bact.Sp 5887.JPG,256,256,1.0,100.74490356445312,35.71940994262695,876.3026123046875,6.822185687378596,97.15798950195312,104.5733642578125,90.43942260742188
PlantVillage Internal,D:\Tomato_Disease_Research\plantvillage\Tomato_Bacterial_spot\32231fc1-ec78-45c6-9c7a-8412a7e38a25___GCREC_Bact.Sp 6143.JPG,256,256,1.0,112.6748046875,34.42302703857422,865.6572265625,6.8410207536244885,106.24801635742188,117.02775573730469,107.11714172363281
PlantVillage Internal,D:\Tomato_Disease_Research\plantvillage\Tomato_Bacterial_spot\325d6d7f-c30b-43a3-8714-74b9cee673b0___GCREC_Bact.Sp 5984.JPG,256,256,1.0,97.38645935058594,43.6868782043457,1505.2843017578125,7.041511071699231,93.66326904296875,100.02357482910156,93.57290649414062
PlantVillage Internal,D:\Tomato_Disease_Research\plantvillage\Tomato_Bacterial_spot\3423b48a-9ded-4b8f-b552-1121e156f932___GCREC_Bact.Sp 5894.JPG,256,256,1.0,105.17596435546875,28.000484466552734,469.67431640625,6.714388287706007,101.18736267089844,109.3421630859375,94.18501281738281
PlantVillage Internal,D:\Tomato_Disease_Research\plantvillage\Tomato_Bacterial_spot\355edec8-e1bd-4f57-afa3-cbf03c2f06b1___GCREC_Bact.Sp 3353.JPG,256,256,1.0,114.03666687011719,30.278701782226562,1812.57275390625,6.853313028381109,117.260986328125,115.96272277832031,95.66239929199219
PlantVillage Internal,D:\Tomato_Disease_Research\plantvillage\Tomato_Bacterial_spot\372d40b5-aac9-43d3-b9e7-08d52467622c___GCREC_Bact.Sp 6215.JPG,256,256,1.0,101.81063842773438,41.03948974609375,1909.244384765625,7.191734819633826,96.45042419433594,105.7354736328125,95.65994262695312
PlantVillage Internal,D:\Tomato_Disease_Research\plantvillage\Tomato_Bacterial_spot\37d9751a-27aa-4771-a131-5411a43028f5___GCREC_Bact.Sp 3470.JPG,256,256,1.0,104.65361022949219,33.04008865356445,2639.4833984375,7.0053576312425525,104.36882019042969,107.29385375976562,91.80561828613281
PlantVillage Internal,D:\Tomato_Disease_Research\plantvillage\Tomato_Bacterial_spot\38f440f1-c527-4d22-abf0-61bc2effa58b___GCREC_Bact.Sp 2946.JPG,256,256,1.0,104.71428680419922,39.493648529052734,917.5744018554688,6.87121743562097,101.64773559570312,107.15827941894531,100.17288208007812
PlantVillage Internal,D:\Tomato_Disease_Research\plantvillage\Tomato_Bacterial_spot\3926a14d-ed26-4c2b-9dcc-a15370eae355___GCREC_Bact.Sp 5647.JPG,256,256,1.0,91.52935791015625,46.19620895385742,592.8474731445312,6.977977967421781,89.44432067871094,93.73269653320312,85.65274047851562
PlantVillage Internal,D:\Tomato_Disease_Research\plantvillage\Tomato_Bacterial_spot\393946a5-3f5d-4ed3-af1f-fcb7647b369d___GCREC_Bact.Sp 6190.JPG,256,256,1.0,124.12901306152344,46.63620376586914,1046.1917724609375,7.249694889020601,116.24679565429688,129.40863037109375,117.61709594726562
PlantVillage Internal,D:\Tomato_Disease_Research\plantvillage\Tomato_Bacterial_spot\3a9b39fb-47f0-4a36-b80d-9cea0c9ff58b___GCREC_Bact.Sp 6173.JPG,256,256,1.0,100.95736694335938,30.2230281829834,1298.0970458984375,6.88625673483599,88.03988647460938,109.45608520507812,91.07649230957031
PlantVillage Internal,D:\Tomato_Disease_Research\plantvillage\Tomato_Bacterial_spot\3aa68bda-a2db-4986-a260-3acde7bbceda___GCREC_Bact.Sp 5603.JPG,256,256,1.0,103.18470764160156,39.86228561401367,692.9668579101562,6.942002018832243,102.46952819824219,105.0362548828125,95.52664184570312
PlantVillage Internal,D:\Tomato_Disease_Research\plantvillage\Tomato_Bacterial_spot\3b41dc98-4539-4b3d-9400-2867156db0fc___GCREC_Bact.Sp 3483.JPG,256,256,1.0,95.56208038330078,36.42757034301758,1161.0738525390625,6.856368326352811,90.94731140136719,98.79640197753906,91.01185607910156
PlantVillage Internal,D:\Tomato_Disease_Research\plantvillage\Tomato_Bacterial_spot\3cd5b241-d5f1-4ae7-92ea-447613dac98a___GCREC_Bact.Sp 3561.JPG,256,256,1.0,105.10902404785156,34.95563888549805,1656.301025390625,7.0321548607838125,99.54196166992188,111.30250549316406,87.81932067871094
PlantVillage Internal,D:\Tomato_Disease_Research\plantvillage\Tomato_Bacterial_spot\3f71f836-8ffa-4bf7-98f7-e5cff0887fe1___GCREC_Bact.Sp 3814.JPG,256,256,1.0,105.5172119140625,31.628799438476562,1694.442138671875,6.936674531027792,106.74359130859375,107.19682312011719,93.65214538574219
PlantVillage Internal,D:\Tomato_Disease_Research\plantvillage\Tomato_Bacterial_spot\405e216e-b24f-4688-bd81-09de831eaada___UF.GRC_BS_Lab Leaf 0329.JPG,256,256,1.0,117.76742553710938,25.417938232421875,404.7016906738281,6.541239132600555,114.66523742675781,123.42031860351562,96.79643249511719
PlantVillage Internal,D:\Tomato_Disease_Research\plantvillage\Tomato_Bacterial_spot\411860f2-2474-462d-83ea-ab11e3f5afe6___GCREC_Bact.Sp 3373.JPG,256,256,1.0,107.568603515625,38.28731155395508,987.1109619140625,6.906846946357288,104.19241333007812,109.90057373046875,104.41607666015625
PlantVillage Internal,D:\Tomato_Disease_Research\plantvillage\Tomato_Bacterial_spot\417a1a4c-18d5-449e-995c-1512f7cdcd41___GCREC_Bact.Sp 6367.JPG,256,256,1.0,101.771484375,33.338478088378906,1314.9190673828125,6.973762574825024,97.08209228515625,105.51860046386719,94.77647399902344
PlantVillage Internal,D:\Tomato_Disease_Research\plantvillage\Tomato_Bacterial_spot\431d6abc-9adb-4454-a3c6-e6b6a3ec79db___GCREC_Bact.Sp 6045.JPG,256,256,1.0,106.90914916992188,31.000356674194336,1475.6728515625,6.893539164638961,107.31466674804688,108.87283325195312,95.73428344726562
PlantVillage Internal,D:\Tomato_Disease_Research\plantvillage\Tomato_Bacterial_spot\43b71f8a-175a-4847-a2c8-69c7d2f59f10___GCREC_Bact.Sp 3476.JPG,256,256,1.0,95.84880065917969,28.89932632446289,1977.1796875,6.832931850304264,93.82890319824219,98.2569580078125,88.74668884277344
PlantVillage Internal,D:\Tomato_Disease_Research\plantvillage\Tomato_Bacterial_spot\43d79893-c9e3-49b1-9dd7-52677d9bd325___GCREC_Bact.Sp 3196.JPG,256,256,1.0,107.83218383789062,33.5261116027832,1245.607666015625,6.857153188799758,105.320068359375,110.28640747070312,101.78392028808594
PlantVillage Internal,D:\Tomato_Disease_Research\plantvillage\Tomato_Bacterial_spot\45b562f0-a975-4c93-a705-699d7cc977bc___GCREC_Bact.Sp 5733.JPG,256,256,1.0,96.28467559814453,36.31425476074219,813.6676025390625,6.834265190299778,91.80213928222656,99.72850036621094,90.30885314941406
PlantVillage Internal,D:\Tomato_Disease_Research\plantvillage\Tomato_Bacterial_spot\47a3c2c9-1f3b-4d42-8857-cfc714042c2a___UF.GRC_BS_Lab Leaf 8631.JPG,256,256,1.0,107.08356475830078,19.379291534423828,279.7076416015625,6.252818541638898,105.18006896972656,111.81027221679688,87.73760986328125
PlantVillage Internal,D:\Tomato_Disease_Research\plantvillage\Tomato_Bacterial_spot\486fec1f-c2fe-4aab-9e88-46ad54ebdbea___GCREC_Bact.Sp 5995.JPG,256,256,1.0,97.7098617553711,41.190433502197266,1010.0145263671875,6.9670164789944025,94.86848449707031,99.97625732421875,93.49235534667969
PlantVillage Internal,D:\Tomato_Disease_Research\plantvillage\Tomato_Bacterial_spot\48ea939e-918d-4cc2-8285-267811f84914___GCREC_Bact.Sp 3634.JPG,256,256,1.0,100.36569213867188,27.104475021362305,1560.94189453125,6.7540977972250635,96.36526489257812,103.54347229003906,94.49522399902344
PlantVillage Internal,D:\Tomato_Disease_Research\plantvillage\Tomato_Bacterial_spot\4990878e-265e-4dad-98cf-ce60fb67035b___GCREC_Bact.Sp 3479.JPG,256,256,1.0,92.76852416992188,36.96635055541992,777.2486572265625,6.845097553871309,86.51373291015625,96.72077941894531,88.822998046875
PlantVillage Internal,D:\Tomato_Disease_Research\plantvillage\Tomato_Bacterial_spot\49bfc0c9-1a64-4a1b-8a52-50d0df72e140___GCREC_Bact.Sp 3817.JPG,256,256,1.0,94.27915954589844,27.049938201904297,544.45361328125,6.703832760341834,93.60772705078125,97.31277465820312,80.41969299316406
PlantVillage Internal,D:\Tomato_Disease_Research\plantvillage\Tomato_Bacterial_spot\49c04c82-89d6-480e-96a3-d74a14b717b3___GCREC_Bact.Sp 3274.JPG,256,256,1.0,102.0599594116211,32.84029769897461,877.47265625,6.813746218713385,99.81326293945312,103.97103881835938,98.11221313476562
PlantVillage Internal,D:\Tomato_Disease_Research\plantvillage\Tomato_Bacterial_spot\49c34c1b-08a8-4bdd-a933-0eb4daff5f97___GCREC_Bact.Sp 3501.JPG,256,256,1.0,101.14945983886719,30.128944396972656,1264.737548828125,6.818418462938647,95.16592407226562,105.55180358886719,94.17491149902344
PlantVillage Internal,D:\Tomato_Disease_Research\plantvillage\Tomato_Bacterial_spot\4bd24403-eb33-4848-b47e-39e4d48333fa___GCREC_Bact.Sp 3713.JPG,256,256,1.0,109.3559341430664,28.729135513305664,2042.0048828125,6.823218672814578,111.54812622070312,109.52497863769531,102.73574829101562
PlantVillage Internal,D:\Tomato_Disease_Research\plantvillage\Tomato_Bacterial_spot\4cc672a5-b8d1-4f05-b95f-333e72fa6205___GCREC_Bact.Sp 5997.JPG,256,256,1.0,93.87420654296875,34.12758255004883,542.3976440429688,6.8937434137416345,92.90919494628906,95.15542602539062,89.80807495117188
PlantVillage Internal,D:\Tomato_Disease_Research\plantvillage\Tomato_Bacterial_spot\4d036bc9-ce94-4da8-af1b-564b2846fbf8___GCREC_Bact.Sp 5789.JPG,256,256,1.0,103.75636291503906,34.93890380859375,1247.151123046875,6.980376049583047,105.16798400878906,105.51026916503906,91.02290344238281
PlantVillage Internal,D:\Tomato_Disease_Research\plantvillage\Tomato_Bacterial_spot\4da52d81-c129-4638-9fb5-2b412130ed05___GCREC_Bact.Sp 3475.JPG,256,256,1.0,115.44874572753906,35.053863525390625,1714.2509765625,6.948003490553076,113.64280700683594,117.49989318847656,109.62376403808594
PlantVillage Internal,D:\Tomato_Disease_Research\plantvillage\Tomato_Bacterial_spot\4ef7faee-a40b-4f02-9ecb-d660ed0fd708___GCREC_Bact.Sp 6322.JPG,256,256,1.0,93.36927795410156,33.70509338378906,1744.2789306640625,7.069012485133828,88.09101867675781,97.15611267089844,87.71429443359375
PlantVillage Internal,D:\Tomato_Disease_Research\plantvillage\Tomato_Bacterial_spot\4f107108-ac41-4921-b933-4e041604de61___GCREC_Bact.Sp 5579.JPG,256,256,1.0,100.97528076171875,40.11040115356445,448.77398681640625,6.949124633137247,98.74079895019531,103.77021789550781,92.4444580078125
PlantVillage Internal,D:\Tomato_Disease_Research\plantvillage\Tomato_Bacterial_spot\50396b93-07af-41f8-bd0c-9d5068e1699e___GCREC_Bact.Sp 5662.JPG,256,256,1.0,90.82766723632812,27.95490264892578,194.6427459716797,6.757674611733723,94.79095458984375,92.70109558105469,70.78619384765625
PlantVillage Internal,D:\Tomato_Disease_Research\plantvillage\Tomato_Bacterial_spot\51f50a63-acca-45b3-866a-95e339e08e91___GCREC_Bact.Sp 3319.JPG,256,256,1.0,104.50320434570312,28.88736343383789,1304.2049560546875,6.772411679038102,107.49302673339844,105.46078491210938,91.73074340820312
PlantVillage Internal,D:\Tomato_Disease_Research\plantvillage\Tomato_Bacterial_spot\52a7b480-2795-4a77-b301-1df31e4e4718___GCREC_Bact.Sp 6118.JPG,256,256,1.0,105.43193054199219,27.08416748046875,968.8642578125,6.714828572970649,101.31013488769531,110.68283081054688,89.20503234863281
PlantVillage Internal,D:\Tomato_Disease_Research\plantvillage\Tomato_Bacterial_spot\53a586ef-8136-4f96-929e-f51c590a628c___UF.GRC_BS_Lab Leaf 0769.JPG,256,256,1.0,113.47377014160156,45.273521423339844,868.2625732421875,7.334296015105851,115.09623718261719,116.48521423339844,93.71197509765625
PlantVillage Internal,D:\Tomato_Disease_Research\plantvillage\Tomato_Bacterial_spot\53fbf33e-78a4-4e56-862b-69b2eed0d72e___GCREC_Bact.Sp 3047.JPG,256,256,1.0,99.70364379882812,39.64635467529297,651.1448364257812,6.906736447047017,95.11593627929688,103.22073364257812,93.62637329101562
PlantVillage Internal,D:\Tomato_Disease_Research\plantvillage\Tomato_Bacterial_spot\54f6ee80-e418-4320-b8bc-789e702c4b14___GCREC_Bact.Sp 6328.JPG,256,256,1.0,104.83818054199219,43.26396560668945,712.290771484375,7.122254151439597,96.13265991210938,111.32514953613281,94.26881408691406
PlantVillage Internal,D:\Tomato_Disease_Research\plantvillage\Tomato_Bacterial_spot\5512c9ea-9177-4860-8035-c4f8b2025693___GCREC_Bact.Sp 5651.JPG,256,256,1.0,111.4835433959961,29.053607940673828,1001.3649291992188,6.756097905767875,118.33419799804688,111.84857177734375,91.63604736328125
PlantVillage Internal,D:\Tomato_Disease_Research\plantvillage\Tomato_Bacterial_spot\55b8b2b8-0967-441a-9524-9c4cdfe6db46___GCREC_Bact.Sp 3075.JPG,256,256,1.0,103.86280059814453,36.92459487915039,1014.3486938476562,6.854927185421648,100.50283813476562,106.55978393554688,98.78822326660156
PlantVillage Internal,D:\Tomato_Disease_Research\plantvillage\Tomato_Bacterial_spot\5b65716f-ed7d-42cc-b9b6-c7712782f366___UF.GRC_BS_Lab Leaf 9230.JPG,256,256,1.0,136.9075927734375,27.54775047302246,170.65866088867188,6.708659092863177,136.08651733398438,143.3977813720703,105.642333984375
PlantVillage Internal,D:\Tomato_Disease_Research\plantvillage\Tomato_Bacterial_spot\5bbb489c-d164-4e67-a965-6ab33a754d3f___GCREC_Bact.Sp 3016.JPG,256,256,1.0,102.6055679321289,31.8710994720459,857.2752685546875,6.659747179648336,99.52883911132812,105.86874389648438,93.87277221679688
PlantVillage Internal,D:\Tomato_Disease_Research\plantvillage\Tomato_Bacterial_spot\5c04a777-eb5c-4864-9c18-bc39d0c4dd2a___GCREC_Bact.Sp 5969.JPG,256,256,1.0,96.4690933227539,31.030656814575195,516.9351196289062,6.732212531601912,92.30014038085938,99.93528747558594,89.55557250976562
PlantVillage Internal,D:\Tomato_Disease_Research\plantvillage\Tomato_Bacterial_spot\5e802218-06bd-4542-b310-ca99753a5a83___GCREC_Bact.Sp 5933.JPG,256,256,1.0,97.0234375,39.647823333740234,887.4290161132812,7.043946646687843,92.34844970703125,100.68727111816406,90.41946411132812
PlantVillage Internal,D:\Tomato_Disease_Research\plantvillage\Tomato_Bacterial_spot\5ebe2915-f288-47f8-ae67-2ab2c99a8c54___GCREC_Bact.Sp 3430.JPG,256,256,1.0,105.22772216796875,36.863895416259766,1280.033447265625,6.976893826713816,104.20108032226562,107.76416015625,94.86003112792969
PlantVillage Internal,D:\Tomato_Disease_Research\plantvillage\Tomato_Bacterial_spot\602448f7-1b22-4675-a26a-3024bf147348___GCREC_Bact.Sp 6155.JPG,256,256,1.0,106.23057556152344,32.1429557800293,1082.948486328125,6.86684510818156,101.29730224609375,111.05409240722656,94.33265686035156
PlantVillage Internal,D:\Tomato_Disease_Research\plantvillage\Tomato_Bacterial_spot\606ad875-f0db-4725-8b4d-d046b6a1405f___GCREC_Bact.Sp 6228.JPG,256,256,1.0,107.21797180175781,35.95299530029297,1742.485595703125,7.145701494230435,100.52955627441406,112.48536682128906,97.63784790039062
PlantVillage Internal,D:\Tomato_Disease_Research\plantvillage\Tomato_Bacterial_spot\61a05330-1086-4891-8482-3f422ff59492___GCREC_Bact.Sp 3429.JPG,256,256,1.0,103.03512573242188,34.568077087402344,1453.038818359375,6.979182075072995,99.18789672851562,106.92213439941406,93.11103820800781
PlantVillage Internal,D:\Tomato_Disease_Research\plantvillage\Tomato_Bacterial_spot\631fcec5-39db-474a-a929-097718ad2162___GCREC_Bact.Sp 3327.JPG,256,256,1.0,115.91230773925781,25.535179138183594,1567.244384765625,6.620364659645409,120.62664794921875,116.92076110839844,98.35494995117188
PlantVillage Internal,D:\Tomato_Disease_Research\plantvillage\Tomato_Bacterial_spot\6322dd1e-a6fa-462c-b985-1f9188da0d95___GCREC_Bact.Sp 5972.JPG,256,256,1.0,89.45893859863281,36.70806884765625,516.4542236328125,6.9016342308830625,85.09579467773438,93.20039367675781,81.63742065429688
PlantVillage Internal,D:\Tomato_Disease_Research\plantvillage\Tomato_Bacterial_spot\6423c12d-7802-4fd0-92d3-2f5438f22418___UF.GRC_BS_Lab Leaf 9152.JPG,256,256,1.0,118.61200714111328,26.08799934387207,379.6004943847656,6.6785553757175675,119.21449279785156,125.48101806640625,81.66249084472656
PlantVillage Internal,D:\Tomato_Disease_Research\plantvillage\Tomato_Bacterial_spot\64d5ec90-b356-4ce8-9ad4-2a152d98782e___GCREC_Bact.Sp 5557.JPG,256,256,1.0,91.55105590820312,32.60871124267578,657.6349487304688,6.827456973836079,86.24435424804688,96.14291381835938,81.82546997070312
PlantVillage Internal,D:\Tomato_Disease_Research\plantvillage\Tomato_Bacterial_spot\659908ff-205b-4fd1-af8b-5b2c11b56adf___GCREC_Bact.Sp 3139.JPG,256,256,1.0,103.08180236816406,37.66217041015625,1409.7725830078125,6.968128282004336,100.36286926269531,105.7030029296875,96.71617126464844
PlantVillage Internal,D:\Tomato_Disease_Research\plantvillage\Tomato_Bacterial_spot\666a5368-e53d-41f2-8fee-4a85f1257b8c___GCREC_Bact.Sp 3163.JPG,256,256,1.0,97.49125671386719,36.47465896606445,1274.003173828125,6.9882554642712424,91.98672485351562,101.82557678222656,89.61061096191406
PlantVillage Internal,D:\Tomato_Disease_Research\plantvillage\Tomato_Bacterial_spot\66ba68aa-9004-44d8-91f9-e3bd1de3a183___GCREC_Bact.Sp 5548.JPG,256,256,1.0,95.43214416503906,39.81806945800781,1081.041259765625,6.9765000215475865,92.02737426757812,98.85939025878906,86.7149658203125
PlantVillage Internal,D:\Tomato_Disease_Research\plantvillage\Tomato_Bacterial_spot\68bc253e-0c0f-4180-8f86-13048c04b26e___GCREC_Bact.Sp 6088.JPG,256,256,1.0,98.60890197753906,41.603363037109375,748.8495483398438,7.092399315154664,95.63941955566406,102.2332763671875,87.7349853515625
PlantVillage Internal,D:\Tomato_Disease_Research\plantvillage\Tomato_Bacterial_spot\6a309da1-f8f4-404f-afb3-f07482a19282___UF.GRC_BS_Lab Leaf 9049.JPG,256,256,1.0,105.36265563964844,26.49609375,323.565673828125,6.685394214653485,105.39775085449219,112.51762390136719,68.42877197265625
PlantVillage Internal,D:\Tomato_Disease_Research\plantvillage\Tomato_Bacterial_spot\6b30245b-6c88-4cdb-b170-96bcba1212c4___UF.GRC_BS_Lab Leaf 8765.JPG,256,256,1.0,130.30384826660156,26.99535369873047,303.12628173828125,6.696865886395609,131.53140258789062,138.7586212158203,83.54954528808594
PlantVillage Internal,D:\Tomato_Disease_Research\plantvillage\Tomato_Bacterial_spot\6b463262-379a-4694-affa-1030a9f4c087___GCREC_Bact.Sp 3366.JPG,256,256,1.0,104.06053161621094,38.213111877441406,998.37060546875,6.9211841433483805,100.20980834960938,106.90818786621094,99.49726867675781
PlantVillage Internal,D:\Tomato_Disease_Research\plantvillage\Tomato_Bacterial_spot\6c07fb76-06d2-4f7d-8531-7c01485b98d4___GCREC_Bact.Sp 3782.JPG,256,256,1.0,98.6727523803711,27.841083526611328,1387.8062744140625,6.804619622763126,97.16580200195312,101.78459167480469,86.60195922851562
PlantVillage Internal,D:\Tomato_Disease_Research\plantvillage\Tomato_Bacterial_spot\6d5932e3-485c-40c0-8236-94c771fa9154___GCREC_Bact.Sp 5981.JPG,256,256,1.0,91.00669860839844,32.09096145629883,1063.54345703125,6.867917052392039,88.1085205078125,93.84071350097656,84.01536560058594
PlantVillage Internal,D:\Tomato_Disease_Research\plantvillage\Tomato_Bacterial_spot\6dc57c16-e5f8-41c4-9188-83c8d60cf931___GCREC_Bact.Sp 3597.JPG,256,256,1.0,103.92784118652344,29.084379196166992,1188.54345703125,6.774777228710861,102.37142944335938,107.37471008300781,90.2615966796875
PlantVillage Internal,D:\Tomato_Disease_Research\plantvillage\Tomato_Bacterial_spot\6fbea9aa-cc3b-46be-a066-a762cd659113___GCREC_Bact.Sp 6024.JPG,256,256,1.0,97.4000244140625,37.29985046386719,752.1964111328125,6.896794925201322,93.772216796875,100.82319641113281,89.28877258300781
PlantVillage Internal,D:\Tomato_Disease_Research\plantvillage\Tomato_Bacterial_spot\6fea8e75-6d4e-4cbb-93bf-98ef33b57302___GCREC_Bact.Sp 3508.JPG,256,256,1.0,99.88485717773438,31.9746036529541,601.8463745117188,6.795986254160237,94.03028869628906,103.513916015625,96.55377197265625
PlantVillage Internal,D:\Tomato_Disease_Research\plantvillage\Tomato_Bacterial_spot\7007f29f-6c4d-4b83-9bec-6e711d6fa7e0___UF.GRC_BS_Lab Leaf 0722.JPG,256,256,1.0,113.97540283203125,22.626096725463867,539.1627807617188,6.478065317723454,113.01228332519531,117.52030944824219,98.24832153320312
PlantVillage Internal,D:\Tomato_Disease_Research\plantvillage\Tomato_Bacterial_spot\703e4fe2-0e0c-4472-afcc-ff72a1d1870c___GCREC_Bact.Sp 3091.JPG,256,256,1.0,117.37307739257812,31.528972625732422,762.1927490234375,6.742133904027932,114.41984558105469,121.16566467285156,105.59033203125
PlantVillage Internal,D:\Tomato_Disease_Research\plantvillage\Tomato_Bacterial_spot\71bbf536-8d96-427e-8dd5-1f330b24aff9___GCREC_Bact.Sp 2982.JPG,256,256,1.0,105.1720962524414,37.0029182434082,566.2882080078125,6.817720135600783,101.69035339355469,107.58131408691406,101.89871215820312
PlantVillage Internal,D:\Tomato_Disease_Research\plantvillage\Tomato_Bacterial_spot\71eeeb09-ce59-4b58-80a4-a01c4348a218___GCREC_Bact.Sp 3305.JPG,256,256,1.0,103.72148895263672,36.14558792114258,1015.1187133789062,6.932608600848381,98.31028747558594,107.72964477539062,97.27552795410156
PlantVillage Internal,D:\Tomato_Disease_Research\plantvillage\Tomato_Bacterial_spot\7334e742-de72-4561-9b0d-cdd8bc3313e7___GCREC_Bact.Sp 3066.JPG,256,256,1.0,104.068115234375,32.05752182006836,689.4727783203125,6.71675310273164,100.69358825683594,108.06825256347656,92.32162475585938
PlantVillage Internal,D:\Tomato_Disease_Research\plantvillage\Tomato_Bacterial_spot\741e2f09-1b62-42c2-b218-6504d57c0f27___GCREC_Bact.Sp 3302.JPG,256,256,1.0,101.5852279663086,34.815399169921875,746.1908569335938,6.8024318894330476,96.02873229980469,105.54621887207031,95.76325988769531
PlantVillage Internal,D:\Tomato_Disease_Research\plantvillage\Tomato_Bacterial_spot\75139eaa-5078-4bee-9020-b507b1d23ef1___GCREC_Bact.Sp 3831.JPG,256,256,1.0,104.07611083984375,25.923377990722656,1707.95654296875,6.671566275872436,106.29508972167969,106.03489685058594,88.17005920410156
PlantVillage Internal,D:\Tomato_Disease_Research\plantvillage\Tomato_Bacterial_spot\75348d38-1c41-4798-89c9-b99660d937ef___GCREC_Bact.Sp 5602.JPG,256,256,1.0,103.3353271484375,36.2405891418457,974.840576171875,6.992479656368411,103.38583374023438,106.98776245117188,84.39607238769531
PlantVillage Internal,D:\Tomato_Disease_Research\plantvillage\Tomato_Bacterial_spot\75702024-ade9-4eac-b531-77da04d236ee___GCREC_Bact.Sp 6070.JPG,256,256,1.0,87.78710174560547,33.60742950439453,489.43475341796875,6.879817347314126,84.50938415527344,91.056640625,79.54866027832031
PlantVillage Internal,D:\Tomato_Disease_Research\plantvillage\Tomato_Bacterial_spot\75801778-ca08-4e6c-a209-a5eb74564929___GCREC_Bact.Sp 6390.JPG,256,256,1.0,94.1251449584961,31.703197479248047,957.2936401367188,6.931562549157729,86.13179016113281,99.85017395019531,85.61129760742188
PlantVillage Internal,D:\Tomato_Disease_Research\plantvillage\Tomato_Bacterial_spot\759ba7d2-9535-45b5-a11d-935602edf6cd___GCREC_Bact.Sp 3314.JPG,256,256,1.0,107.51872253417969,31.305158615112305,843.979736328125,6.790486635339386,104.03962707519531,112.0882568359375,93.11459350585938
PlantVillage Internal,D:\Tomato_Disease_Research\plantvillage\Tomato_Bacterial_spot\7843b77e-20cc-4721-9eeb-62206d91af0e___GCREC_Bact.Sp 6144.JPG,256,256,1.0,100.4305419921875,41.760589599609375,1206.1978759765625,7.165154414567831,94.27568054199219,104.78971862792969,94.12757873535156
PlantVillage Internal,D:\Tomato_Disease_Research\plantvillage\Tomato_Bacterial_spot\78c90a7a-a37f-44fa-bc11-38c1823a7af1___GCREC_Bact.Sp 6145.JPG,256,256,1.0,97.68953704833984,32.84716796875,901.5381469726562,6.788208879281318,91.12799072265625,102.12060546875,92.08305358886719
PlantVillage Internal,D:\Tomato_Disease_Research\plantvillage\Tomato_Bacterial_spot\793c4393-0e98-4de2-bbb2-eb0c8412a959___GCREC_Bact.Sp 5621.JPG,256,256,1.0,96.29391479492188,30.725738525390625,713.7568359375,6.769764973875869,91.9512939453125,100.93841552734375,83.76870727539062
PlantVillage Internal,D:\Tomato_Disease_Research\plantvillage\Tomato_Bacterial_spot\7af94581-44a3-4c4b-a6a9-d88d831f0f0a___GCREC_Bact.Sp 3820.JPG,256,256,1.0,118.87616729736328,30.162763595581055,2213.35498046875,6.886597035771773,115.32281494140625,123.59353637695312,103.90562438964844
PlantVillage Internal,D:\Tomato_Disease_Research\plantvillage\Tomato_Bacterial_spot\7c6b8e90-fd14-4f00-b1cc-1f3e9406fd6d___GCREC_Bact.Sp 5764.JPG,256,256,1.0,104.21495056152344,42.79153823852539,1069.43310546875,7.000982447282684,102.47885131835938,106.31681823730469,97.94564819335938
PlantVillage Internal,D:\Tomato_Disease_Research\plantvillage\Tomato_Bacterial_spot\7d5c4263-84e6-40c1-ac2d-bb9bfae35890___UF.GRC_BS_Lab Leaf 0905.JPG,256,256,1.0,108.5215072631836,34.63985824584961,993.86083984375,7.062587345830756,105.73849487304688,114.1905517578125,86.63021850585938
PlantVillage Internal,D:\Tomato_Disease_Research\plantvillage\Tomato_Bacterial_spot\7e423f77-2947-4e4e-9777-17a780996d39___GCREC_Bact.Sp 5600.JPG,256,256,1.0,102.53392028808594,31.525415420532227,1328.2171630859375,6.915489926451762,103.12643432617188,105.62232971191406,85.07723999023438
PlantVillage Internal,D:\Tomato_Disease_Research\plantvillage\Tomato_Bacterial_spot\7eb976bd-5203-44c2-85ab-f27a5852a7db___GCREC_Bact.Sp 3360.JPG,256,256,1.0,109.57572937011719,25.683353424072266,1377.9825439453125,6.665759888127223,111.56365966796875,111.21505737304688,95.920654296875
PlantVillage Internal,D:\Tomato_Disease_Research\plantvillage\Tomato_Bacterial_spot\7f4e7217-5d75-432f-824f-c175dedbfe06___GCREC_Bact.Sp 3762.JPG,256,256,1.0,92.3478775024414,29.192760467529297,1002.8444213867188,6.773990852203732,94.42857360839844,94.33645629882812,76.65118408203125
PlantVillage Internal,D:\Tomato_Disease_Research\plantvillage\Tomato_Bacterial_spot\805d07e6-2190-4c8a-9267-75b1c0477a04___GCREC_Bact.Sp 3010.JPG,256,256,1.0,101.39453887939453,33.06269836425781,721.3186645507812,6.8024033372672,96.46638488769531,104.88827514648438,96.33049011230469
PlantVillage Internal,D:\Tomato_Disease_Research\plantvillage\Tomato_Bacterial_spot\8227d24c-9e0f-4119-9324-8ba192ba9201___GCREC_Bact.Sp 3299.JPG,256,256,1.0,103.28575134277344,25.637096405029297,967.23193359375,6.657418825924495,102.98709106445312,105.21051025390625,94.15830993652344
PlantVillage Internal,D:\Tomato_Disease_Research\plantvillage\Tomato_Bacterial_spot\83e484bc-0e3e-4e57-b5a4-9e8d85f03cfb___GCREC_Bact.Sp 3837.JPG,256,256,1.0,99.40824127197266,28.156612396240234,1002.9507446289062,6.826703733937622,96.66120910644531,104.15669250488281,82.16279602050781
PlantVillage Internal,D:\Tomato_Disease_Research\plantvillage\Tomato_Bacterial_spot\84397079-5839-431e-97d1-9dfc144f1fff___UF.GRC_BS_Lab Leaf 0486.JPG,256,256,1.0,114.92230987548828,33.03168869018555,533.6755981445312,6.983138105629987,112.7008056640625,118.75303649902344,101.02394104003906
PlantVillage Internal,D:\Tomato_Disease_Research\plantvillage\Tomato_Bacterial_spot\8571dec5-c1d3-4d91-8b7e-2d1c188bede6___GCREC_Bact.Sp 5683.JPG,256,256,1.0,93.58211517333984,40.469566345214844,649.6016845703125,6.888888812213022,91.37924194335938,95.91578674316406,87.34347534179688
PlantVillage Internal,D:\Tomato_Disease_Research\plantvillage\Tomato_Bacterial_spot\879bb942-2577-425e-8781-9dfb540d98ac___GCREC_Bact.Sp 6072.JPG,256,256,1.0,101.6649169921875,42.08835983276367,836.3700561523438,7.204204615583372,96.84638977050781,105.7271728515625,93.38583374023438
PlantVillage Internal,D:\Tomato_Disease_Research\plantvillage\Tomato_Bacterial_spot\87de72a0-fb7c-493a-bec6-227f39b44f96___GCREC_Bact.Sp 5861.JPG,256,256,1.0,104.91673278808594,34.75409698486328,1405.08837890625,6.884747480841487,103.25260925292969,107.09202575683594,98.08053588867188
PlantVillage Internal,D:\Tomato_Disease_Research\plantvillage\Tomato_Bacterial_spot\87e80453-5c30-413b-b60f-673730e8e2d4___GCREC_Bact.Sp 3207.JPG,256,256,1.0,98.02822875976562,32.751712799072266,909.8909912109375,6.895185020901329,94.34710693359375,101.11972045898438,91.76467895507812
PlantVillage Internal,D:\Tomato_Disease_Research\plantvillage\Tomato_Bacterial_spot\892f8dc8-7076-46f4-84f4-a9d8c4546ab5___GCREC_Bact.Sp 3658.JPG,256,256,1.0,102.50740051269531,31.752328872680664,3110.173828125,6.947136709130556,97.55760192871094,106.74746704101562,93.65713500976562
PlantVillage Internal,D:\Tomato_Disease_Research\plantvillage\Tomato_Bacterial_spot\8a5ddf5c-d342-4729-95cc-e846494d37ed___GCREC_Bact.Sp 3130.JPG,256,256,1.0,102.16709899902344,32.833072662353516,487.4683837890625,6.6331402904497665,97.46891784667969,105.64839172363281,96.56394958496094
PlantVillage Internal,D:\Tomato_Disease_Research\plantvillage\Tomato_Bacterial_spot\8ce30140-8d8b-4a58-81f1-8efd2655a907___GCREC_Bact.Sp 3180.JPG,256,256,1.0,99.81549072265625,30.13860511779785,824.0784912109375,6.7971672145993915,95.52993774414062,103.66752624511719,91.22108459472656
PlantVillage Internal,D:\Tomato_Disease_Research\plantvillage\Tomato_Bacterial_spot\8d5d586c-35ad-4cf2-99f7-a8d92f56a306___GCREC_Bact.Sp 3145.JPG,256,256,1.0,98.51582336425781,33.449214935302734,1056.89111328125,7.033270166898517,95.89202880859375,101.44166564941406,90.33198547363281
PlantVillage Internal,D:\Tomato_Disease_Research\plantvillage\Tomato_Bacterial_spot\8e01eb47-11f6-4e93-ac8f-09db0a9854dd___UF.GRC_BS_Lab Leaf 0519.JPG,256,256,1.0,110.20875549316406,31.62812614440918,1127.7470703125,7.001264457642927,109.67118835449219,114.50094604492188,89.51771545410156
PlantVillage Internal,D:\Tomato_Disease_Research\plantvillage\Tomato_Bacterial_spot\8eaf0808-40a2-40a0-987d-793b5cbab81f___GCREC_Bact.Sp 3585.JPG,256,256,1.0,95.14866638183594,32.280330657958984,952.5397338867188,6.95483607030656,93.58932495117188,97.64775085449219,86.37034606933594
PlantVillage Internal,D:\Tomato_Disease_Research\plantvillage\Tomato_Bacterial_spot\8f8a9761-5871-48ab-a620-723d0e2312f6___GCREC_Bact.Sp 5596.JPG,256,256,1.0,97.73583221435547,40.93056106567383,801.440673828125,7.064982709400453,95.95829772949219,100.04135131835938,90.52653503417969
PlantVillage Internal,D:\Tomato_Disease_Research\plantvillage\Tomato_Bacterial_spot\8ff89c36-cac0-4ed5-ac93-206411247229___GCREC_Bact.Sp 6377.JPG,256,256,1.0,99.28176879882812,38.35184860229492,1558.048828125,7.111325065967205,92.48173522949219,104.60755920410156,89.69375610351562
PlantVillage Internal,D:\Tomato_Disease_Research\plantvillage\Tomato_Bacterial_spot\90107060-4458-44d1-a2b3-20cd9e3d4d11___GCREC_Bact.Sp 5728.JPG,256,256,1.0,94.16722106933594,37.118995666503906,735.6949462890625,6.952886812481939,91.27487182617188,97.20936584472656,86.08888244628906
PlantVillage Internal,D:\Tomato_Disease_Research\plantvillage\Tomato_Bacterial_spot\9040e017-35a4-4f74-a327-7c7d6f20ef65___GCREC_Bact.Sp 5578.JPG,256,256,1.0,102.385498046875,47.477699279785156,915.8683471679688,7.045478167929312,100.33992004394531,104.79493713378906,95.34417724609375
PlantVillage Internal,D:\Tomato_Disease_Research\plantvillage\Tomato_Bacterial_spot\90cbe307-2ec6-45f8-b62d-b6fb602466f4___UF.GRC_BS_Lab Leaf 8592.JPG,256,256,1.0,142.7718505859375,17.07765769958496,208.66720581054688,5.961205321539449,140.02459716796875,150.6512908935547,109.40505981445312
PlantVillage Internal,D:\Tomato_Disease_Research\plantvillage\Tomato_Bacterial_spot\90fa8cf2-fc80-4944-9484-7cd6bb6cc1da___GCREC_Bact.Sp 5767.JPG,256,256,1.0,94.60367584228516,38.61674499511719,849.1173095703125,7.035899756846993,94.02450561523438,96.53135681152344,86.19683837890625
PlantVillage Internal,D:\Tomato_Disease_Research\plantvillage\Tomato_Bacterial_spot\9116dd54-7abc-4e0e-b477-c7f361b8def4___GCREC_Bact.Sp 5899.JPG,256,256,1.0,104.06204223632812,38.323360443115234,1018.7061767578125,6.883999086805352,99.92822265625,107.44692993164062,97.47503662109375
PlantVillage Internal,D:\Tomato_Disease_Research\plantvillage\Tomato_Bacterial_spot\919da9f4-c9aa-4c11-a383-17fdc98876c0___GCREC_Bact.Sp 5809.JPG,256,256,1.0,98.16921997070312,41.5946044921875,639.882080078125,6.9828851232650795,94.392578125,101.23692321777344,92.27867126464844
PlantVillage Internal,D:\Tomato_Disease_Research\plantvillage\Tomato_Bacterial_spot\91da720b-dc5c-4e35-8b74-50229a43f8be___GCREC_Bact.Sp 2956.JPG,256,256,1.0,114.99125671386719,30.367897033691406,1052.6126708984375,6.71585731301936,114.42320251464844,117.02867126464844,105.99032592773438
PlantVillage Internal,D:\Tomato_Disease_Research\plantvillage\Tomato_Bacterial_spot\92ad5b62-cec5-424b-81a6-38b6c40c0c89___GCREC_Bact.Sp 6042.JPG,256,256,1.0,96.71869659423828,28.241241455078125,1302.129638671875,6.816064152067583,100.04466247558594,97.79441833496094,82.456298828125
PlantVillage Internal,D:\Tomato_Disease_Research\plantvillage\Tomato_Bacterial_spot\93330085-955f-4498-8159-77af45f02ea5___GCREC_Bact.Sp 5735.JPG,256,256,1.0,94.37393188476562,38.35972213745117,776.414306640625,7.063848098350788,95.07546997070312,95.5989990234375,86.22589111328125
PlantVillage Internal,D:\Tomato_Disease_Research\plantvillage\Tomato_Bacterial_spot\933ab25a-428f-4d5b-b519-9a870444093e___GCREC_Bact.Sp 5936.JPG,256,256,1.0,100.5668716430664,35.362918853759766,1403.082275390625,6.98880139802093,98.16195678710938,103.17347717285156,93.4527587890625
PlantVillage Internal,D:\Tomato_Disease_Research\plantvillage\Tomato_Bacterial_spot\93b4e153-ff54-4ad7-871a-0f5e6e1df5cd___GCREC_Bact.Sp 5723.JPG,256,256,1.0,99.14373016357422,37.325225830078125,895.1248779296875,7.002717898300652,96.96897888183594,102.10745239257812,89.58712768554688
PlantVillage Internal,D:\Tomato_Disease_Research\plantvillage\Tomato_Bacterial_spot\962399bf-bc19-48a8-99b1-92b2963c2dcd___UF.GRC_BS_Lab Leaf 1074.JPG,256,256,1.0,97.82792663574219,38.59540557861328,320.1644287109375,7.029709133457679,96.57447814941406,101.87661743164062,80.26826477050781
PlantVillage Internal,D:\Tomato_Disease_Research\plantvillage\Tomato_Bacterial_spot\970f1e35-eca5-4011-9d93-be6566f27389___GCREC_Bact.Sp 3525.JPG,256,256,1.0,97.83345031738281,30.639108657836914,1897.2626953125,6.877312618555891,94.90664672851562,100.77891540527344,90.34330749511719
PlantVillage Internal,D:\Tomato_Disease_Research\plantvillage\Tomato_Bacterial_spot\97135339-c428-4fec-9805-718d83ef7fcf___GCREC_Bact.Sp 5722.JPG,256,256,1.0,101.62861633300781,42.469993591308594,705.411376953125,7.015296059717793,100.77488708496094,103.39492797851562,94.77288818359375
PlantVillage Internal,D:\Tomato_Disease_Research\plantvillage\Tomato_Bacterial_spot\97f376a8-3781-4f2f-8fec-6a8150247d1e___GCREC_Bact.Sp 3387.JPG,256,256,1.0,105.25660705566406,35.017601013183594,2113.1328125,6.994051526175016,102.41848754882812,107.30813598632812,102.13685607910156
PlantVillage Internal,D:\Tomato_Disease_Research\plantvillage\Tomato_Bacterial_spot\986cde2a-3f8b-438d-8380-c5a8ff0a4993___UF.GRC_BS_Lab Leaf 8940.JPG,256,256,1.0,134.07998657226562,30.14349365234375,303.4906311035156,6.719852487928363,136.0007781982422,141.06689453125,93.06558227539062
PlantVillage Internal,D:\Tomato_Disease_Research\plantvillage\Tomato_Bacterial_spot\98df469d-20d0-4b6e-aae3-617473f3081f___GCREC_Bact.Sp 5792.JPG,256,256,1.0,100.75593566894531,39.728885650634766,803.27734375,6.998448981885846,97.63825988769531,103.50321960449219,94.78697204589844
PlantVillage Internal,D:\Tomato_Disease_Research\plantvillage\Tomato_Bacterial_spot\98f8190e-9d84-4962-a833-a48643a91d4d___GCREC_Bact.Sp 3753.JPG,256,256,1.0,104.57289123535156,36.04595184326172,1676.46533203125,6.994702424212294,105.12648010253906,106.58723449707031,92.748779296875
PlantVillage Internal,D:\Tomato_Disease_Research\plantvillage\Tomato_Bacterial_spot\99044ddb-da2a-4b32-bc11-67e57cb2b807___UF.GRC_BS_Lab Leaf 0749.JPG,256,256,1.0,115.37643432617188,26.44930648803711,505.77923583984375,6.569506203551046,113.22007751464844,118.60884094238281,104.3880615234375
PlantVillage Internal,D:\Tomato_Disease_Research\plantvillage\Tomato_Bacterial_spot\9981b824-96f2-4fc7-834b-4299efcdfab3___GCREC_Bact.Sp 5865.JPG,256,256,1.0,105.29683685302734,38.83543014526367,796.83837890625,6.87968486731342,102.31011962890625,108.10072326660156,98.69287109375
PlantVillage Internal,D:\Tomato_Disease_Research\plantvillage\Tomato_Bacterial_spot\9a1850b9-2300-4845-a52f-73420ea76617___GCREC_Bact.Sp 3114.JPG,256,256,1.0,102.86982727050781,33.185115814208984,719.24462890625,6.726745867148077,97.52386474609375,106.88169860839844,96.23367309570312
PlantVillage Internal,D:\Tomato_Disease_Research\plantvillage\Tomato_Bacterial_spot\9a8c7e68-6887-40f1-b0f4-94bb5b678264___UF.GRC_BS_Lab Leaf 0399.JPG,256,256,1.0,119.91000366210938,30.89334487915039,287.9736328125,6.883340025990366,118.14576721191406,122.32850646972656,112.08407592773438
PlantVillage Internal,D:\Tomato_Disease_Research\plantvillage\Tomato_Bacterial_spot\9e643ad9-f96c-4f1d-a980-2a82dc72945a___GCREC_Bact.Sp 3704.JPG,256,256,1.0,104.55633544921875,30.971433639526367,710.5167846679688,6.755590957611631,101.54849243164062,108.3966064453125,92.6712646484375
PlantVillage Internal,D:\Tomato_Disease_Research\plantvillage\Tomato_Bacterial_spot\9e748aef-42d5-429b-b2c6-c95dfa581331___GCREC_Bact.Sp 3363.JPG,256,256,1.0,112.60943603515625,29.23575210571289,1959.4244384765625,6.827650373002378,117.64849853515625,112.27455139160156,101.1173095703125
PlantVillage Internal,D:\Tomato_Disease_Research\plantvillage\Tomato_Bacterial_spot\9ea77bf9-c078-4adf-9173-ca0dca15dabd___GCREC_Bact.Sp 6333.JPG,256,256,1.0,100.62165069580078,30.692474365234375,1051.8265380859375,6.832117308427291,92.03703308105469,106.60028076171875,92.35273742675781
PlantVillage Internal,D:\Tomato_Disease_Research\plantvillage\Tomato_Bacterial_spot\a07259f0-2125-49df-ab32-c058eebf17f2___UF.GRC_BS_Lab Leaf 0218.JPG,256,256,1.0,121.32951354980469,25.786218643188477,156.17544555664062,6.549864833293528,117.77803039550781,127.90615844726562,96.78050231933594
PlantVillage Internal,D:\Tomato_Disease_Research\plantvillage\Tomato_Bacterial_spot\a0e1d9f5-14aa-4161-aee6-0b1f42444b81___UF.GRC_BS_Lab Leaf 8714.JPG,256,256,1.0,117.57937622070312,26.327978134155273,201.23789978027344,6.593227766225531,117.88063049316406,127.67807006835938,64.78987121582031
PlantVillage Internal,D:\Tomato_Disease_Research\plantvillage\Tomato_Bacterial_spot\a114e770-fcce-48a2-8ffc-a665fae9e7f9___UF.GRC_BS_Lab Leaf 0977.JPG,256,256,1.0,111.16059875488281,21.564146041870117,778.3870239257812,6.411072325470272,110.23654174804688,117.21231079101562,82.4232177734375
PlantVillage Internal,D:\Tomato_Disease_Research\plantvillage\Tomato_Bacterial_spot\a1166af0-6310-46bc-99ed-14215a18eb18___GCREC_Bact.Sp 3625.JPG,256,256,1.0,93.57207489013672,32.70579147338867,1015.2728271484375,6.8964730671436225,91.22087097167969,96.43408203125,85.00198364257812
PlantVillage Internal,D:\Tomato_Disease_Research\plantvillage\Tomato_Bacterial_spot\a1d8e2a7-c4c9-42d2-8a0d-bcf04053412f___GCREC_Bact.Sp 5672.JPG,256,256,1.0,100.10995483398438,35.54659652709961,892.8599853515625,6.869788247152934,100.00090026855469,101.96272277832031,90.85588073730469
PlantVillage Internal,D:\Tomato_Disease_Research\plantvillage\Tomato_Bacterial_spot\a2347956-94dc-441c-80b4-f663e8b2edbd___GCREC_Bact.Sp 6054.JPG,256,256,1.0,104.36618041992188,35.29545593261719,491.1860046386719,6.8298731767286895,101.8701171875,107.28884887695312,95.86373901367188
PlantVillage Internal,D:\Tomato_Disease_Research\plantvillage\Tomato_Bacterial_spot\a2e2a626-aafb-4383-8fa8-cc4d2071348a___GCREC_Bact.Sp 3125.JPG,256,256,1.0,90.8368911743164,37.972808837890625,688.0862426757812,7.005119985389488,86.01329040527344,94.498779296875,84.63278198242188
PlantVillage Internal,D:\Tomato_Disease_Research\plantvillage\Tomato_Bacterial_spot\a3085acc-b437-4987-997b-a2be5b5e9c0d___GCREC_Bact.Sp 3680.JPG,256,256,1.0,94.74183654785156,26.85854721069336,1447.0394287109375,6.639193865454606,91.68267822265625,98.30636596679688,84.4112548828125
PlantVillage Internal,D:\Tomato_Disease_Research\plantvillage\Tomato_Bacterial_spot\a3e27be0-e5c9-48dd-8305-dc2725c52ebd___GCREC_Bact.Sp 3853.JPG,256,256,1.0,107.14202117919922,29.376239776611328,635.640625,6.799745050087415,103.99551391601562,111.17262268066406,94.640625
PlantVillage Internal,D:\Tomato_Disease_Research\plantvillage\Tomato_Bacterial_spot\a49f9691-ea2f-435a-be3e-603f5efd3cbf___GCREC_Bact.Sp 6013.JPG,256,256,1.0,105.8145751953125,28.39356231689453,960.0575561523438,6.747652381734525,102.07766723632812,111.23739624023438,87.69296264648438
PlantVillage Internal,D:\Tomato_Disease_Research\plantvillage\Tomato_Bacterial_spot\a554c4d2-6eb9-438f-ae54-9477b0428ddf___GCREC_Bact.Sp 5570.JPG,256,256,1.0,90.12371826171875,45.33348083496094,405.3196716308594,6.956146569371773,84.31381225585938,94.23138427734375,84.2110595703125
PlantVillage Internal,D:\Tomato_Disease_Research\plantvillage\Tomato_Bacterial_spot\a6387ef1-52bc-4596-a3a4-e0b8c3c46708___GCREC_Bact.Sp 6272.JPG,256,256,1.0,90.20256042480469,35.35617446899414,3054.56787109375,7.109244694399793,85.70751953125,94.54768371582031,79.61860656738281
PlantVillage Internal,D:\Tomato_Disease_Research\plantvillage\Tomato_Bacterial_spot\a6bbc7a3-0281-4fcc-b480-0917f3416908___UF.GRC_BS_Lab Leaf 9054.JPG,256,256,1.0,131.52622985839844,17.570491790771484,202.75875854492188,6.141281177700647,130.2451629638672,138.24786376953125,100.27574157714844
PlantVillage Internal,D:\Tomato_Disease_Research\plantvillage\Tomato_Bacterial_spot\a7af4903-9aae-45be-990d-adfca4510cfa___GCREC_Bact.Sp 5872.JPG,256,256,1.0,97.9593505859375,39.16425323486328,736.75341796875,6.867545683008403,94.99650573730469,101.09658813476562,89.57637023925781
PlantVillage Internal,D:\Tomato_Disease_Research\plantvillage\Tomato_Bacterial_spot\a8e2a35e-8392-44cb-9b1d-da43d9127f88___UF.GRC_BS_Lab Leaf 9284.JPG,256,256,1.0,127.6297607421875,28.8098087310791,186.51815795898438,6.586140721151978,125.67955017089844,131.18865966796875,114.41954040527344
PlantVillage Internal,D:\Tomato_Disease_Research\plantvillage\Tomato_Bacterial_spot\a9d50751-cfaf-4743-93d9-25207fadb580___GCREC_Bact.Sp 3654.JPG,256,256,1.0,100.82968139648438,30.82462501525879,2990.13037109375,6.91286182235435,96.48234558105469,103.86349487304688,96.61039733886719
PlantVillage Internal,D:\Tomato_Disease_Research\plantvillage\Tomato_Bacterial_spot\abaa3e58-7511-4988-a555-b436b0aae002___GCREC_Bact.Sp 6161.JPG,256,256,1.0,108.16791534423828,28.88434410095215,740.989501953125,6.786495078673538,107.25843811035156,112.22663879394531,89.6544189453125
PlantVillage Internal,D:\Tomato_Disease_Research\plantvillage\Tomato_Bacterial_spot\ac099bdd-1fb0-4f9c-bb62-be3994736868___UF.GRC_BS_Lab Leaf 0419.JPG,256,256,1.0,131.8314971923828,43.9661865234375,938.970703125,7.2376406805423175,132.3456268310547,134.39869689941406,117.26423645019531
PlantVillage Internal,D:\Tomato_Disease_Research\plantvillage\Tomato_Bacterial_spot\ad286f63-30e7-4c14-87b3-9829fe00ec61___GCREC_Bact.Sp 5826.JPG,256,256,1.0,102.08881378173828,38.40041732788086,1293.288818359375,7.068422449719247,99.20240783691406,105.18435668945312,93.719970703125
PlantVillage Internal,D:\Tomato_Disease_Research\plantvillage\Tomato_Bacterial_spot\ad6dbb38-c44c-40c9-a6d8-8fc1d928e5de___GCREC_Bact.Sp 3775.JPG,256,256,1.0,83.13984680175781,33.49110794067383,169.7232666015625,6.845515959808177,84.38601684570312,85.03355407714844,70.12043762207031
PlantVillage Internal,D:\Tomato_Disease_Research\plantvillage\Tomato_Bacterial_spot\afd78d63-13b3-400f-8e9a-1c87f27fa12f___UF.GRC_BS_Lab Leaf 0239.JPG,256,256,1.0,127.1337661743164,23.503448486328125,184.81195068359375,6.205503331873441,125.09452819824219,130.58145141601562,114.72979736328125
PlantVillage Internal,D:\Tomato_Disease_Research\plantvillage\Tomato_Bacterial_spot\b042ebf8-61a8-4b00-a544-0704f299e96f___GCREC_Bact.Sp 5954.JPG,256,256,1.0,99.8709716796875,38.72298812866211,736.026611328125,6.895855842773228,95.56343078613281,103.05014038085938,94.79885864257812
PlantVillage Internal,D:\Tomato_Disease_Research\plantvillage\Tomato_Bacterial_spot\b070b4e5-934e-4dc3-baf0-3f9419eecb86___GCREC_Bact.Sp 5648.JPG,256,256,1.0,95.563720703125,48.60153579711914,1101.697998046875,7.132972945461296,92.67057800292969,98.34230041503906,88.84466552734375
PlantVillage Internal,D:\Tomato_Disease_Research\plantvillage\Tomato_Bacterial_spot\b1dd4d7d-40ab-40bc-8246-5dabfac9dbd9___GCREC_Bact.Sp 3488.JPG,256,256,1.0,99.25088500976562,37.35232162475586,822.7832641601562,6.87896880258563,95.18034362792969,101.95904541015625,95.98245239257812
PlantVillage Internal,D:\Tomato_Disease_Research\plantvillage\Tomato_Bacterial_spot\b23d2980-58f7-4e83-b8f2-69214abf4bfc___GCREC_Bact.Sp 3529.JPG,256,256,1.0,109.58686828613281,26.62124252319336,1437.935302734375,6.7179406152817425,109.40533447265625,112.52743530273438,94.92167663574219
PlantVillage Internal,D:\Tomato_Disease_Research\plantvillage\Tomato_Bacterial_spot\b3c9f756-9328-46de-989b-a75859b40027___GCREC_Bact.Sp 3403.JPG,256,256,1.0,106.21394348144531,32.18621826171875,1271.086669921875,6.909733025265439,103.58642578125,109.34963989257812,96.9593505859375
PlantVillage Internal,D:\Tomato_Disease_Research\plantvillage\Tomato_Bacterial_spot\b3f77a28-f60f-46fa-91ff-cdfad5979420___UF.GRC_BS_Lab Leaf 0714.JPG,256,256,1.0,123.62041473388672,26.615720748901367,570.1701049804688,6.562004971871845,122.30899047851562,127.63677978515625,106.37930297851562
PlantVillage Internal,D:\Tomato_Disease_Research\plantvillage\Tomato_Bacterial_spot\b5c376b6-3c0a-46d7-a053-2b3a57168897___UF.GRC_BS_Lab Leaf 9003.JPG,256,256,1.0,128.6960906982422,17.457094192504883,324.75054931640625,6.137150221753526,126.09614562988281,134.07008361816406,107.84382629394531
PlantVillage Internal,D:\Tomato_Disease_Research\plantvillage\Tomato_Bacterial_spot\b66ad55a-0bf2-4819-90f2-10d4206122e6___GCREC_Bact.Sp 3771.JPG,256,256,1.0,107.58013916015625,30.93498992919922,1879.1636962890625,6.9138849363736306,106.82940673828125,110.35090637207031,95.28216552734375
PlantVillage Internal,D:\Tomato_Disease_Research\plantvillage\Tomato_Bacterial_spot\b700874c-33cd-4e1d-8b84-f6313e31fc56___GCREC_Bact.Sp 5690.JPG,256,256,1.0,94.30937957763672,39.44245529174805,1273.9346923828125,7.040579998688708,92.916259765625,97.36831665039062,82.21246337890625
PlantVillage Internal,D:\Tomato_Disease_Research\plantvillage\Tomato_Bacterial_spot\b8682577-be6c-42a9-9d02-48300363e796___GCREC_Bact.Sp 3498.JPG,256,256,1.0,117.92758178710938,41.108097076416016,1401.5908203125,7.165680041578186,111.14547729492188,122.15408325195312,113.95289611816406
PlantVillage Internal,D:\Tomato_Disease_Research\plantvillage\Tomato_Bacterial_spot\b8e606e2-0630-453f-8688-b4350feb2bce___GCREC_Bact.Sp 3033.JPG,256,256,1.0,101.24837493896484,40.47525405883789,807.5422973632812,6.984583048854775,97.38125610351562,104.44659423828125,94.92303466796875
PlantVillage Internal,D:\Tomato_Disease_Research\plantvillage\Tomato_Bacterial_spot\b8f38ecf-ef8d-47b5-90a3-e937a300a931___GCREC_Bact.Sp 5770.JPG,256,256,1.0,97.28558349609375,38.63980484008789,1271.383544921875,7.071737573727912,96.81877136230469,99.20782470703125,88.612060546875
PlantVillage Internal,D:\Tomato_Disease_Research\plantvillage\Tomato_Bacterial_spot\b9072867-69f3-4ea7-9afb-06781b4a4f2f___GCREC_Bact.Sp 3253.JPG,256,256,1.0,103.80188751220703,43.03488540649414,941.9647216796875,6.943429871308172,98.97705078125,106.86212158203125,100.69903564453125
PlantVillage Internal,D:\Tomato_Disease_Research\plantvillage\Tomato_Bacterial_spot\bb199ebe-f777-4760-adb1-368291627d3d___GCREC_Bact.Sp 5749.JPG,256,256,1.0,95.10684204101562,37.78526306152344,892.9495239257812,6.992305972610611,91.94149780273438,98.17903137207031,87.58981323242188
PlantVillage Internal,D:\Tomato_Disease_Research\plantvillage\Tomato_Bacterial_spot\bba175d5-0107-4ea9-b485-00d169678afd___GCREC_Bact.Sp 6380.JPG,256,256,1.0,96.94970703125,31.664831161499023,992.3424072265625,6.920796297766504,89.38099670410156,102.119384765625,90.18167114257812
PlantVillage Internal,D:\Tomato_Disease_Research\plantvillage\Tomato_Bacterial_spot\bd5b5a19-a9b0-4572-9920-8ed728c15804___GCREC_Bact.Sp 3653.JPG,256,256,1.0,101.47315979003906,35.776756286621094,3464.73876953125,7.146211318874572,97.906005859375,104.24070739746094,96.57867431640625
PlantVillage Internal,D:\Tomato_Disease_Research\plantvillage\Tomato_Bacterial_spot\bea776af-8c63-4376-a7f2-7cbd0e15e743___GCREC_Bact.Sp 3631.JPG,256,256,1.0,115.5341567993164,30.150794982910156,1123.891357421875,6.836539348010627,114.77713012695312,117.68269348144531,106.45658874511719
PlantVillage Internal,D:\Tomato_Disease_Research\plantvillage\Tomato_Bacterial_spot\befc4ca2-a878-4f85-b983-c1506a4a1a69___GCREC_Bact.Sp 5883.JPG,256,256,1.0,94.98893737792969,44.351959228515625,1460.925048828125,7.150767930338466,90.04681396484375,98.79045104980469,88.376708984375
PlantVillage Internal,D:\Tomato_Disease_Research\plantvillage\Tomato_Bacterial_spot\c0a49d4f-501c-4a5f-a7cd-6164d1bddb45___GCREC_Bact.Sp 6157.JPG,256,256,1.0,119.20481872558594,33.23047637939453,908.1373291015625,6.839905634764069,113.44258117675781,124.66743469238281,106.19035339355469
PlantVillage Internal,D:\Tomato_Disease_Research\plantvillage\Tomato_Bacterial_spot\c0b98fdd-b9b8-453f-8de3-4aeec4299f8c___GCREC_Bact.Sp 6086.JPG,256,256,1.0,98.68199157714844,43.716793060302734,1225.078369140625,7.222289172233733,95.65437316894531,102.48074340820312,87.06260681152344
PlantVillage Internal,D:\Tomato_Disease_Research\plantvillage\Tomato_Bacterial_spot\c10643e1-3d5a-40f6-9357-57aadd3d6721___GCREC_Bact.Sp 3727.JPG,256,256,1.0,99.4805908203125,34.97638702392578,1616.150634765625,7.012198889381359,99.04899597167969,101.16049194335938,91.96255493164062
PlantVillage Internal,D:\Tomato_Disease_Research\plantvillage\Tomato_Bacterial_spot\c1b331bd-edf3-4623-bf39-01c3c4fe6105___UF.GRC_BS_Lab Leaf 9299.JPG,256,256,1.0,120.2369384765625,20.23038673400879,155.82061767578125,6.1926851607781375,114.7296142578125,129.2613983154297,88.21356201171875
PlantVillage Internal,D:\Tomato_Disease_Research\plantvillage\Tomato_Bacterial_spot\c809df76-1ae4-4543-9a2e-ed079ae737df___UF.GRC_BS_Lab Leaf 9231.JPG,256,256,1.0,127.52731323242188,28.2437744140625,404.18719482421875,6.747223392042214,127.74232482910156,134.60195922851562,90.53512573242188
PlantVillage Internal,D:\Tomato_Disease_Research\plantvillage\Tomato_Bacterial_spot\c8bfa39f-b92f-4c10-98e6-ff3600445c24___UF.GRC_BS_Lab Leaf 8759.JPG,256,256,1.0,111.37600708007812,21.9320011138916,292.3944091796875,6.44966061600291,111.0062255859375,120.94175720214844,63.090667724609375
PlantVillage Internal,D:\Tomato_Disease_Research\plantvillage\Tomato_Bacterial_spot\c9c0a326-c094-4cea-94cb-bc240bb3be23___GCREC_Bact.Sp 3652.JPG,256,256,1.0,104.06532287597656,30.968435287475586,71.29249572753906,6.659107366641713,99.70323181152344,106.81315612792969,101.35731506347656
PlantVillage Internal,D:\Tomato_Disease_Research\plantvillage\Tomato_Bacterial_spot\cb7d65bc-ae67-4686-94ce-f3fdcfc53149___UF.GRC_BS_Lab Leaf 8738.JPG,256,256,1.0,135.9141845703125,19.384187698364258,256.6179504394531,6.2432247192217485,132.23141479492188,144.96731567382812,98.95771789550781
PlantVillage Internal,D:\Tomato_Disease_Research\plantvillage\Tomato_Bacterial_spot\ccfd719f-6e00-491f-8c6e-c91bccb4550a___GCREC_Bact.Sp 3730.JPG,256,256,1.0,91.4705581665039,27.357662200927734,848.3106689453125,6.600387076984147,84.91609191894531,96.61431884765625,82.17576599121094
PlantVillage Internal,D:\Tomato_Disease_Research\plantvillage\Tomato_Bacterial_spot\cd12526b-4a85-4329-95b0-63ed38fe9cc0___GCREC_Bact.Sp 5746.JPG,256,256,1.0,104.6580581665039,40.31494903564453,1340.442626953125,7.114213097510683,103.11419677734375,107.57083129882812,93.7091064453125
PlantVillage Internal,D:\Tomato_Disease_Research\plantvillage\Tomato_Bacterial_spot\cdd68f49-20b8-4523-99cf-6479f85b8410___GCREC_Bact.Sp 5853.JPG,256,256,1.0,107.28800964355469,44.90451431274414,1440.6220703125,7.075826555990295,105.40162658691406,109.16682434082031,102.56137084960938
PlantVillage Internal,D:\Tomato_Disease_Research\plantvillage\Tomato_Bacterial_spot\cf08a18e-375d-4f92-ac86-bd0e2f8f8dd2___GCREC_Bact.Sp 5808.JPG,256,256,1.0,98.77716064453125,42.342838287353516,810.9120483398438,6.935054911989033,95.48295593261719,101.54449462890625,93.16789245605469
PlantVillage Internal,D:\Tomato_Disease_Research\plantvillage\Tomato_Bacterial_spot\d00c45d9-7b1d-478e-93bb-5d5e13ecf14a___GCREC_Bact.Sp 5812.JPG,256,256,1.0,100.58244323730469,36.6839485168457,835.0320434570312,6.928469488256005,97.7364501953125,103.83917236328125,91.27766418457031
PlantVillage Internal,D:\Tomato_Disease_Research\plantvillage\Tomato_Bacterial_spot\d20d7a01-ca5b-41ed-ade2-e62caf0ef543___GCREC_Bact.Sp 6003.JPG,256,256,1.0,102.80117797851562,41.209815979003906,1161.155517578125,7.055077765364064,98.47013854980469,105.65682983398438,99.45643615722656
PlantVillage Internal,D:\Tomato_Disease_Research\plantvillage\Tomato_Bacterial_spot\d2baf547-f447-4b60-b642-7e1008ac6187___GCREC_Bact.Sp 5920.JPG,256,256,1.0,92.31101989746094,41.21626281738281,519.877685546875,6.849438427851814,91.20208740234375,93.78089904785156,87.65093994140625
PlantVillage Internal,D:\Tomato_Disease_Research\plantvillage\Tomato_Bacterial_spot\d3388cc8-1d28-4d94-9784-d441f05fcccb___GCREC_Bact.Sp 3351.JPG,256,256,1.0,110.82749938964844,27.061485290527344,2250.068359375,6.757276794360851,114.09002685546875,112.78434753417969,92.19451904296875
PlantVillage Internal,D:\Tomato_Disease_Research\plantvillage\Tomato_Bacterial_spot\d34ab0c8-700c-4c3d-8d30-7b52ea715bc7___GCREC_Bact.Sp 6122.JPG,256,256,1.0,99.937255859375,37.38395309448242,1009.570556640625,7.0491219321910075,91.35649108886719,105.67697143554688,92.888427734375
PlantVillage Internal,D:\Tomato_Disease_Research\plantvillage\Tomato_Bacterial_spot\d42b50b2-4178-4b79-8d97-309587703ae0___GCREC_Bact.Sp 5756.JPG,256,256,1.0,95.82202911376953,43.244850158691406,975.6607666015625,6.997611664388597,91.01290893554688,99.69015502929688,88.51799011230469
PlantVillage Internal,D:\Tomato_Disease_Research\plantvillage\Tomato_Bacterial_spot\d4e4f6a5-f887-48b1-83d5-44e6f834cab4___GCREC_Bact.Sp 6064.JPG,256,256,1.0,78.8301010131836,39.822845458984375,797.5811157226562,6.874243237534124,73.24520874023438,82.49980163574219,74.58244323730469
PlantVillage Internal,D:\Tomato_Disease_Research\plantvillage\Tomato_Bacterial_spot\d504f56f-b000-438e-a81a-e95870d70bb0___GCREC_Bact.Sp 5668.JPG,256,256,1.0,84.90594482421875,38.33246994018555,604.7828369140625,6.897826878738296,81.46800231933594,88.53347778320312,75.24436950683594
PlantVillage Internal,D:\Tomato_Disease_Research\plantvillage\Tomato_Bacterial_spot\d6185a8e-8ac1-4307-841a-f5e862b26a4d___GCREC_Bact.Sp 3179.JPG,256,256,1.0,101.69712829589844,30.852163314819336,826.666259765625,6.797582632300676,98.99591064453125,104.4422607421875,94.64691162109375
PlantVillage Internal,D:\Tomato_Disease_Research\plantvillage\Tomato_Bacterial_spot\d619a692-5746-4824-b134-982656e61633___GCREC_Bact.Sp 5593.JPG,256,256,1.0,98.10194396972656,36.554359436035156,1196.079833984375,7.095296260485463,93.50193786621094,101.81047058105469,91.07122802734375
PlantVillage Internal,D:\Tomato_Disease_Research\plantvillage\Tomato_Bacterial_spot\d623c605-17f1-43b2-af4a-5428367f752f___GCREC_Bact.Sp 6284.JPG,256,256,1.0,104.77369689941406,31.242761611938477,761.0484619140625,6.8832163201007734,98.39315795898438,110.89996337890625,89.96363830566406
PlantVillage Internal,D:\Tomato_Disease_Research\plantvillage\Tomato_Bacterial_spot\d78cf219-53eb-4269-830d-e1822caa8fdd___GCREC_Bact.Sp 5755.JPG,256,256,1.0,99.58755493164062,41.222015380859375,745.4161376953125,6.9643499170621155,95.23497009277344,103.18185424804688,92.49600219726562
PlantVillage Internal,D:\Tomato_Disease_Research\plantvillage\Tomato_Bacterial_spot\d7f580f8-c7b1-47ff-9746-35f6f7000427___GCREC_Bact.Sp 3600.JPG,256,256,1.0,85.59603118896484,25.290401458740234,386.513671875,6.528090708386743,82.10821533203125,89.71136474609375,73.55351257324219
PlantVillage Internal,D:\Tomato_Disease_Research\plantvillage\Tomato_Bacterial_spot\d8a90b81-eb30-461d-80ba-4fa9c93f379d___GCREC_Bact.Sp 3757.JPG,256,256,1.0,94.77206420898438,28.494949340820312,1321.292724609375,6.758421194547064,96.18525695800781,97.6014404296875,76.49668884277344
PlantVillage Internal,D:\Tomato_Disease_Research\plantvillage\Tomato_Bacterial_spot\d8d3c759-4242-42c0-9be5-b3177f2664be___GCREC_Bact.Sp 5953.JPG,256,256,1.0,105.7123794555664,37.1505126953125,894.331787109375,6.922393168991632,99.01570129394531,110.0811767578125,100.78097534179688
PlantVillage Internal,D:\Tomato_Disease_Research\plantvillage\Tomato_Bacterial_spot\d903df67-fe54-4892-be62-1db1a8bbe6d2___GCREC_Bact.Sp 5942.JPG,256,256,1.0,75.38645935058594,32.41877365112305,587.276611328125,6.674822418541416,75.43594360351562,76.58555603027344,69.08236694335938
PlantVillage Internal,D:\Tomato_Disease_Research\plantvillage\Tomato_Bacterial_spot\db5044bc-64df-4f7c-a591-5b79b9318805___GCREC_Bact.Sp 5546.JPG,256,256,1.0,103.73564147949219,46.70774459838867,1034.1591796875,7.017110058766489,102.07760620117188,106.0079345703125,96.38398742675781
PlantVillage Internal,D:\Tomato_Disease_Research\plantvillage\Tomato_Bacterial_spot\dc8612c8-6b25-4bf7-b6e8-49b20fda59ee___GCREC_Bact.Sp 3380.JPG,256,256,1.0,104.96333312988281,26.599498748779297,1322.1812744140625,6.717899573490387,105.82786560058594,107.35870361328125,90.36177062988281
PlantVillage Internal,D:\Tomato_Disease_Research\plantvillage\Tomato_Bacterial_spot\dc865b07-0701-4ddd-be52-cc75f80d0ada___UF.GRC_BS_Lab Leaf 0683.JPG,256,256,1.0,109.25196838378906,22.121524810791016,510.90338134765625,6.4474337422824135,108.78990173339844,113.71986389160156,87.45811462402344
PlantVillage Internal,D:\Tomato_Disease_Research\plantvillage\Tomato_Bacterial_spot\de2b6ef8-f5cc-4cf5-bebf-273d12f2626f___GCREC_Bact.Sp 6301.JPG,256,256,1.0,96.24560546875,31.44754981994629,1862.7728271484375,6.942187376093107,87.51022338867188,103.05131530761719,84.11341857910156
PlantVillage Internal,D:\Tomato_Disease_Research\plantvillage\Tomato_Bacterial_spot\deafaefa-dc4f-40ab-b26a-f462d334e8b2___GCREC_Bact.Sp 3300.JPG,256,256,1.0,108.935302734375,26.838674545288086,1452.2593994140625,6.714783245136374,108.22158813476562,111.10481262207031,99.63621520996094
PlantVillage Internal,D:\Tomato_Disease_Research\plantvillage\Tomato_Bacterial_spot\df4ce90b-64df-4ed3-8978-bc9c619bdb57___GCREC_Bact.Sp 5813.JPG,256,256,1.0,101.35824584960938,34.69184875488281,978.09765625,6.967821500646261,98.93896484375,104.32308959960938,92.43724060058594
PlantVillage Internal,D:\Tomato_Disease_Research\plantvillage\Tomato_Bacterial_spot\dff2f22f-6d7a-4331-bd7a-902e13212348___GCREC_Bact.Sp 5924.JPG,256,256,1.0,106.36871337890625,37.60342025756836,1327.324951171875,6.984391181472233,107.39755249023438,107.71405029296875,96.74296569824219
PlantVillage Internal,D:\Tomato_Disease_Research\plantvillage\Tomato_Bacterial_spot\e0e5620f-d8bb-4f6e-9d87-87aff4b7c230___GCREC_Bact.Sp 5737.JPG,256,256,1.0,92.0380859375,31.87139129638672,986.7333984375,6.9102605838360684,91.92520141601562,93.70726013183594,83.73942565917969
PlantVillage Internal,D:\Tomato_Disease_Research\plantvillage\Tomato_Bacterial_spot\e1fa4f5f-d166-4483-95c4-0c420ee2098e___GCREC_Bact.Sp 3458.JPG,256,256,1.0,94.64884185791016,36.30659484863281,707.7880859375,6.840166606259129,88.52781677246094,98.63076782226562,90.19967651367188
PlantVillage Internal,D:\Tomato_Disease_Research\plantvillage\Tomato_Bacterial_spot\e2061420-56a2-4612-9ba9-1d9c40e7fd13___GCREC_Bact.Sp 5824.JPG,256,256,1.0,96.24369812011719,41.19955062866211,973.529052734375,7.021542414939942,93.03570556640625,99.5311279296875,87.730224609375
PlantVillage Internal,D:\Tomato_Disease_Research\plantvillage\Tomato_Bacterial_spot\e2286f6d-1e30-4528-ab51-84c18a16b7e1___GCREC_Bact.Sp 3503.JPG,256,256,1.0,105.05661010742188,34.35787582397461,994.93896484375,6.889201568691487,101.221435546875,107.99472045898438,99.98681640625
PlantVillage Internal,D:\Tomato_Disease_Research\plantvillage\Tomato_Bacterial_spot\e28b2c59-c08e-4957-975f-2965d8b801e2___GCREC_Bact.Sp 3321.JPG,256,256,1.0,108.83786010742188,31.663541793823242,2075.43603515625,6.925181267629901,111.94140625,110.06581115722656,94.37504577636719
PlantVillage Internal,D:\Tomato_Disease_Research\plantvillage\Tomato_Bacterial_spot\e2c2e02e-091d-46ef-a9a7-638dfd4decd6___GCREC_Bact.Sp 3228.JPG,256,256,1.0,106.20744323730469,32.74211883544922,1119.0433349609375,6.933254215205992,102.3834228515625,110.02285766601562,96.59112548828125
PlantVillage Internal,D:\Tomato_Disease_Research\plantvillage\Tomato_Bacterial_spot\e444a471-4021-424b-a375-78f3b17413c8___GCREC_Bact.Sp 6319.JPG,256,256,1.0,96.81592559814453,39.39933395385742,1777.9295654296875,7.231386048969792,91.67524719238281,100.75590515136719,90.01144409179688
PlantVillage Internal,D:\Tomato_Disease_Research\plantvillage\Tomato_Bacterial_spot\e4d01d54-df44-40ab-a6f9-74c9e0834998___GCREC_Bact.Sp 5950.JPG,256,256,1.0,93.90821838378906,36.475914001464844,1804.5546875,6.971818043696359,91.37648010253906,96.41990661621094,87.61543273925781
PlantVillage Internal,D:\Tomato_Disease_Research\plantvillage\Tomato_Bacterial_spot\e5ab7644-032a-44d8-97dd-3e9eec19278b___GCREC_Bact.Sp 6208.JPG,256,256,1.0,111.56791687011719,33.833168029785156,900.2069091796875,6.938082065613349,111.47906494140625,116.78004455566406,84.96310424804688
PlantVillage Internal,D:\Tomato_Disease_Research\plantvillage\Tomato_Bacterial_spot\e6167368-bc1b-4f68-a725-cbcee3d930fb___GCREC_Bact.Sp 3510.JPG,256,256,1.0,108.79203796386719,37.25076675415039,1434.3818359375,6.97477612105024,102.80685424804688,112.44631958007812,105.67366027832031
PlantVillage Internal,D:\Tomato_Disease_Research\plantvillage\Tomato_Bacterial_spot\e6ec0aa5-a195-4606-a539-cf7c13f62727___GCREC_Bact.Sp 3828.JPG,256,256,1.0,98.53865814208984,34.29999923706055,2992.01220703125,7.013457085228669,95.54518127441406,101.96916198730469,88.72592163085938
PlantVillage Internal,D:\Tomato_Disease_Research\plantvillage\Tomato_Bacterial_spot\e7b30707-3b57-49a1-ba38-ad82ca2c6cce___GCREC_Bact.Sp 5795.JPG,256,256,1.0,101.7457275390625,39.18756103515625,841.4688720703125,6.817738509003333,100.2708740234375,103.317138671875,97.52262878417969
PlantVillage Internal,D:\Tomato_Disease_Research\plantvillage\Tomato_Bacterial_spot\e7dc7765-74e9-4cd8-94f1-a585c41bea16___GCREC_Bact.Sp 3267.JPG,256,256,1.0,107.6430435180664,32.52876281738281,1972.686279296875,6.986097998638202,106.62290954589844,109.94775390625,98.45140075683594
PlantVillage Internal,D:\Tomato_Disease_Research\plantvillage\Tomato_Bacterial_spot\e813e60a-25a6-4444-8fb6-eeab328d9ccc___GCREC_Bact.Sp 3573.JPG,256,256,1.0,119.79306030273438,32.60115051269531,1517.43994140625,6.966682344136443,114.78349304199219,123.845947265625,112.0633544921875
PlantVillage Internal,D:\Tomato_Disease_Research\plantvillage\Tomato_Bacterial_spot\e873f5c0-d887-496d-b037-6549e4c52d3a___UF.GRC_BS_Lab Leaf 9271.JPG,256,256,1.0,117.23470306396484,21.789592742919922,348.5727844238281,6.356417856467189,114.72122192382812,122.7015380859375,95.67765808105469
PlantVillage Internal,D:\Tomato_Disease_Research\plantvillage\Tomato_Bacterial_spot\e87962ec-4dae-4c6c-8233-620e40acf137___GCREC_Bact.Sp 3160.JPG,256,256,1.0,96.8742904663086,30.11808204650879,835.4490966796875,6.711933834599231,92.94013977050781,100.73945617675781,87.29058837890625
PlantVillage Internal,D:\Tomato_Disease_Research\plantvillage\Tomato_Bacterial_spot\e9d62efe-fb3b-4b34-8c9f-7c0f067f1daa___UF.GRC_BS_Lab Leaf 8983.JPG,256,256,1.0,124.11614990234375,22.201204299926758,491.762451171875,6.462989567299273,120.70809936523438,131.2617645263672,96.2611083984375
PlantVillage Internal,D:\Tomato_Disease_Research\plantvillage\Tomato_Bacterial_spot\ea5451fc-7d10-4a88-8193-cbbdb1f8f748___GCREC_Bact.Sp 3785.JPG,256,256,1.0,97.06370544433594,32.052886962890625,1899.527587890625,7.0074523445943555,95.30792236328125,100.5020751953125,83.96420288085938
PlantVillage Internal,D:\Tomato_Disease_Research\plantvillage\Tomato_Bacterial_spot\eaea12c1-998c-4853-ba5e-95c8cb08c4b9___GCREC_Bact.Sp 3324.JPG,256,256,1.0,99.76908111572266,30.24565887451172,1433.141845703125,6.838544309966787,97.573974609375,102.56027221679688,91.15426635742188
PlantVillage Internal,D:\Tomato_Disease_Research\plantvillage\Tomato_Bacterial_spot\eb69cd1d-ab61-44cf-b8d0-2e6317fd3043___GCREC_Bact.Sp 2998.JPG,256,256,1.0,105.25381469726562,30.636474609375,881.6671142578125,6.683764849230179,102.43428039550781,107.878662109375,99.13325500488281
PlantVillage Internal,D:\Tomato_Disease_Research\plantvillage\Tomato_Bacterial_spot\eba8000b-ecbc-4417-bc21-67c7e4dd8c8d___GCREC_Bact.Sp 5916.JPG,256,256,1.0,97.7013931274414,33.446205139160156,718.18408203125,6.843324562230729,96.32650756835938,100.96974182128906,84.47830200195312
PlantVillage Internal,D:\Tomato_Disease_Research\plantvillage\Tomato_Bacterial_spot\ed618153-da70-475f-be98-cc2b9c28214b___GCREC_Bact.Sp 6211.JPG,256,256,1.0,108.8519287109375,33.99905776977539,924.0799560546875,6.763060114407899,110.52035522460938,113.32136535644531,81.46217346191406
PlantVillage Internal,D:\Tomato_Disease_Research\plantvillage\Tomato_Bacterial_spot\ee6e4597-cc98-4966-a9e9-bd6a4a76ea97___GCREC_Bact.Sp 3491.JPG,256,256,1.0,95.00773620605469,34.57505798339844,978.4803466796875,6.772033135749219,88.50404357910156,99.64614868164062,88.18193054199219
PlantVillage Internal,D:\Tomato_Disease_Research\plantvillage\Tomato_Bacterial_spot\ef238437-be93-46f4-a67d-124949f847f6___GCREC_Bact.Sp 3798.JPG,256,256,1.0,87.82218170166016,28.417720794677734,1426.4097900390625,6.768678678354877,88.08035278320312,91.70820617675781,67.13545227050781
PlantVillage Internal,D:\Tomato_Disease_Research\plantvillage\Tomato_Bacterial_spot\ef588b6e-ce90-4648-b1a4-990dc7dca22d___UF.GRC_BS_Lab Leaf 9288.JPG,256,256,1.0,119.4306640625,20.94682502746582,168.63497924804688,6.353777150191957,117.70306396484375,122.94825744628906,105.84928894042969
PlantVillage Internal,D:\Tomato_Disease_Research\plantvillage\Tomato_Bacterial_spot\efce769f-3228-490a-b442-58a67d2ce349___GCREC_Bact.Sp 5868.JPG,256,256,1.0,103.574462890625,34.668113708496094,821.4986572265625,6.735734692082439,102.61585998535156,105.86508178710938,94.29405212402344
PlantVillage Internal,D:\Tomato_Disease_Research\plantvillage\Tomato_Bacterial_spot\f0256cb3-6072-453f-9230-2ab16c2db646___GCREC_Bact.Sp 6303.JPG,256,256,1.0,99.32508850097656,42.50008773803711,2211.033203125,7.255302931860875,91.82206726074219,105.34806823730469,87.99095153808594
PlantVillage Internal,D:\Tomato_Disease_Research\plantvillage\Tomato_Bacterial_spot\f04fd2e9-8aef-423f-8c47-42e179092bad___GCREC_Bact.Sp 3679.JPG,256,256,1.0,96.46914672851562,38.97200012207031,2127.310546875,7.130198645922853,88.72740173339844,102.02806091308594,88.15068054199219
PlantVillage Internal,D:\Tomato_Disease_Research\plantvillage\Tomato_Bacterial_spot\f15cec7f-fe4f-4837-a3f0-1ec2bceaa10d___UF.GRC_BS_Lab Leaf 0226.JPG,256,256,1.0,141.06944274902344,34.399105072021484,280.261962890625,7.04879232451204,137.32330322265625,148.5840301513672,112.20140075683594
PlantVillage Internal,D:\Tomato_Disease_Research\plantvillage\Tomato_Bacterial_spot\f295d002-ba3b-45f4-ad4d-44ecf10afbf7___GCREC_Bact.Sp 5820.JPG,256,256,1.0,102.17788696289062,35.89018249511719,656.8121337890625,6.844595803826733,98.00360107421875,106.12149047851562,92.82012939453125
PlantVillage Internal,D:\Tomato_Disease_Research\plantvillage\Tomato_Bacterial_spot\f2fbcaa9-66a4-4937-a531-bfbe1a8956d1___GCREC_Bact.Sp 6091.JPG,256,256,1.0,109.86233520507812,32.295982360839844,1168.456298828125,6.850809544085257,103.53692626953125,114.86143493652344,100.71162414550781
PlantVillage Internal,D:\Tomato_Disease_Research\plantvillage\Tomato_Bacterial_spot\f3590208-3be1-4b32-accd-464e58950119___GCREC_Bact.Sp 3481.JPG,256,256,1.0,106.55668640136719,39.29240417480469,1107.111083984375,7.138777538693811,99.38975524902344,111.09182739257812,102.00210571289062
PlantVillage Internal,D:\Tomato_Disease_Research\plantvillage\Tomato_Bacterial_spot\f4f094d0-b879-4352-adf1-c9f9b8303881___GCREC_Bact.Sp 3539.JPG,256,256,1.0,91.88348388671875,30.771089553833008,959.717529296875,6.8039358574642606,88.60073852539062,96.279541015625,77.85762023925781
PlantVillage Internal,D:\Tomato_Disease_Research\plantvillage\Tomato_Bacterial_spot\f68ccc94-dbbb-43e3-a7fb-c298c0f5830c___GCREC_Bact.Sp 6057.JPG,256,256,1.0,99.12442016601562,28.525373458862305,1501.38427734375,6.775077094664017,97.81231689453125,100.95063781738281,93.16242980957031
PlantVillage Internal,D:\Tomato_Disease_Research\plantvillage\Tomato_Bacterial_spot\f69eb99b-2cf8-4fb1-abea-b1bad4d9dad8___GCREC_Bact.Sp 6151.JPG,256,256,1.0,103.46143341064453,38.72086715698242,1252.222900390625,7.002771704470231,98.87632751464844,106.66322326660156,99.00082397460938
PlantVillage Internal,D:\Tomato_Disease_Research\plantvillage\Tomato_Bacterial_spot\f715c7e4-8b89-4eda-b020-adcf49e910f0___GCREC_Bact.Sp 6315.JPG,256,256,1.0,106.01212310791016,41.942195892333984,1665.818603515625,7.14522746464111,101.22402954101562,110.3233642578125,96.37120056152344
PlantVillage Internal,D:\Tomato_Disease_Research\plantvillage\Tomato_Bacterial_spot\f82504ab-2205-4b5e-968f-225eff5b22fb___GCREC_Bact.Sp 3705.JPG,256,256,1.0,102.96122741699219,36.78000259399414,808.0966186523438,7.052175148698161,99.16792297363281,106.974853515625,92.24363708496094
PlantVillage Internal,D:\Tomato_Disease_Research\plantvillage\Tomato_Bacterial_spot\f848e0cd-2447-4b8f-8467-4e14f4d20e83___GCREC_Bact.Sp 6140.JPG,256,256,1.0,104.20706176757812,47.38396072387695,1549.0853271484375,7.237299690105991,97.218994140625,108.76419067382812,99.07017517089844
PlantVillage Internal,D:\Tomato_Disease_Research\plantvillage\Tomato_Bacterial_spot\f8612abc-7408-451f-b6b8-89561d679bd0___GCREC_Bact.Sp 2997.JPG,256,256,1.0,116.24641418457031,38.99428176879883,1130.802978515625,6.926526759399287,112.87713623046875,118.26261901855469,114.70172119140625
PlantVillage Internal,D:\Tomato_Disease_Research\plantvillage\Tomato_Bacterial_spot\f880355a-9e96-41a3-9e66-79d498dc6d61___GCREC_Bact.Sp 3823.JPG,256,256,1.0,100.71920776367188,27.030302047729492,326.378662109375,6.6769582726159,97.96340942382812,105.02996826171875,85.75048828125
PlantVillage Internal,D:\Tomato_Disease_Research\plantvillage\Tomato_Bacterial_spot\fa0a336a-ddda-4571-9fad-d0331280640a___GCREC_Bact.Sp 3845.JPG,256,256,1.0,96.3740234375,25.459758758544922,331.3919677734375,6.633950585125535,90.697265625,102.61872863769531,79.10830688476562
PlantVillage Internal,D:\Tomato_Disease_Research\plantvillage\Tomato_Bacterial_spot\face0e7f-6173-456e-9ee5-973aedb41c3b___GCREC_Bact.Sp 3493.JPG,256,256,1.0,94.40990447998047,28.813631057739258,1165.1448974609375,6.7799813440485535,88.16720581054688,98.96363830566406,87.33554077148438
PlantVillage Internal,D:\Tomato_Disease_Research\plantvillage\Tomato_Bacterial_spot\fbae79e4-5907-44e2-b249-68e0643f1a21___UF.GRC_BS_Lab Leaf 0330.JPG,256,256,1.0,132.70790100097656,37.499290466308594,297.6004943847656,7.085588825868923,130.11996459960938,138.46530151367188,109.84994506835938
PlantVillage Internal,D:\Tomato_Disease_Research\plantvillage\Tomato_Bacterial_spot\fc48610a-675f-4fdf-998d-5d877c909550___GCREC_Bact.Sp 2959.JPG,256,256,1.0,109.98892211914062,36.373435974121094,1563.810791015625,7.025602120534209,108.4560546875,112.58549499511719,100.63932800292969
PlantVillage Internal,D:\Tomato_Disease_Research\plantvillage\Tomato_Bacterial_spot\fc594562-7b84-4049-8095-7e23b7ecba2f___GCREC_Bact.Sp 5910.JPG,256,256,1.0,85.27824401855469,34.989967346191406,910.066162109375,6.813708562626177,81.37101745605469,88.34757995605469,79.72175598144531
PlantVillage Internal,D:\Tomato_Disease_Research\plantvillage\Tomato_Bacterial_spot\fd3e89ea-d6f8-4544-8aa5-ec27578a0a7b___GCREC_Bact.Sp 3788.JPG,256,256,1.0,92.90328979492188,26.337244033813477,1365.7177734375,6.720452239174268,90.51695251464844,97.34419250488281,76.29539489746094
PlantVillage Internal,D:\Tomato_Disease_Research\plantvillage\Tomato_Bacterial_spot\feff1503-fc62-4ea6-ac5b-e8b7448ad5e4___GCREC_Bact.Sp 3203.JPG,256,256,1.0,102.02847290039062,28.37580680847168,1321.3074951171875,6.79534905464433,100.11984252929688,105.47308349609375,89.29776000976562
PlantVillage Internal,D:\Tomato_Disease_Research\plantvillage\Tomato_Early_blight\04747279-48b2-4ce1-932b-e511424beb6b___RS_Erly.B 8240.JPG,256,256,1.0,128.47915649414062,67.41422271728516,4754.328125,7.667883263508854,127.18179321289062,131.05218505859375,118.63310241699219
PlantVillage Internal,D:\Tomato_Disease_Research\plantvillage\Tomato_Early_blight\04e38351-80bc-4260-8a4d-187f7817c3e5___RS_Erly.B 7439.JPG,256,256,1.0,153.3221435546875,50.141387939453125,386.7329406738281,7.462884671038706,151.7274627685547,155.76193237304688,144.94195556640625
PlantVillage Internal,D:\Tomato_Disease_Research\plantvillage\Tomato_Early_blight\074bc781-f586-46b0-bef5-0237e3bf5043___RS_Erly.B 8375.JPG,256,256,1.0,108.98934936523438,47.53323745727539,5605.30078125,7.4387386105929165,107.44264221191406,115.13597106933594,81.39633178710938
PlantVillage Internal,D:\Tomato_Disease_Research\plantvillage\Tomato_Early_blight\090af0e4-75f2-495a-8bca-a3370c6dd2a6___RS_Erly.B 9562.JPG,256,256,1.0,104.58712768554688,49.496402740478516,1942.853271484375,7.2899636081746495,107.47041320800781,103.84629821777344,100.83944702148438
PlantVillage Internal,D:\Tomato_Disease_Research\plantvillage\Tomato_Early_blight\0ae44a6c-1213-4312-a11b-c7c5d4e585d0___RS_Erly.B 9442.JPG,256,256,1.0,103.37907409667969,45.51171112060547,1711.628662109375,7.097881912505028,102.78886413574219,105.24867248535156,95.30026245117188
PlantVillage Internal,D:\Tomato_Disease_Research\plantvillage\Tomato_Early_blight\0bb52721-51a6-4343-8c54-de15cedf8e5c___RS_Erly.B 7572.JPG,256,256,1.0,125.65795135498047,46.21443176269531,384.4669189453125,7.163346083067903,119.02609252929688,129.03675842285156,125.6541748046875
PlantVillage Internal,D:\Tomato_Disease_Research\plantvillage\Tomato_Early_blight\0bed4d68-b82c-4e96-bbfe-e0fc10df01aa___RS_Erly.B 8301.JPG,256,256,1.0,119.5893325805664,63.431983947753906,4313.39208984375,7.673443150911884,118.03266906738281,122.38427734375,109.28067016601562
PlantVillage Internal,D:\Tomato_Disease_Research\plantvillage\Tomato_Early_blight\0efaac13-1988-48db-aec3-f31df3045b95___RS_Erly.B 8342.JPG,256,256,1.0,115.8075180053711,48.221981048583984,3972.467529296875,7.545640921080197,122.77449035644531,120.0487060546875,75.696044921875
PlantVillage Internal,D:\Tomato_Disease_Research\plantvillage\Tomato_Early_blight\0f03a09c-aa48-4d51-95e1-752c466c3742___RS_Erly.B 6413.JPG,256,256,1.0,107.60527801513672,33.81113052368164,803.4490356445312,6.967967341822819,107.26602172851562,110.79449462890625,92.07344055175781
PlantVillage Internal,D:\Tomato_Disease_Research\plantvillage\Tomato_Early_blight\0f065614-a53a-4c83-9d29-5d3e4ab5b41d___RS_Erly.B 7676.JPG,256,256,1.0,114.10345458984375,55.497676849365234,1800.493896484375,7.453994724720183,113.45539855957031,116.84600830078125,101.681396484375
PlantVillage Internal,D:\Tomato_Disease_Research\plantvillage\Tomato_Early_blight\0f7a2408-9c26-4ff9-bee5-2bfcd91a11f7___RS_Erly.B 9440.JPG,256,256,1.0,114.33807373046875,42.653594970703125,1205.6719970703125,7.148297084366232,113.91949462890625,116.35252380371094,105.06326293945312
PlantVillage Internal,D:\Tomato_Disease_Research\plantvillage\Tomato_Early_blight\113562f3-fe24-4b28-9ec8-7ca432bded47___RS_Erly.B 9402.JPG,256,256,1.0,105.06024169921875,47.353328704833984,2251.009765625,7.120142120668197,107.74543762207031,105.6298828125,95.08432006835938
PlantVillage Internal,D:\Tomato_Disease_Research\plantvillage\Tomato_Early_blight\15fb19ad-8a5a-4e1b-8ed2-c8d48b006b1d___RS_Erly.B 7674.JPG,256,256,1.0,108.42517852783203,46.64902114868164,60.57978057861328,7.297584960951761,106.18701171875,111.95675659179688,96.11099243164062
PlantVillage Internal,D:\Tomato_Disease_Research\plantvillage\Tomato_Early_blight\16ae1b64-2954-4135-bea5-d599ba56740c___RS_Erly.B 7649.JPG,256,256,1.0,112.11910247802734,29.831722259521484,1666.9393310546875,6.935646954628453,109.45011901855469,114.335205078125,107.70835876464844
PlantVillage Internal,D:\Tomato_Disease_Research\plantvillage\Tomato_Early_blight\1873e09f-31fd-4612-920a-861fac1af687___RS_Erly.B 7797.JPG,256,256,1.0,127.34251403808594,59.65049362182617,4349.0068359375,7.385164003439207,124.05931091308594,129.64158630371094,124.11557006835938
PlantVillage Internal,D:\Tomato_Disease_Research\plantvillage\Tomato_Early_blight\19427ace-5a24-4e30-8a4d-228ab4a3b99b___RS_Erly.B 7403.JPG,256,256,1.0,96.75252532958984,41.81512451171875,1489.3448486328125,7.040047022064549,98.62565612792969,96.93499755859375,90.90011596679688
PlantVillage Internal,D:\Tomato_Disease_Research\plantvillage\Tomato_Early_blight\1bff3ab2-9e99-4d4b-ad0e-acd943324050___RS_Erly.B 6460.JPG,256,256,1.0,95.50125122070312,30.427759170532227,695.576416015625,6.677623472769572,86.56507873535156,100.63223266601562,92.51896667480469
PlantVillage Internal,D:\Tomato_Disease_Research\plantvillage\Tomato_Early_blight\1d3d164e-43a9-4e0a-9e4f-9c9abab64d88___RS_Erly.B 7824.JPG,256,256,1.0,118.08302307128906,65.70989990234375,1525.387939453125,7.376538199305748,119.11540222167969,118.35836791992188,113.95744323730469
PlantVillage Internal,D:\Tomato_Disease_Research\plantvillage\Tomato_Early_blight\1f4c9f8a-5672-4e47-84dd-55f85f953174___RS_Erly.B 7582.JPG,256,256,1.0,108.22042846679688,47.678401947021484,920.5699462890625,7.197048677211421,104.13694763183594,111.41658020019531,102.47325134277344
PlantVillage Internal,D:\Tomato_Disease_Research\plantvillage\Tomato_Early_blight\21d6c7aa-20d7-4434-9248-e21d073e165a___RS_Erly.B 7495.JPG,256,256,1.0,117.2734603881836,57.8413200378418,1086.5269775390625,7.294049066230681,112.26327514648438,122.23994445800781,104.84120178222656
PlantVillage Internal,D:\Tomato_Disease_Research\plantvillage\Tomato_Early_blight\2312305e-c167-4730-a07a-db5c9956077a___RS_Erly.B 7752.JPG,256,256,1.0,117.18011474609375,60.27895736694336,4328.138671875,7.399964928141046,118.33833312988281,117.45230102539062,112.7408447265625
PlantVillage Internal,D:\Tomato_Disease_Research\plantvillage\Tomato_Early_blight\248a61d1-ed39-452b-b985-77120c1edc7a___RS_Erly.B 7669.JPG,256,256,1.0,77.87051391601562,27.701881408691406,2080.48876953125,6.801200885573666,76.5897216796875,79.35812377929688,73.56985473632812
PlantVillage Internal,D:\Tomato_Disease_Research\plantvillage\Tomato_Early_blight\248f220e-56ac-43f1-8f17-641ed4637138___RS_Erly.B 7802.JPG,256,256,1.0,125.90497589111328,45.8409309387207,9502.126953125,7.4355633165731625,128.763916015625,126.253173828125,116.61367797851562
PlantVillage Internal,D:\Tomato_Disease_Research\plantvillage\Tomato_Early_blight\25430871-a740-4dd8-a836-bf2d52eb233b___RS_Erly.B 6420.JPG,256,256,1.0,99.41462707519531,33.36714553833008,453.2728271484375,6.844235765685584,99.8001708984375,100.95314025878906,90.48147583007812
PlantVillage Internal,D:\Tomato_Disease_Research\plantvillage\Tomato_Early_blight\2606a4ae-7b2f-4fd6-a561-fc9dce2ffc02___RS_Erly.B 9570.JPG,256,256,1.0,110.10538482666016,43.3719367980957,1545.49609375,7.103488626208347,104.23155212402344,113.60984802246094,107.46638488769531
PlantVillage Internal,D:\Tomato_Disease_Research\plantvillage\Tomato_Early_blight\26b721c9-94fd-4e19-bb7e-521238eb8a1b___RS_Erly.B 9380.JPG,256,256,1.0,165.10537719726562,56.06815719604492,3387.70947265625,7.4969593049293906,162.0388641357422,170.92977905273438,143.1575164794922
PlantVillage Internal,D:\Tomato_Disease_Research\plantvillage\Tomato_Early_blight\2792287f-aa8e-4c03-aabe-479e75cdc0f8___RS_Erly.B 9584.JPG,256,256,1.0,102.88276672363281,42.78923416137695,2308.646484375,7.34905020844935,94.88641357421875,106.97415161132812,102.78855895996094
PlantVillage Internal,D:\Tomato_Disease_Research\plantvillage\Tomato_Early_blight\2840c2f1-b901-41c2-8d0c-7827bc7f8ab3___RS_Erly.B 9574.JPG,256,256,1.0,108.73283386230469,48.12146759033203,1001.4520263671875,7.344645315291782,106.53041076660156,112.19076538085938,96.70411682128906
PlantVillage Internal,D:\Tomato_Disease_Research\plantvillage\Tomato_Early_blight\2c9fda20-f414-4aaa-8798-faf6bc38f014___RS_Erly.B 6491.JPG,256,256,1.0,96.6220703125,33.09565734863281,1324.6337890625,6.896379482118659,90.32627868652344,101.72611999511719,86.85330200195312
PlantVillage Internal,D:\Tomato_Disease_Research\plantvillage\Tomato_Early_blight\2f6115d3-4997-4174-aa6a-9025c654e81f___RS_Erly.B 9374.JPG,256,256,1.0,126.33210754394531,58.59881591796875,5498.76953125,7.555756991016171,131.04583740234375,126.29597473144531,114.15498352050781
PlantVillage Internal,D:\Tomato_Disease_Research\plantvillage\Tomato_Early_blight\30901e71-e656-4e7e-b3ec-0f813c307b88___RS_Erly.B 9396.JPG,256,256,1.0,109.69457244873047,52.537567138671875,4311.39208984375,7.4474226834974075,111.06025695800781,110.56852722167969,101.61257934570312
PlantVillage Internal,D:\Tomato_Disease_Research\plantvillage\Tomato_Early_blight\31e2b9eb-6005-493f-b1c7-293f3dd309dc___RS_Erly.B 7859.JPG,256,256,1.0,114.46588134765625,45.223812103271484,5147.43798828125,7.080024685256831,113.49861145019531,117.6513671875,100.60040283203125
PlantVillage Internal,D:\Tomato_Disease_Research\plantvillage\Tomato_Early_blight\3253ff4e-90ab-475a-89d2-f99875c53367___RS_Erly.B 8356.JPG,256,256,1.0,132.89639282226562,48.75559616088867,5364.2509765625,7.4815682199381035,136.890625,133.8193817138672,117.66769409179688
PlantVillage Internal,D:\Tomato_Disease_Research\plantvillage\Tomato_Early_blight\32f37240-9abc-4a4d-8c62-37ee3e89d0b6___RS_Erly.B 6424.JPG,256,256,1.0,104.55914306640625,36.28023147583008,1113.88037109375,7.029091796958329,105.1641845703125,106.78958129882812,91.4874267578125
PlantVillage Internal,D:\Tomato_Disease_Research\plantvillage\Tomato_Early_blight\3592b22c-09cd-4005-97c4-cdd11318cce0___RS_Erly.B 9391.JPG,256,256,1.0,128.57305908203125,65.04995727539062,5366.3212890625,7.618539000692152,128.4696807861328,130.91952514648438,116.76199340820312
PlantVillage Internal,D:\Tomato_Disease_Research\plantvillage\Tomato_Early_blight\36c17d6d-9e00-4e7c-bf14-eaadb64b508d___RS_Erly.B 7641.JPG,256,256,1.0,109.73118591308594,34.40934753417969,799.197265625,6.8869783602670855,100.80931091308594,114.876953125,106.63531494140625
PlantVillage Internal,D:\Tomato_Disease_Research\plantvillage\Tomato_Early_blight\392df5d9-0383-4ce9-a6fa-17d09cdc3c62___RS_Erly.B 9497.JPG,256,256,1.0,133.7635498046875,46.9948844909668,4331.03515625,7.467323007802111,131.94342041015625,136.93421936035156,122.21122741699219
PlantVillage Internal,D:\Tomato_Disease_Research\plantvillage\Tomato_Early_blight\398d72f7-db26-4138-9364-eb506f9495f4___RS_Erly.B 9450.JPG,256,256,1.0,110.13348388671875,55.35342025756836,4762.4775390625,7.636740402885419,106.87135314941406,113.87806701660156,99.40806579589844
PlantVillage Internal,D:\Tomato_Disease_Research\plantvillage\Tomato_Early_blight\3a2f31aa-b3e1-45a0-b0e6-2ffe3a2538b2___RS_Erly.B 9393.JPG,256,256,1.0,119.71136474609375,64.7358627319336,5563.63671875,7.6882983593192815,118.91421508789062,122.60476684570312,106.90370178222656
PlantVillage Internal,D:\Tomato_Disease_Research\plantvillage\Tomato_Early_blight\3a5a5775-fd2c-43ea-ad6b-ce2e50b36dcf___RS_Erly.B 6469.JPG,256,256,1.0,115.66870880126953,29.35154914855957,1257.71337890625,6.541410488647499,113.34342956542969,118.1624755859375,108.9267578125
PlantVillage Internal,D:\Tomato_Disease_Research\plantvillage\Tomato_Early_blight\3c09557f-b69a-423e-a84f-8fd9ee6467d2___RS_Erly.B 9490.JPG,256,256,1.0,111.12674713134766,61.267791748046875,5393.77294921875,7.589899258390718,110.9810791015625,114.19131469726562,95.72900390625
PlantVillage Internal,D:\Tomato_Disease_Research\plantvillage\Tomato_Early_blight\3c5b8470-8596-44bf-baa3-164a03e1c818___RS_Erly.B 9611.JPG,256,256,1.0,102.41130065917969,47.61186599731445,1490.025634765625,7.314680267960514,97.48818969726562,105.27435302734375,100.58155822753906
PlantVillage Internal,D:\Tomato_Disease_Research\plantvillage\Tomato_Early_blight\420da335-510d-4e55-ac9c-2cad3530ad68___RS_Erly.B 8442.JPG,256,256,1.0,107.42797088623047,52.82668685913086,6184.5791015625,7.560897955589148,115.36734008789062,107.19525146484375,87.80284118652344
PlantVillage Internal,D:\Tomato_Disease_Research\plantvillage\Tomato_Early_blight\422802e1-cee5-43b7-b735-7f90b5e5d4e2___RS_Erly.B 7349.JPG,256,256,1.0,106.49600219726562,32.825477600097656,1657.467041015625,6.99282802011285,105.62026977539062,107.912109375,101.50119018554688
PlantVillage Internal,D:\Tomato_Disease_Research\plantvillage\Tomato_Early_blight\427229e9-359c-49c5-8dfd-b721a3802899___RS_Erly.B 7861.JPG,256,256,1.0,128.5845947265625,41.058860778808594,5184.72998046875,7.016565900106915,138.17054748535156,125.87091064453125,117.4156494140625
PlantVillage Internal,D:\Tomato_Disease_Research\plantvillage\Tomato_Early_blight\42a9a952-29d4-4a66-9dd9-65ebaac0db93___RS_Erly.B 7815.JPG,256,256,1.0,117.00738525390625,62.36674118041992,3316.525390625,7.129972269496698,121.31492614746094,117.70333862304688,102.12600708007812
PlantVillage Internal,D:\Tomato_Disease_Research\plantvillage\Tomato_Early_blight\42c0d61f-b28e-43e9-9fa3-bb03c6ec086a___RS_Erly.B 9601.JPG,256,256,1.0,102.1021957397461,41.35902786254883,1125.480224609375,7.176110985984572,105.6595458984375,103.88633728027344,83.585205078125
PlantVillage Internal,D:\Tomato_Disease_Research\plantvillage\Tomato_Early_blight\498e5205-4421-4ec6-80b5-e4f79156b1c5___RS_Erly.B 7362.JPG,256,256,1.0,95.91109466552734,30.673324584960938,1001.6525268554688,6.900675987123206,93.28961181640625,98.96510314941406,87.06123352050781
PlantVillage Internal,D:\Tomato_Disease_Research\plantvillage\Tomato_Early_blight\4b8821ef-8364-4a04-9549-58d58ffe0411___RS_Erly.B 7704.JPG,256,256,1.0,115.31405639648438,51.41985321044922,4625.1474609375,7.268053110564497,121.25433349609375,113.79570007324219,107.55203247070312
PlantVillage Internal,D:\Tomato_Disease_Research\plantvillage\Tomato_Early_blight\4d88d7a6-b49c-4927-81de-60b6b807c839___RS_Erly.B 7655.JPG,256,256,1.0,116.26988220214844,52.3331184387207,160.236328125,7.457209583500965,112.95838928222656,119.30023193359375,109.35162353515625
PlantVillage Internal,D:\Tomato_Disease_Research\plantvillage\Tomato_Early_blight\51f589f7-d843-4d5d-8c5a-385951f58865___RS_Erly.B 9424.JPG,256,256,1.0,107.71095275878906,47.49237823486328,1599.2554931640625,7.257202892125638,107.62997436523438,108.795654296875,102.33807373046875
PlantVillage Internal,D:\Tomato_Disease_Research\plantvillage\Tomato_Early_blight\5390d8c0-5781-47cf-8d0a-482e000a01f3___RS_Erly.B 7400.JPG,256,256,1.0,106.03790283203125,38.468406677246094,2647.56201171875,6.999304054189249,103.14048767089844,108.82431030273438,99.289794921875
PlantVillage Internal,D:\Tomato_Disease_Research\plantvillage\Tomato_Early_blight\546af1f7-3d4f-4024-88b1-f981fea7f2dd___RS_Erly.B 9455.JPG,256,256,1.0,115.74697875976562,55.925392150878906,3823.474853515625,7.695693719685368,113.58837890625,119.68606567382812,101.12571716308594
PlantVillage Internal,D:\Tomato_Disease_Research\plantvillage\Tomato_Early_blight\54d55df4-c760-4191-b998-d1e1493a35f5___RS_Erly.B 7524.JPG,256,256,1.0,103.01123046875,50.002437591552734,1122.7509765625,7.252497160160987,102.12374877929688,104.25871276855469,98.91546630859375
PlantVillage Internal,D:\Tomato_Disease_Research\plantvillage\Tomato_Early_blight\5595a78c-8a56-4ee2-b085-a96c6fb67846___RS_Erly.B 7716.JPG,256,256,1.0,115.09494018554688,58.427608489990234,5659.736328125,7.557458397852826,114.17498779296875,117.56855773925781,104.77085876464844
PlantVillage Internal,D:\Tomato_Disease_Research\plantvillage\Tomato_Early_blight\58268d35-a896-406d-9686-5f2f2b9a5b10___RS_Erly.B 7433.JPG,256,256,1.0,104.38591003417969,46.479331970214844,2329.1767578125,7.314386296071782,101.41670227050781,106.58541870117188,100.84805297851562
PlantVillage Internal,D:\Tomato_Disease_Research\plantvillage\Tomato_Early_blight\583a02eb-f2f2-4a62-8455-f77e08fc19c4___RS_Erly.B 8266.JPG,256,256,1.0,123.48641967773438,59.57420349121094,3830.847900390625,7.645469250844094,122.35939025878906,125.89982604980469,114.01553344726562
PlantVillage Internal,D:\Tomato_Disease_Research\plantvillage\Tomato_Early_blight\591ec786-c9bb-4054-be3a-055f0dbecbd2___RS_Erly.B 7416.JPG,256,256,1.0,101.9769058227539,27.214101791381836,189.1964569091797,6.601276794603628,101.2430419921875,105.47407531738281,85.89431762695312
PlantVillage Internal,D:\Tomato_Disease_Research\plantvillage\Tomato_Early_blight\5a05e4e9-74d1-40a8-aca2-dc3500ef5fbc___RS_Erly.B 9489.JPG,256,256,1.0,125.26419067382812,52.68220520019531,4409.947265625,7.455527552341948,126.26077270507812,128.180908203125,107.6318359375
PlantVillage Internal,D:\Tomato_Disease_Research\plantvillage\Tomato_Early_blight\5ad16a00-4f2d-4872-a45c-80250b507ecc___RS_Erly.B 9378.JPG,256,256,1.0,99.73892211914062,41.306602478027344,1839.18798828125,7.139075428896516,97.0299072265625,103.47061157226562,87.62925720214844
PlantVillage Internal,D:\Tomato_Disease_Research\plantvillage\Tomato_Early_blight\5d0f4647-6f88-4c84-bacf-d6bc4d469c4d___RS_Erly.B 8411.JPG,256,256,1.0,101.88350677490234,66.38687896728516,4890.5927734375,7.66932635375524,102.3310546875,104.93130493164062,85.01620483398438
PlantVillage Internal,D:\Tomato_Disease_Research\plantvillage\Tomato_Early_blight\5d5d73a4-b480-4479-a5a5-8d6ba6909eac___RS_Erly.B 9409.JPG,256,256,1.0,107.5250473022461,52.501976013183594,1407.0045166015625,7.495168547416252,108.74911499023438,109.34144592285156,94.96168518066406
PlantVillage Internal,D:\Tomato_Disease_Research\plantvillage\Tomato_Early_blight\605e0af6-415f-4e25-8f0d-a8f36371732b___RS_Erly.B 7827.JPG,256,256,1.0,123.64752960205078,45.502525329589844,4972.0810546875,7.19964965988634,122.01728820800781,126.41249084472656,113.68620300292969
PlantVillage Internal,D:\Tomato_Disease_Research\plantvillage\Tomato_Early_blight\654d7c11-664e-47c0-a6aa-c5c45a07e386___RS_Erly.B 7799.JPG,256,256,1.0,129.306640625,47.37633514404297,9685.56640625,7.4714451497283285,132.9087677001953,127.95565795898438,126.81529235839844
PlantVillage Internal,D:\Tomato_Disease_Research\plantvillage\Tomato_Early_blight\65568918-2d9c-4f0c-aa9d-3f4fa8b9a60c___RS_Erly.B 7354.JPG,256,256,1.0,97.32612609863281,34.78347396850586,744.7642822265625,6.664235328603857,96.09030151367188,99.46246337890625,89.567138671875
PlantVillage Internal,D:\Tomato_Disease_Research\plantvillage\Tomato_Early_blight\65e02ee3-6760-4416-b1a5-9556bea43d0b___RS_Erly.B 7772.JPG,256,256,1.0,122.4345474243164,63.23756408691406,4533.1796875,7.414297490852119,124.0079345703125,123.66680908203125,111.96279907226562
PlantVillage Internal,D:\Tomato_Disease_Research\plantvillage\Tomato_Early_blight\66c98dd1-2790-4977-91ee-1b10ca8c687b___RS_Erly.B 8418.JPG,256,256,1.0,128.7741241455078,64.5113296508789,6148.47265625,7.770623234878685,124.45509338378906,133.46194458007812,115.96400451660156
PlantVillage Internal,D:\Tomato_Disease_Research\plantvillage\Tomato_Early_blight\676eb874-87e8-4f5d-bd38-013799c31996___RS_Erly.B 6458.JPG,256,256,1.0,108.90977478027344,31.33272361755371,1873.6658935546875,6.727004688958435,102.19670104980469,114.17967224121094,99.38153076171875
PlantVillage Internal,D:\Tomato_Disease_Research\plantvillage\Tomato_Early_blight\680b86dc-14e0-4668-95c8-776193015146___RS_Erly.B 7854.JPG,256,256,1.0,122.03648376464844,43.92972946166992,3327.604248046875,6.953424403901229,127.50311279296875,121.24807739257812,111.75816345214844
PlantVillage Internal,D:\Tomato_Disease_Research\plantvillage\Tomato_Early_blight\68d12608-22a0-4b11-ab99-37cb4cd6fdce___RS_Erly.B 6392.JPG,256,256,1.0,84.10020446777344,31.85706901550293,1740.67138671875,6.9447043470282,82.60414123535156,88.08636474609375,67.49888610839844
PlantVillage Internal,D:\Tomato_Disease_Research\plantvillage\Tomato_Early_blight\69e0581c-14a5-42d8-ad48-4f689d05632f___RS_Erly.B 6432.JPG,256,256,1.0,106.18151092529297,34.87281036376953,1027.232177734375,6.91004377351312,101.86935424804688,110.31805419921875,96.19184875488281
PlantVillage Internal,D:\Tomato_Disease_Research\plantvillage\Tomato_Early_blight\6a6f1594-62fa-487a-a51f-38b86e7483cf___RS_Erly.B 6360.JPG,256,256,1.0,98.43305206298828,28.102991104125977,424.78631591796875,6.631988197753414,100.11643981933594,101.17263793945312,79.911376953125
PlantVillage Internal,D:\Tomato_Disease_Research\plantvillage\Tomato_Early_blight\6efab540-3bb1-47fd-b55f-ed447305f500___RS_Erly.B 7397.JPG,256,256,1.0,101.71619415283203,35.668025970458984,509.7231750488281,6.990405304324146,98.49978637695312,104.50804138183594,95.776611328125
PlantVillage Internal,D:\Tomato_Disease_Research\plantvillage\Tomato_Early_blight\6f8046e5-2fc8-4243-a887-b4e99d16397d___RS_Erly.B 6471.JPG,256,256,1.0,96.92990112304688,25.954038619995117,1051.9110107421875,6.657706279850777,90.05278015136719,104.49359130859375,76.02082824707031
PlantVillage Internal,D:\Tomato_Disease_Research\plantvillage\Tomato_Early_blight\6fbefe16-4635-4a03-b245-65594ded39cf___RS_Erly.B 7654.JPG,256,256,1.0,102.86117553710938,51.806522369384766,894.7421264648438,7.344532572780986,100.56019592285156,105.4378662109375,95.62846374511719
PlantVillage Internal,D:\Tomato_Disease_Research\plantvillage\Tomato_Early_blight\7984dac1-acc8-466a-bbee-7377ea702462___RS_Erly.B 8386.JPG,256,256,1.0,115.41017150878906,51.741546630859375,5902.298828125,7.559770640950852,112.80570983886719,120.80833435058594,94.44534301757812
PlantVillage Internal,D:\Tomato_Disease_Research\plantvillage\Tomato_Early_blight\7e236dc3-40e2-4ff9-8356-4fb7a3fcc0ff___RS_Erly.B 6426.JPG,256,256,1.0,91.69337463378906,38.3839111328125,775.7705078125,6.993816298611192,89.22129821777344,94.76988220214844,82.33586120605469
PlantVillage Internal,D:\Tomato_Disease_Research\plantvillage\Tomato_Early_blight\815fb4d0-7902-45a2-a7c7-2ee400a2e25a___RS_Erly.B 7646.JPG,256,256,1.0,98.72265625,49.96595001220703,1585.588623046875,7.310156475863245,96.35665893554688,100.71659851074219,94.66116333007812
PlantVillage Internal,D:\Tomato_Disease_Research\plantvillage\Tomato_Early_blight\829d0a5e-326c-4ae6-a3c6-c65297cb5d2f___RS_Erly.B 8338.JPG,256,256,1.0,112.99390411376953,58.47702407836914,3478.16650390625,7.615403143913403,119.84341430664062,117.14581298828125,73.65025329589844
PlantVillage Internal,D:\Tomato_Disease_Research\plantvillage\Tomato_Early_blight\84fe717f-2161-43c2-ad2f-ee2678a31e9f___RS_Erly.B 9416.JPG,256,256,1.0,104.59114837646484,40.7718620300293,1681.7529296875,7.161700783781461,105.77833557128906,106.119140625,93.60955810546875
PlantVillage Internal,D:\Tomato_Disease_Research\plantvillage\Tomato_Early_blight\8597694d-3162-40ab-9f5b-e8c7cf03e045___RS_Erly.B 9485.JPG,256,256,1.0,102.64688110351562,43.428462982177734,5116.796875,7.342602118497926,97.39306640625,108.71330261230469,85.18988037109375
PlantVillage Internal,D:\Tomato_Disease_Research\plantvillage\Tomato_Early_blight\893b7469-eb50-4567-9292-dc8f7610c311___RS_Erly.B 6442.JPG,256,256,1.0,99.3474349975586,32.61458206176758,720.3076171875,6.952423294502885,94.81892395019531,104.42207336425781,85.09489440917969
PlantVillage Internal,D:\Tomato_Disease_Research\plantvillage\Tomato_Early_blight\89e7a492-7347-4659-ac0b-2df664ed4c80___RS_Erly.B 8438.JPG,256,256,1.0,122.0928726196289,54.634071350097656,6419.95556640625,7.494471262008268,129.78359985351562,120.83822631835938,108.38188171386719
PlantVillage Internal,D:\Tomato_Disease_Research\plantvillage\Tomato_Early_blight\8a13da5b-4bc2-485a-962d-df8c6634ea00___RS_Erly.B 7519.JPG,256,256,1.0,97.3529052734375,45.04184341430664,1117.103271484375,7.0737387115191686,90.12109375,102.99549865722656,87.26609802246094
PlantVillage Internal,D:\Tomato_Disease_Research\plantvillage\Tomato_Early_blight\8ac21e2c-f953-4e96-8d43-e82dae24017e___RS_Erly.B 7459.JPG,256,256,1.0,85.16316223144531,32.27064514160156,2352.93408203125,7.0165605314626704,85.18382263183594,86.96078491210938,75.852783203125
PlantVillage Internal,D:\Tomato_Disease_Research\plantvillage\Tomato_Early_blight\8c757ec5-a977-412f-bf8e-208fefc79063___RS_Erly.B 9504.JPG,256,256,1.0,127.13932037353516,59.833473205566406,4223.05859375,7.623617095373973,125.83834838867188,130.3262481689453,114.14167785644531
PlantVillage Internal,D:\Tomato_Disease_Research\plantvillage\Tomato_Early_blight\8d4ae220-8a79-4ca0-886c-92e90fc7efb2___RS_Erly.B 7625.JPG,256,256,1.0,106.11388397216797,34.47575759887695,2030.7236328125,7.043069369766094,98.90621948242188,110.93711853027344,100.18272399902344
PlantVillage Internal,D:\Tomato_Disease_Research\plantvillage\Tomato_Early_blight\8eba4e89-f5bf-45d4-be9b-30dfde83f538___RS_Erly.B 7586.JPG,256,256,1.0,121.07992553710938,44.62704086303711,1240.8690185546875,7.160078526408892,117.282958984375,123.59320068359375,118.09745788574219
PlantVillage Internal,D:\Tomato_Disease_Research\plantvillage\Tomato_Early_blight\90b9c783-480b-4f9b-a97a-d632f60a8f24___RS_Erly.B 9566.JPG,256,256,1.0,113.32942962646484,43.423553466796875,915.0653686523438,7.130737989676092,107.15652465820312,117.74766540527344,106.76969909667969
PlantVillage Internal,D:\Tomato_Disease_Research\plantvillage\Tomato_Early_blight\93296d31-4bc2-4998-adce-ec243e940152___RS_Erly.B 7410.JPG,256,256,1.0,109.67619323730469,26.76726722717285,2134.140625,6.726674040522234,109.591796875,110.85231018066406,103.84159851074219
PlantVillage Internal,D:\Tomato_Disease_Research\plantvillage\Tomato_Early_blight\9664a85d-6c90-46d7-98e6-cbf1b99cc53e___RS_Erly.B 7503.JPG,256,256,1.0,110.8638916015625,38.973182678222656,972.6690673828125,7.032381365709924,111.58122253417969,112.66375732421875,99.71476745605469
PlantVillage Internal,D:\Tomato_Disease_Research\plantvillage\Tomato_Early_blight\96aa2fd2-d8dc-4650-9b56-7b0f25f27edf___RS_Erly.B 7821.JPG,256,256,1.0,121.92143249511719,46.71184539794922,9157.8720703125,7.349184746285217,124.57933044433594,121.45890808105469,117.33186340332031
PlantVillage Internal,D:\Tomato_Disease_Research\plantvillage\Tomato_Early_blight\983a04ad-2cc6-4d78-9365-a67012b4ffdc___RS_Erly.B 7661.JPG,256,256,1.0,108.29400634765625,25.58961296081543,613.134765625,6.622303571886888,104.86178588867188,111.25404357910156,102.05450439453125
PlantVillage Internal,D:\Tomato_Disease_Research\plantvillage\Tomato_Early_blight\9ba87e80-e0d5-4b50-8f7e-a0957c370320___RS_Erly.B 8324.JPG,256,256,1.0,117.5359115600586,69.97373962402344,7496.6044921875,7.782858186467477,112.43159484863281,121.71485900878906,109.40560913085938
PlantVillage Internal,D:\Tomato_Disease_Research\plantvillage\Tomato_Early_blight\9d8aacaf-ef28-4f23-a18d-4035f59d92b1___RS_Erly.B 7565.JPG,256,256,1.0,102.02908325195312,31.677885055541992,692.6817016601562,6.79059415225638,96.85032653808594,105.02949523925781,100.16252136230469
PlantVillage Internal,D:\Tomato_Disease_Research\plantvillage\Tomato_Early_blight\9e8f1cbd-f128-47f3-b90d-9c8dc1efcb78___RS_Erly.B 7425.JPG,256,256,1.0,123.79248046875,41.23408889770508,3334.172119140625,7.195024937132709,123.84642028808594,125.98533630371094,112.35971069335938
PlantVillage Internal,D:\Tomato_Disease_Research\plantvillage\Tomato_Early_blight\9eaef8d7-dd22-449e-b837-d01a7eb4afe6___RS_Erly.B 7686.JPG,256,256,1.0,121.09454345703125,59.054527282714844,5769.96337890625,7.4778479232939965,121.8712158203125,121.58518981933594,116.53103637695312
PlantVillage Internal,D:\Tomato_Disease_Research\plantvillage\Tomato_Early_blight\9f98d981-b130-4238-aa34-21b0edfc1eaf___RS_Erly.B 7806.JPG,256,256,1.0,124.98727416992188,46.963050842285156,8549.6357421875,7.3190813331706215,129.11636352539062,125.05912780761719,113.78746032714844
PlantVillage Internal,D:\Tomato_Disease_Research\plantvillage\Tomato_Early_blight\a138ec63-9d5e-4c6d-97d6-da0159c93c0a___RS_Erly.B 7744.JPG,256,256,1.0,119.203369140625,49.459877014160156,5083.7861328125,7.146024448210921,122.53651428222656,119.48628234863281,109.00448608398438
PlantVillage Internal,D:\Tomato_Disease_Research\plantvillage\Tomato_Early_blight\a52492e3-7916-4a13-a175-6a6c0dd3440a___RS_Erly.B 7613.JPG,256,256,1.0,116.96887969970703,32.61350631713867,1521.540283203125,6.930663212350469,111.85322570800781,119.76728820800781,115.97697448730469
PlantVillage Internal,D:\Tomato_Disease_Research\plantvillage\Tomato_Early_blight\a5b33d5a-99bc-43b9-b408-aaf9535189e0___RS_Erly.B 8372.JPG,256,256,1.0,108.92184448242188,51.63783264160156,6347.447265625,7.5583702902635,109.89424133300781,112.89620971679688,85.90690612792969
PlantVillage Internal,D:\Tomato_Disease_Research\plantvillage\Tomato_Early_blight\a5c26ace-e91d-4afc-a958-eee6bbe7aed2___RS_Erly.B 6361.JPG,256,256,1.0,99.98410034179688,29.742408752441406,1133.4925537109375,6.777283361990552,102.28108215332031,102.65338134765625,80.21505737304688
PlantVillage Internal,D:\Tomato_Disease_Research\plantvillage\Tomato_Early_blight\a8844870-0efc-494c-af8c-d5c94fd619f3___RS_Erly.B 7756.JPG,256,256,1.0,115.33749389648438,61.41508102416992,5024.66015625,7.207484353833377,117.78346252441406,116.55844116210938,102.6353759765625
PlantVillage Internal,D:\Tomato_Disease_Research\plantvillage\Tomato_Early_blight\a8b2bbbc-5bef-4ef4-8322-48cde639a9aa___RS_Erly.B 7438.JPG,256,256,1.0,86.98532104492188,40.23796844482422,2849.682861328125,7.189459011088047,88.13250732421875,87.54452514648438,81.09706115722656
PlantVillage Internal,D:\Tomato_Disease_Research\plantvillage\Tomato_Early_blight\ad567130-1714-4f31-9735-9ffe4b373964___RS_Erly.B 7623.JPG,256,256,1.0,100.75469970703125,53.84512710571289,296.38946533203125,7.290266948414492,98.80418395996094,102.316650390625,97.82789611816406
PlantVillage Internal,D:\Tomato_Disease_Research\plantvillage\Tomato_Early_blight\aea263ac-87a1-42b7-a3ca-15d69e55204e___RS_Erly.B 9486.JPG,256,256,1.0,123.80830383300781,47.31184387207031,1950.9942626953125,7.383188169219111,118.9249267578125,129.67572021484375,106.40432739257812
PlantVillage Internal,D:\Tomato_Disease_Research\plantvillage\Tomato_Early_blight\b037f266-a24e-4f2c-9115-cf2eadd17293___RS_Erly.B 8214.JPG,256,256,1.0,131.74993896484375,56.42231750488281,5226.31640625,7.6104253049981185,132.00289916992188,133.57864379882812,121.67022705078125
PlantVillage Internal,D:\Tomato_Disease_Research\plantvillage\Tomato_Early_blight\b2b63d7c-d8f7-44ff-b53e-6214ddbed5d9___RS_Erly.B 9509.JPG,256,256,1.0,168.3248748779297,48.364505767822266,4170.45947265625,7.239407782812057,172.84149169921875,169.33062744140625,151.30003356933594
PlantVillage Internal,D:\Tomato_Disease_Research\plantvillage\Tomato_Early_blight\b383b96d-13d9-454a-a179-3093e48d8708___RS_Erly.B 7500.JPG,256,256,1.0,111.26559448242188,30.619140625,504.185302734375,6.796493873268303,110.13226318359375,113.59146118164062,102.26193237304688
PlantVillage Internal,D:\Tomato_Disease_Research\plantvillage\Tomato_Early_blight\b58d7a66-097f-4167-abae-92f865407d90___RS_Erly.B 7845.JPG,256,256,1.0,124.40570068359375,39.11955642700195,13988.068359375,7.26971892378724,129.9971923828125,122.48475646972656,119.63153076171875
PlantVillage Internal,D:\Tomato_Disease_Research\plantvillage\Tomato_Early_blight\ba19f779-d0cf-4bc7-88df-96e6080fdc96___RS_Erly.B 7599.JPG,256,256,1.0,112.00716400146484,38.19633102416992,1310.10302734375,7.042594569460136,114.52716064453125,111.55328369140625,107.73484802246094
PlantVillage Internal,D:\Tomato_Disease_Research\plantvillage\Tomato_Early_blight\ba75cd48-68cb-49cb-9d79-d03c1b007852___RS_Erly.B 7432.JPG,256,256,1.0,103.59242248535156,47.07301712036133,1538.5325927734375,7.460083672563525,98.25660705566406,105.90936279296875,105.65702819824219
PlantVillage Internal,D:\Tomato_Disease_Research\plantvillage\Tomato_Early_blight\bac5677d-59b4-4183-839f-24860287ed6a___RS_Erly.B 9503.JPG,256,256,1.0,123.4686050415039,48.86391830444336,3460.78173828125,7.380737287985073,122.24845886230469,126.80615234375,109.48333740234375
PlantVillage Internal,D:\Tomato_Disease_Research\plantvillage\Tomato_Early_blight\baea464c-e54b-4e22-8bbc-8047d19ed0cf___RS_Erly.B 8323.JPG,256,256,1.0,87.77253723144531,52.183963775634766,5599.8037109375,7.4987436980195765,83.48837280273438,91.59234619140625,79.34033203125
PlantVillage Internal,D:\Tomato_Disease_Research\plantvillage\Tomato_Early_blight\bb2586ff-9676-4100-89f7-200d9ce5ecd6___RS_Erly.B 9386.JPG,256,256,1.0,133.68882751464844,57.3397216796875,4568.7294921875,7.413807821216485,135.80075073242188,134.8646240234375,122.09530639648438
PlantVillage Internal,D:\Tomato_Disease_Research\plantvillage\Tomato_Early_blight\c0caae76-1327-4d16-95dd-138603f7573b___RS_Erly.B 8362.JPG,256,256,1.0,124.06433868408203,65.35226440429688,6876.0986328125,7.746801879146583,126.00727844238281,126.16171264648438,108.16868591308594
PlantVillage Internal,D:\Tomato_Disease_Research\plantvillage\Tomato_Early_blight\c27f6ed4-7ae2-4187-8e96-edafd886f123___RS_Erly.B 7618.JPG,256,256,1.0,99.11834716796875,41.4556999206543,965.607421875,6.965582625184779,98.43313598632812,99.80807495117188,97.36405944824219
PlantVillage Internal,D:\Tomato_Disease_Research\plantvillage\Tomato_Early_blight\c35fc6de-4796-4f7a-a350-7bff160cbbd5___RS_Erly.B 7740.JPG,256,256,1.0,127.90615844726562,48.914405822753906,5012.03515625,7.1177876909661135,133.95172119140625,126.65328979492188,118.50094604492188
PlantVillage Internal,D:\Tomato_Disease_Research\plantvillage\Tomato_Early_blight\c43cc003-56f4-4d9d-b224-6948f499cf95___RS_Erly.B 7675.JPG,256,256,1.0,103.2208251953125,42.14601516723633,428.98602294921875,7.1716619818215195,99.35708618164062,106.97880554199219,94.00436401367188
PlantVillage Internal,D:\Tomato_Disease_Research\plantvillage\Tomato_Early_blight\c78c9d19-e83d-4c3b-a690-e6e3b95c979d___RS_Erly.B 9569.JPG,256,256,1.0,109.70742797851562,46.53339767456055,1346.41650390625,7.370122977477208,104.10420227050781,114.01786804199219,102.20866394042969
PlantVillage Internal,D:\Tomato_Disease_Research\plantvillage\Tomato_Early_blight\c8412a1c-4e61-4a35-9538-c3d3a7c46cbe___RS_Erly.B 7383.JPG,256,256,1.0,101.5153579711914,41.22236251831055,1107.1298828125,7.1070686298254895,99.16786193847656,104.45112609863281,92.55577087402344
PlantVillage Internal,D:\Tomato_Disease_Research\plantvillage\Tomato_Early_blight\c9fa82b3-776c-4a44-8309-a6faf88898e3___RS_Erly.B 7498.JPG,256,256,1.0,97.8631362915039,35.87958526611328,933.800537109375,7.097857462884227,98.46096801757812,99.575439453125,87.47834777832031
PlantVillage Internal,D:\Tomato_Disease_Research\plantvillage\Tomato_Early_blight\cc822ace-0411-4ff9-b040-3670031c6467___RS_Erly.B 7553.JPG,256,256,1.0,102.92369842529297,32.93522262573242,1000.843017578125,7.0190340413985055,98.34934997558594,107.21920776367188,92.80329895019531
PlantVillage Internal,D:\Tomato_Disease_Research\plantvillage\Tomato_Early_blight\d1668361-aac6-41e3-b729-c5e5092326c1___RS_Erly.B 7562.JPG,256,256,1.0,83.30931091308594,51.12143325805664,1279.6278076171875,6.962067239502882,80.55703735351562,86.24986267089844,75.38668823242188
PlantVillage Internal,D:\Tomato_Disease_Research\plantvillage\Tomato_Early_blight\d344e6d5-259e-4f1c-a72e-919ae9e13005___RS_Erly.B 6482.JPG,256,256,1.0,133.0057373046875,29.382728576660156,596.8998413085938,6.672935406352176,129.4295654296875,136.39674377441406,124.92471313476562
PlantVillage Internal,D:\Tomato_Disease_Research\plantvillage\Tomato_Early_blight\d368153c-6779-4a7e-a82d-9ae10dd36bb2___RS_Erly.B 7678.JPG,256,256,1.0,110.98456573486328,68.96595001220703,7779.23095703125,7.5329169360636055,111.00508117675781,111.40542602539062,108.76368713378906
PlantVillage Internal,D:\Tomato_Disease_Research\plantvillage\Tomato_Early_blight\d3ebceea-8021-4168-85a4-27ef48cdaacb___RS_Erly.B 7857.JPG,256,256,1.0,130.34228515625,41.47747802734375,13685.208984375,7.345793866773013,135.44444274902344,128.8031463623047,124.88568115234375
PlantVillage Internal,D:\Tomato_Disease_Research\plantvillage\Tomato_Early_blight\d452210c-ee07-4a6e-a0e0-15676dafacb1___RS_Erly.B 7419.JPG,256,256,1.0,81.68941497802734,41.177242279052734,1986.94189453125,7.2238800838686705,78.6103515625,86.3865966796875,65.57884216308594
PlantVillage Internal,D:\Tomato_Disease_Research\plantvillage\Tomato_Early_blight\dbbc206a-90ab-4b29-abe0-5613028278be___RS_Erly.B 8409.JPG,256,256,1.0,107.76306915283203,60.9342041015625,5024.02783203125,7.581182992413814,110.36126708984375,108.98887634277344,94.63664245605469
PlantVillage Internal,D:\Tomato_Disease_Research\plantvillage\Tomato_Early_blight\e0f7927f-2310-4db1-92cf-cb89a3e14678___RS_Erly.B 7848.JPG,256,256,1.0,122.50334167480469,47.096500396728516,6758.7900390625,7.370306227376254,125.37960815429688,122.0369873046875,117.36083984375
PlantVillage Internal,D:\Tomato_Disease_Research\plantvillage\Tomato_Early_blight\e29ee209-e895-434f-9078-db727c5a98dd___RS_Erly.B 9383.JPG,256,256,1.0,125.90284729003906,73.20584106445312,3339.86572265625,7.640956034673561,122.6492919921875,129.7033233642578,114.86715698242188
PlantVillage Internal,D:\Tomato_Disease_Research\plantvillage\Tomato_Early_blight\e2e1bccc-15ec-47f8-8ee7-d33be16fac07___RS_Erly.B 9523.JPG,256,256,1.0,114.63008117675781,54.233978271484375,703.968017578125,7.501779132150083,103.72967529296875,119.99862670898438,115.57638549804688
PlantVillage Internal,D:\Tomato_Disease_Research\plantvillage\Tomato_Early_blight\e5266d06-0ba7-49c6-9bc6-c8351b56fc88___RS_Erly.B 8294.JPG,256,256,1.0,87.0743408203125,55.97920608520508,3709.811767578125,7.532233643653907,84.65431213378906,90.91191101074219,73.66148376464844
PlantVillage Internal,D:\Tomato_Disease_Research\plantvillage\Tomato_Early_blight\e592659e-566b-454b-95ba-851f3a53197c___RS_Erly.B 7843.JPG,256,256,1.0,125.45542907714844,44.00397491455078,4781.1376953125,7.0902843285216655,131.46136474609375,126.35487365722656,105.07173156738281
PlantVillage Internal,D:\Tomato_Disease_Research\plantvillage\Tomato_Early_blight\e5f8bd02-fa52-4ba0-9074-cb7618adacda___RS_Erly.B 9617.JPG,256,256,1.0,100.0993423461914,50.3043098449707,1576.866943359375,7.41650888066823,97.31474304199219,101.71342468261719,99.09170532226562
PlantVillage Internal,D:\Tomato_Disease_Research\plantvillage\Tomato_Early_blight\e7d248e4-a5e5-431f-9061-6383c14d8526___RS_Erly.B 7426.JPG,256,256,1.0,89.40662384033203,34.410858154296875,1927.057373046875,7.070031215502997,91.78453063964844,89.53976440429688,82.48423767089844
PlantVillage Internal,D:\Tomato_Disease_Research\plantvillage\Tomato_Early_blight\e81dfd96-227c-41a7-8cf8-dbc14f2e4b33___RS_Erly.B 7407.JPG,256,256,1.0,90.19284057617188,48.49474334716797,1172.988525390625,7.121992237522064,85.48609924316406,94.39553833007812,80.89755249023438
PlantVillage Internal,D:\Tomato_Disease_Research\plantvillage\Tomato_Early_blight\ea08bf85-06df-41d8-8b09-29feb53cdccf___RS_Erly.B 7486.JPG,256,256,1.0,117.08616638183594,35.601951599121094,1576.0948486328125,7.084753421785312,116.35768127441406,118.62434387207031,111.07652282714844
PlantVillage Internal,D:\Tomato_Disease_Research\plantvillage\Tomato_Early_blight\eaf0d111-089a-4808-a34c-dd40e3bb4db4___RS_Erly.B 8393.JPG,256,256,1.0,121.53755187988281,52.1063346862793,5526.03515625,7.5078171829284175,129.47279357910156,124.75270080566406,84.16970825195312
PlantVillage Internal,D:\Tomato_Disease_Research\plantvillage\Tomato_Early_blight\ee7a6de8-1aca-4a55-8c12-69be6277c1c1___RS_Erly.B 9591.JPG,256,256,1.0,114.66880798339844,46.86409378051758,1482.891845703125,7.409231865707511,110.79910278320312,118.79716491699219,103.56083679199219
PlantVillage Internal,D:\Tomato_Disease_Research\plantvillage\Tomato_Early_blight\efb0d54f-53c7-4a6a-a194-2bd449799c8c___RS_Erly.B 7726.JPG,256,256,1.0,121.52872467041016,45.247459411621094,6611.1171875,7.293490775299253,124.3450927734375,123.64485168457031,103.24575805664062
PlantVillage Internal,D:\Tomato_Disease_Research\plantvillage\Tomato_Early_blight\f0763973-1898-4ae6-9350-c9b61976c600___RS_Erly.B 6456.JPG,256,256,1.0,99.12031555175781,28.412452697753906,1205.7803955078125,6.579569255353605,91.41250610351562,105.0103759765625,89.00773620605469
PlantVillage Internal,D:\Tomato_Disease_Research\plantvillage\Tomato_Early_blight\f834c581-d183-4a7a-98a5-77e8e2cbfa69___RS_Erly.B 7722.JPG,256,256,1.0,126.55479431152344,49.374141693115234,1852.98193359375,7.218736216808298,127.02789306640625,128.0064239501953,117.83935546875
PlantVillage Internal,D:\Tomato_Disease_Research\plantvillage\Tomato_Early_blight\f899b748-cd86-460f-a202-a6946e04946e___RS_Erly.B 7494.JPG,256,256,1.0,104.46759033203125,46.704994201660156,773.78466796875,7.348451552292593,95.71376037597656,110.07414245605469,98.55836486816406
PlantVillage Internal,D:\Tomato_Disease_Research\plantvillage\Tomato_Early_blight\fad513f7-c56a-439a-9a5b-515bd0fc8151___RS_Erly.B 9458.JPG,256,256,1.0,105.59622192382812,52.48641586303711,4496.34912109375,7.5856707929129685,101.4061279296875,109.60665893554688,95.93585205078125
PlantVillage Internal,D:\Tomato_Disease_Research\plantvillage\Tomato_Early_blight\fb2aaea3-f1cd-49c3-aa02-b640c62e59f5___RS_Erly.B 9389.JPG,256,256,1.0,126.95414733886719,62.557411193847656,2994.7119140625,7.506878971458285,129.32875061035156,128.0615234375,115.02403259277344
PlantVillage Internal,D:\Tomato_Disease_Research\plantvillage\Tomato_Early_blight\fc296f63-8cb3-42f1-a9c1-f6ed8e49777c___RS_Erly.B 6400.JPG,256,256,1.0,98.70608520507812,26.67700958251953,763.849365234375,6.6506570396845595,92.68293762207031,104.21173095703125,86.1544189453125
PlantVillage Internal,D:\Tomato_Disease_Research\plantvillage\Tomato_Early_blight\fcf8557f-890e-441b-9dc1-c8854f694f2e___RS_Erly.B 9505.JPG,256,256,1.0,129.81263732910156,52.023582458496094,4912.5732421875,7.363698767176825,131.64633178710938,132.1673126220703,112.87870788574219
PlantVillage Internal,D:\Tomato_Disease_Research\plantvillage\Tomato_Early_blight\fe46f781-a40c-4c73-9e2c-50872f1ab370___RS_Erly.B 8348.JPG,256,256,1.0,117.1312026977539,53.05487823486328,3094.94921875,7.4878990501214275,123.91427612304688,120.53158569335938,81.83146667480469
PlantVillage Internal,D:\Tomato_Disease_Research\plantvillage\Tomato_Early_blight\fe856320-407c-4390-9960-a6a539371182___RS_Erly.B 7624.JPG,256,256,1.0,96.76448822021484,52.5828857421875,1592.3017578125,7.270385122187671,96.66560363769531,97.50909423828125,93.18983459472656
PlantVillage Internal,D:\Tomato_Disease_Research\plantvillage\Tomato_Late_blight\014d4972-1301-46d3-afc4-56470b774137___GHLB2 Leaf 8831.JPG,256,256,1.0,123.99365997314453,26.942365646362305,517.5386962890625,6.532435582573204,127.54754638671875,122.15158081054688,124.15757751464844
PlantVillage Internal,D:\Tomato_Disease_Research\plantvillage\Tomato_Late_blight\02a3e0cd-04da-4e08-b929-167bcb7f46f4___GHLB2 Leaf 8731.JPG,256,256,1.0,124.22612762451172,17.079204559326172,847.112060546875,6.023716050409982,126.89093017578125,123.28411865234375,122.08732604980469
PlantVillage Internal,D:\Tomato_Disease_Research\plantvillage\Tomato_Late_blight\037c55c7-6e33-4b8d-af05-4d555f4e658e___GHLB_PS Leaf 42.1 Day 18.jpg,256,256,1.0,28.729354858398438,56.284664154052734,333.5466003417969,2.541536754282987,24.26983642578125,32.24894714355469,22.302993774414062
PlantVillage Internal,D:\Tomato_Disease_Research\plantvillage\Tomato_Late_blight\0566e4e3-675b-4289-9e36-ad199448975b___GHLB2 Leaf 161.2.JPG,256,256,1.0,119.33694458007812,26.678712844848633,579.1859741210938,6.688738696974957,111.37326049804688,126.72384643554688,102.18817138671875
PlantVillage Internal,D:\Tomato_Disease_Research\plantvillage\Tomato_Late_blight\05a34df9-4fc9-460a-b675-3c4a37cfdf4c___GHLB2 Leaf 8917.JPG,256,256,1.0,113.22637939453125,23.789302825927734,992.847900390625,6.491601184570913,117.12472534179688,112.29621887207031,107.79136657714844
PlantVillage Internal,D:\Tomato_Disease_Research\plantvillage\Tomato_Late_blight\0736fe9f-bd15-4a85-ab6e-2b570b10f377___GHLB2 Leaf 64.1.JPG,256,256,1.0,121.60147857666016,24.581758499145508,607.3335571289062,6.622779361217218,116.93280029296875,126.96824645996094,106.21238708496094
PlantVillage Internal,D:\Tomato_Disease_Research\plantvillage\Tomato_Late_blight\077c04cc-184d-4efd-bbc3-093cd61bedef___RS_Late.B 5560.JPG,256,256,1.0,130.5986328125,37.13207244873047,1236.8902587890625,6.716104981811978,133.33885192871094,130.8218536376953,122.26219177246094
PlantVillage Internal,D:\Tomato_Disease_Research\plantvillage\Tomato_Late_blight\078a999d-6e6f-427e-a1e6-80b4d2df2bae___GHLB2 Leaf 9029.JPG,256,256,1.0,121.74058532714844,23.22835922241211,348.6118469238281,6.248101231684805,125.01869201660156,121.47428894042969,114.513916015625
PlantVillage Internal,D:\Tomato_Disease_Research\plantvillage\Tomato_Late_blight\07b42bb5-9f6c-43bc-9bbe-e4b127d84cb6___GHLB Leaf 18.1 Day 8.jpg,256,256,1.0,153.37156677246094,48.96629333496094,372.9112243652344,7.0045432971153545,145.9141845703125,160.81002807617188,134.62936401367188
PlantVillage Internal,D:\Tomato_Disease_Research\plantvillage\Tomato_Late_blight\08593ca1-a595-44d1-8052-3d1430f305d3___GHLB2 Leaf 8579.JPG,256,256,1.0,106.68769836425781,31.656715393066406,224.1057586669922,6.873363223099046,89.40443420410156,120.64152526855469,80.16842651367188
PlantVillage Internal,D:\Tomato_Disease_Research\plantvillage\Tomato_Late_blight\0879b927-2226-455f-9eac-10f5e1f36fdd___RS_Late.B 5331.JPG,256,256,1.0,107.34719848632812,50.9250602722168,4280.2666015625,7.41518409888073,113.64437866210938,107.07269287109375,92.244384765625
PlantVillage Internal,D:\Tomato_Disease_Research\plantvillage\Tomato_Late_blight\08931b78-a571-41bf-b5b4-6904ffbbe8b7___GHLB Leaf 1.1 Day 12.JPG,256,256,1.0,118.13804626464844,39.44447326660156,334.7641296386719,7.145145614710199,110.73846435546875,126.24038696289062,95.82574462890625
PlantVillage Internal,D:\Tomato_Disease_Research\plantvillage\Tomato_Late_blight\0c47de5b-adbe-479f-8ccf-5b8c530c32f8___RS_Late.B 6312.JPG,256,256,1.0,109.94989013671875,66.53244018554688,5794.37841796875,7.579145272269697,120.27598571777344,106.4759521484375,100.75430297851562
PlantVillage Internal,D:\Tomato_Disease_Research\plantvillage\Tomato_Late_blight\0d7b0e84-1c99-4699-84ed-ca86aec642e5___GHLB2 Leaf 8652.JPG,256,256,1.0,116.71340942382812,24.02285385131836,623.3656005859375,6.5122733358469596,119.49607849121094,117.45521545410156,105.5953369140625
PlantVillage Internal,D:\Tomato_Disease_Research\plantvillage\Tomato_Late_blight\0ed7d5f6-9394-4ae7-87db-3de58f469263___GHLB2 Leaf 8732.JPG,256,256,1.0,129.36813354492188,20.14525604248047,705.7984619140625,6.176799512190447,131.7240447998047,128.58441162109375,127.2244873046875
PlantVillage Internal,D:\Tomato_Disease_Research\plantvillage\Tomato_Late_blight\0f67214c-eede-4292-b731-30ef1c47b7b6___RS_Late.B 4902.JPG,256,256,1.0,109.64176177978516,52.416446685791016,4270.619140625,7.534681207199993,111.86520385742188,112.19224548339844,90.67730712890625
PlantVillage Internal,D:\Tomato_Disease_Research\plantvillage\Tomato_Late_blight\10019e40-277e-4d69-8dee-8c034a3752a1___GHLB2ES Leaf 62.JPG,256,256,1.0,114.56886291503906,20.9315128326416,1099.5926513671875,6.36644593375247,108.84857177734375,119.51284790039062,104.11489868164062
PlantVillage Internal,D:\Tomato_Disease_Research\plantvillage\Tomato_Late_blight\11b2caf9-a56c-4d3e-bea4-a5d00affd161___RS_Late.B 6140.JPG,256,256,1.0,129.36740112304688,49.457069396972656,6688.9716796875,7.454982414483194,130.07406616210938,130.6651153564453,120.831787109375
PlantVillage Internal,D:\Tomato_Disease_Research\plantvillage\Tomato_Late_blight\146b33cf-e412-48fd-9366-ad726b51889e___GHLB2 Leaf 157.1.JPG,256,256,1.0,116.79818725585938,27.472272872924805,1239.990234375,6.677527043844453,116.64216613769531,117.373291015625,114.24613952636719
PlantVillage Internal,D:\Tomato_Disease_Research\plantvillage\Tomato_Late_blight\149b8460-2bf2-409a-ad61-b8f34d33cd82___RS_Late.B 6826.JPG,256,256,1.0,131.0230712890625,61.37604904174805,4073.0107421875,7.584707022874956,132.46153259277344,132.63418579101562,118.95442199707031
PlantVillage Internal,D:\Tomato_Disease_Research\plantvillage\Tomato_Late_blight\16613329-813d-4d3d-9f44-e52c0ad72bb0___RS_Late.B 4980.JPG,256,256,1.0,99.3455810546875,53.898094177246094,8345.548828125,7.560735808554346,104.053466796875,99.72940063476562,85.02139282226562
PlantVillage Internal,D:\Tomato_Disease_Research\plantvillage\Tomato_Late_blight\16e4a1f9-21c2-4c1a-bdbc-1336da74ba2c___GHLB2 Leaf 145.3.JPG,256,256,1.0,105.96695709228516,36.01123046875,2615.051513671875,7.102027262183154,107.64558410644531,106.738525390625,97.59129333496094
PlantVillage Internal,D:\Tomato_Disease_Research\plantvillage\Tomato_Late_blight\19369d60-553a-416b-9378-84f4a1d203d9___GHLB2 Leaf 9006.JPG,256,256,1.0,120.01737976074219,25.41193199157715,712.3609619140625,6.512110984125243,121.10157775878906,120.51255798339844,114.62400817871094
PlantVillage Internal,D:\Tomato_Disease_Research\plantvillage\Tomato_Late_blight\19b2b71e-d648-46fb-921d-a7858a1c67c7___GHLB2 Leaf 9102.JPG,256,256,1.0,118.5398178100586,17.34885597229004,762.755615234375,6.088195325526673,121.55511474609375,118.81277465820312,109.22581481933594
PlantVillage Internal,D:\Tomato_Disease_Research\plantvillage\Tomato_Late_blight\19bfccfd-5df8-41be-910e-2c5f3eae3573___GHLB2 Leaf 8597.JPG,256,256,1.0,106.2629165649414,21.968435287475586,152.53509521484375,6.394762739152702,104.7490234375,106.37600708007812,109.65121459960938
PlantVillage Internal,D:\Tomato_Disease_Research\plantvillage\Tomato_Late_blight\1c6b66db-9891-41cc-972f-a3521deee072___RS_Late.B 5589.JPG,256,256,1.0,118.28466796875,50.7769775390625,3578.004638671875,7.248904930383917,121.29386901855469,118.49139404296875,109.32766723632812
PlantVillage Internal,D:\Tomato_Disease_Research\plantvillage\Tomato_Late_blight\1c74783c-7863-4b1b-bf1a-6b3ef55b34b8___RS_Late.B 7094.JPG,256,256,1.0,155.57217407226562,45.05290603637695,5081.56884765625,7.33023834352639,153.8588409423828,159.4763641357422,139.96275329589844
PlantVillage Internal,D:\Tomato_Disease_Research\plantvillage\Tomato_Late_blight\1e095cdc-6a71-4ae4-9709-be97b5668454___GHLB2 Leaf 8845.JPG,256,256,1.0,119.86591339111328,21.92796516418457,1110.51953125,6.325273505236682,127.55148315429688,117.68348693847656,110.94575500488281
PlantVillage Internal,D:\Tomato_Disease_Research\plantvillage\Tomato_Late_blight\1e55a2c0-6618-4c42-93a6-cfc8a9d5ca77___GHLB2 Leaf 9039.JPG,256,256,1.0,124.75028228759766,26.317638397216797,856.9013671875,6.614658701748251,121.49101257324219,128.3231201171875,114.90174865722656
PlantVillage Internal,D:\Tomato_Disease_Research\plantvillage\Tomato_Late_blight\1f38a263-cfb5-47fe-8c0e-f8d62141f922___GHLB_PS leaf 28 Day 12 .jpg,256,256,1.0,20.811243057250977,24.370464324951172,185.46905517578125,3.7337253503179872,18.546737670898438,23.681671142578125,11.970413208007812
PlantVillage Internal,D:\Tomato_Disease_Research\plantvillage\Tomato_Late_blight\1f73406a-14e8-4be2-8450-9379d4f9b2b5___GHLB2 Leaf 9062.JPG,256,256,1.0,122.22285461425781,26.052968978881836,465.12701416015625,6.623886467620333,124.95281982421875,121.9921875,116.25044250488281
PlantVillage Internal,D:\Tomato_Disease_Research\plantvillage\Tomato_Late_blight\1fa37cd4-066e-4deb-ab99-5fa8dcc4481c___RS_Late.B 5454.JPG,256,256,1.0,106.82400512695312,52.18424987792969,2493.943115234375,7.415308310796462,117.10108947753906,104.58505249023438,91.39776611328125
PlantVillage Internal,D:\Tomato_Disease_Research\plantvillage\Tomato_Late_blight\207dbe65-2d3b-4820-ab49-2a1db65f9bec___RS_Late.B 5485.JPG,256,256,1.0,98.73374938964844,40.0939826965332,3551.5478515625,7.1550427697255135,98.33978271484375,100.232421875,92.0501708984375
PlantVillage Internal,D:\Tomato_Disease_Research\plantvillage\Tomato_Late_blight\20ab7535-34d8-4bac-b3a7-4fa929a1bed3___GHLB2 Leaf 59.1.JPG,256,256,1.0,120.52516174316406,20.503616333007812,745.1051025390625,6.3233506906706145,115.20863342285156,126.21218872070312,105.18617248535156
PlantVillage Internal,D:\Tomato_Disease_Research\plantvillage\Tomato_Late_blight\215565cf-2897-40f6-97b3-3dd63045242f___GHLB2 Leaf 8800.JPG,256,256,1.0,123.0847396850586,24.762731552124023,451.7786865234375,6.283084374448756,129.96153259277344,119.47393798828125,123.6407470703125
PlantVillage Internal,D:\Tomato_Disease_Research\plantvillage\Tomato_Late_blight\2159d0f7-09ef-46ad-ad49-749e8ce1becc___GHLB2 Leaf 8836.JPG,256,256,1.0,113.40489959716797,21.43564796447754,562.59423828125,6.2823863443564205,119.84944152832031,111.9244384765625,104.12516784667969
PlantVillage Internal,D:\Tomato_Disease_Research\plantvillage\Tomato_Late_blight\2248836f-550a-4183-a2d8-5ff5f87e1800___GHLB2 Leaf 8810.JPG,256,256,1.0,115.15804290771484,24.924358367919922,830.6925048828125,6.62941085516111,118.81561279296875,115.80839538574219,102.21617126464844
PlantVillage Internal,D:\Tomato_Disease_Research\plantvillage\Tomato_Late_blight\22c36fa3-849f-4918-8790-99a8bda1e527___RS_Late.B 5987.JPG,256,256,1.0,111.02344512939453,45.992977142333984,1890.3355712890625,7.46747197255875,112.45428466796875,110.77926635742188,108.52790832519531
PlantVillage Internal,D:\Tomato_Disease_Research\plantvillage\Tomato_Late_blight\239111ba-7348-4075-bacb-e206d440ecc8___RS_Late.B 5389.JPG,256,256,1.0,96.02482604980469,47.92829513549805,4296.876953125,7.443110613524414,102.99150085449219,96.181884765625,76.94381713867188
PlantVillage Internal,D:\Tomato_Disease_Research\plantvillage\Tomato_Late_blight\23c5c930-6830-46c6-8353-616c0b34ae12___RS_Late.B 4947.JPG,256,256,1.0,113.4840087890625,56.84137725830078,3579.385009765625,7.5675468462627435,114.31427001953125,115.76287841796875,99.57225036621094
PlantVillage Internal,D:\Tomato_Disease_Research\plantvillage\Tomato_Late_blight\24364b4f-3f9f-4166-860d-34a938d3d630___RS_Late.B 4986.JPG,256,256,1.0,113.13055419921875,75.1806869506836,3420.142333984375,7.3445083955191155,114.75003051757812,115.00477600097656,99.23245239257812
PlantVillage Internal,D:\Tomato_Disease_Research\plantvillage\Tomato_Late_blight\24584c68-d48b-4023-86e9-5915aeb6bc0f___RS_Late.B 4928.JPG,256,256,1.0,121.59595489501953,59.77388381958008,4882.54443359375,7.429491860702189,123.83387756347656,123.04025268554688,108.28941345214844
PlantVillage Internal,D:\Tomato_Disease_Research\plantvillage\Tomato_Late_blight\246cb5c4-d52f-4ba4-a77c-915f5a5c7d2b___GHLB2 Leaf 85.2.JPG,256,256,1.0,114.23772430419922,36.473663330078125,341.46112060546875,6.779616742560507,113.05979919433594,117.78317260742188,99.07119750976562
PlantVillage Internal,D:\Tomato_Disease_Research\plantvillage\Tomato_Late_blight\2482cadb-d097-4091-8b10-099abca71a72___RS_Late.B 5078.JPG,256,256,1.0,126.34549713134766,60.19314193725586,4493.57421875,7.630567415558827,126.60195922851562,128.78196716308594,113.12713623046875
PlantVillage Internal,D:\Tomato_Disease_Research\plantvillage\Tomato_Late_blight\25bb0739-cbd4-4e75-a6f4-67ca5cc7f986___GHLB2 Leaf 8789.JPG,256,256,1.0,122.54844665527344,14.742749214172363,579.3831176757812,5.864626109607728,120.47726440429688,126.45394897460938,107.87077331542969
PlantVillage Internal,D:\Tomato_Disease_Research\plantvillage\Tomato_Late_blight\26480c44-e0f2-4ab7-a6a9-919d532ecfd5___RS_Late.B 5037.JPG,256,256,1.0,122.39700317382812,61.07680130004883,5088.82470703125,7.476483619358853,125.74891662597656,122.5975341796875,112.572998046875
PlantVillage Internal,D:\Tomato_Disease_Research\plantvillage\Tomato_Late_blight\26a317de-3882-41ca-a83d-5f1f106b9a85___RS_Late.B 4967.JPG,256,256,1.0,109.59248352050781,61.61286163330078,3982.24951171875,7.489466871457838,113.8873291015625,110.941650390625,91.380859375
PlantVillage Internal,D:\Tomato_Disease_Research\plantvillage\Tomato_Late_blight\26a758e3-7804-4240-b1da-b6b6691355ca___RS_Late.B 4951.JPG,256,256,1.0,107.10562133789062,53.99013900756836,6080.01953125,7.585114082183035,110.21607971191406,108.74403381347656,90.51104736328125
PlantVillage Internal,D:\Tomato_Disease_Research\plantvillage\Tomato_Late_blight\27dd7c54-809f-445e-97a5-ba0792d4592b___RS_Late.B 6371.JPG,256,256,1.0,118.79237365722656,52.95083999633789,5347.9072265625,7.528284792380141,121.2210693359375,120.506103515625,103.59814453125
PlantVillage Internal,D:\Tomato_Disease_Research\plantvillage\Tomato_Late_blight\27ffa018-265a-4ae7-9c3d-66586f28f342___GHLB2 Leaf 9044.JPG,256,256,1.0,118.1583251953125,22.309946060180664,688.9363403320312,6.320747746411142,118.23995971679688,118.92935180664062,113.97406005859375
PlantVillage Internal,D:\Tomato_Disease_Research\plantvillage\Tomato_Late_blight\288f203e-7996-4290-afa7-f95c0c30506a___RS_Late.B 5562.JPG,256,256,1.0,133.84130859375,31.227466583251953,1405.8626708984375,6.633408015588449,138.85955810546875,132.88987731933594,125.57839965820312
PlantVillage Internal,D:\Tomato_Disease_Research\plantvillage\Tomato_Late_blight\28d8dd2a-d5d1-427c-8c58-383af4a8b2d1___GHLB2 Leaf 9041.JPG,256,256,1.0,121.28929901123047,27.969572067260742,527.3392333984375,6.547973496361091,120.7779541015625,123.13902282714844,113.10601806640625
PlantVillage Internal,D:\Tomato_Disease_Research\plantvillage\Tomato_Late_blight\2a295211-a73b-4460-95c5-81842743518f___RS_Late.B 5116.JPG,256,256,1.0,105.17306518554688,56.09410858154297,4487.83984375,7.407617496359406,110.21382141113281,104.54310607910156,95.19587707519531
PlantVillage Internal,D:\Tomato_Disease_Research\plantvillage\Tomato_Late_blight\2a49b85e-6b7a-4a55-82c3-f596ed09f82d___GHLB2 Leaf 133.1.JPG,256,256,1.0,112.31190490722656,39.250484466552734,854.947998046875,6.99219761432056,114.169677734375,117.43255615234375,81.0723876953125
PlantVillage Internal,D:\Tomato_Disease_Research\plantvillage\Tomato_Late_blight\2a7cceba-5a33-418a-9718-ccd99ba6c4d1___RS_Late.B 6868.JPG,256,256,1.0,144.09979248046875,66.46099853515625,4906.0302734375,7.614809150542133,146.55154418945312,146.30801391601562,126.29884338378906
PlantVillage Internal,D:\Tomato_Disease_Research\plantvillage\Tomato_Late_blight\2c2326e9-eb07-45c1-8296-116df4108c03___RS_Late.B 4834.JPG,256,256,1.0,113.92839050292969,41.83932876586914,5918.1611328125,7.27835240046968,116.83985900878906,116.41462707519531,93.49021911621094
PlantVillage Internal,D:\Tomato_Disease_Research\plantvillage\Tomato_Late_blight\2ccd5383-74a3-41d5-9483-110a20ebf247___RS_Late.B 5329.JPG,256,256,1.0,106.47389221191406,54.27204513549805,3021.396484375,7.466286442511922,110.76467895507812,106.86480712890625,93.20706176757812
PlantVillage Internal,D:\Tomato_Disease_Research\plantvillage\Tomato_Late_blight\2d583f2c-3e59-4c4c-be45-5f367a38af95___GHLB2 Leaf 8724.JPG,256,256,1.0,124.35813903808594,21.9749813079834,722.0178833007812,6.407934522825213,130.1562042236328,121.73100280761719,122.67832946777344
PlantVillage Internal,D:\Tomato_Disease_Research\plantvillage\Tomato_Late_blight\2fd3c2fb-ebd9-48f3-810a-8e365c0db1e2___RS_Late.B 5347.JPG,256,256,1.0,102.81596374511719,45.116519927978516,4093.35009765625,7.369530340100734,107.45109558105469,103.97291564941406,84.70159912109375
PlantVillage Internal,D:\Tomato_Disease_Research\plantvillage\Tomato_Late_blight\302da4a0-3b99-46ad-80f6-16ae585abf24___GHLB_PS Leaf 2.1 Day 18.jpg,256,256,1.0,21.383251190185547,48.60504150390625,306.12359619140625,2.2786394961753595,19.018508911132812,24.001190185546875,14.105422973632812
PlantVillage Internal,D:\Tomato_Disease_Research\plantvillage\Tomato_Late_blight\3152f2ab-94e6-4e06-8fb9-568c45d31b0b___RS_Late.B 6175.JPG,256,256,1.0,128.59609985351562,62.06943893432617,7687.537109375,7.675155224195072,126.27011108398438,132.1516571044922,116.38859558105469
PlantVillage Internal,D:\Tomato_Disease_Research\plantvillage\Tomato_Late_blight\335be291-a0f7-4b25-aa7c-99af0b073dc9___GHLB2 Leaf 8640.JPG,256,256,1.0,109.95327758789062,26.313058853149414,490.66607666015625,6.4540759559659175,107.81639099121094,112.20814514160156,103.94732666015625
PlantVillage Internal,D:\Tomato_Disease_Research\plantvillage\Tomato_Late_blight\345e34f9-1a77-4d5f-bd62-aa41f648e41d___GHLB2 Leaf 8930.JPG,256,256,1.0,118.39208984375,26.10734748840332,999.2025146484375,6.652676833098831,119.80766296386719,119.79530334472656,107.4539794921875
PlantVillage Internal,D:\Tomato_Disease_Research\plantvillage\Tomato_Late_blight\34bd18fa-d898-40d4-83ed-665caabed7d0___RS_Late.B 5113.JPG,256,256,1.0,96.40989685058594,56.43096923828125,3380.20849609375,7.485149791116424,98.86895751953125,97.99899291992188,81.77777099609375
PlantVillage Internal,D:\Tomato_Disease_Research\plantvillage\Tomato_Late_blight\35a4883c-bef7-4465-b136-a7465a0752de___RS_Late.B 5054.JPG,256,256,1.0,91.71444702148438,49.29737854003906,2081.4501953125,7.412562512363288,88.06971740722656,95.95687866210938,79.42910766601562
PlantVillage Internal,D:\Tomato_Disease_Research\plantvillage\Tomato_Late_blight\37f580bd-7070-4cb0-b4ab-53b78ffc96ae___RS_Late.B 7109.JPG,256,256,1.0,162.71165466308594,43.73208999633789,6544.67041015625,7.133950970312528,170.33738708496094,160.84259033203125,152.33489990234375
PlantVillage Internal,D:\Tomato_Disease_Research\plantvillage\Tomato_Late_blight\385e730c-e1f9-4f46-b8b0-42bfa13866d7___RS_Late.B 4965.JPG,256,256,1.0,118.96161651611328,60.095455169677734,4451.947265625,7.579862889093684,125.14254760742188,118.70658874511719,104.06332397460938
PlantVillage Internal,D:\Tomato_Disease_Research\plantvillage\Tomato_Late_blight\3afd2f69-8335-4cb1-842c-1f95bb98f07e___RS_Late.B 6502.JPG,256,256,1.0,129.72955322265625,41.48642349243164,4359.0146484375,6.947104557269566,131.06190490722656,129.78749084472656,125.93672180175781
PlantVillage Internal,D:\Tomato_Disease_Research\plantvillage\Tomato_Late_blight\3be006f1-7062-47da-a375-8fb7fedb77c0___RS_Late.B 6229.JPG,256,256,1.0,128.6276092529297,47.26166915893555,5585.97998046875,7.406366522653811,132.266845703125,129.44056701660156,114.89654541015625
PlantVillage Internal,D:\Tomato_Disease_Research\plantvillage\Tomato_Late_blight\3f36ff41-3817-497b-95c9-7f79819925e7___RS_Late.B 6314.JPG,256,256,1.0,110.55247497558594,47.10441970825195,4087.9365234375,7.386978038946524,117.44921875,107.34989929199219,108.95407104492188
PlantVillage Internal,D:\Tomato_Disease_Research\plantvillage\Tomato_Late_blight\3f389ac5-10ee-4623-98f2-76b0b479cf3e___RS_Late.B 6785.JPG,256,256,1.0,140.38626098632812,50.26797866821289,3828.489501953125,7.470394005538152,139.56744384765625,145.1080322265625,118.22084045410156
PlantVillage Internal,D:\Tomato_Disease_Research\plantvillage\Tomato_Late_blight\40161a9a-7473-4496-9267-99a451276868___RS_Late.B 5021.JPG,256,256,1.0,140.51083374023438,59.69465637207031,4181.02783203125,7.686731814316707,146.58261108398438,141.30438232421875,120.4996337890625
PlantVillage Internal,D:\Tomato_Disease_Research\plantvillage\Tomato_Late_blight\40bca58c-a09e-429b-a0b3-03fce3ea88e5___GHLB2 Leaf 9113.JPG,256,256,1.0,124.91673278808594,23.83815574645996,690.51025390625,6.350672657503206,127.81770324707031,123.83795166015625,122.86288452148438
PlantVillage Internal,D:\Tomato_Disease_Research\plantvillage\Tomato_Late_blight\413f7280-43ce-4f09-983c-8266588a6e67___RS_Late.B 7088.JPG,256,256,1.0,157.57571411132812,43.64349365234375,3974.3916015625,7.287704446432764,162.684814453125,160.31324768066406,130.07958984375
PlantVillage Internal,D:\Tomato_Disease_Research\plantvillage\Tomato_Late_blight\41c1d7a7-5d90-4b0a-bd41-565393d422c5___GHLB2 Leaf 108.1.JPG,256,256,1.0,115.36065673828125,45.5001335144043,225.77520751953125,7.413428709174197,113.6998291015625,120.91940307617188,91.09403991699219
PlantVillage Internal,D:\Tomato_Disease_Research\plantvillage\Tomato_Late_blight\434242f4-5988-41b8-9ab3-375b76b31766___RS_Late.B 6497.JPG,256,256,1.0,132.72422790527344,35.59696960449219,6265.80322265625,6.9616235398897786,137.1841583251953,130.57725524902344,132.0817108154297
PlantVillage Internal,D:\Tomato_Disease_Research\plantvillage\Tomato_Late_blight\4378c0ca-ff9f-48f4-8311-e716e89b1a99___RS_Late.B 5087.JPG,256,256,1.0,111.01016235351562,51.57365417480469,6756.9169921875,7.516768767847429,110.12924194335938,113.93553161621094,98.25752258300781
PlantVillage Internal,D:\Tomato_Disease_Research\plantvillage\Tomato_Late_blight\4435bd64-52a2-46cf-a319-a13a28571b03___GHLB2 Leaf 157.2.JPG,256,256,1.0,110.06080627441406,28.852420806884766,2115.747314453125,6.802450123613537,110.06333923339844,110.57559204101562,107.40342712402344
PlantVillage Internal,D:\Tomato_Disease_Research\plantvillage\Tomato_Late_blight\4462526f-af54-4342-8f7d-56f5a6052e9b___GHLB2 Leaf 111.1.JPG,256,256,1.0,149.7723388671875,30.982715606689453,2194.951416015625,6.895383830556453,146.26324462890625,154.66339111328125,133.7913360595703
PlantVillage Internal,D:\Tomato_Disease_Research\plantvillage\Tomato_Late_blight\449c9233-a3bb-4743-874b-f5d092d652b9___GHLB2 Leaf 8975.JPG,256,256,1.0,113.94280242919922,26.132352828979492,410.653564453125,6.613588421827767,115.8114013671875,112.90681457519531,114.37626647949219
PlantVillage Internal,D:\Tomato_Disease_Research\plantvillage\Tomato_Late_blight\44e96c62-48e6-454c-bab5-c34569deb2a5___RS_Late.B 5162.JPG,256,256,1.0,113.33831024169922,43.82280349731445,2651.86865234375,7.257849288693475,114.65145874023438,114.02833557128906,106.34114074707031
PlantVillage Internal,D:\Tomato_Disease_Research\plantvillage\Tomato_Late_blight\44f72a0c-3313-44bd-acdb-905ae5944a57___GHLB2 Leaf 8880.JPG,256,256,1.0,115.03792572021484,22.334604263305664,477.5653991699219,6.374862326759627,116.68507385253906,115.08737182617188,110.46322631835938
PlantVillage Internal,D:\Tomato_Disease_Research\plantvillage\Tomato_Late_blight\46c6a276-b915-46d0-9a28-5655645c2d8b___RS_Late.B 7115.JPG,256,256,1.0,157.15274047851562,41.7750129699707,4402.36328125,7.070388427260399,160.57003784179688,156.8214874267578,149.89556884765625
PlantVillage Internal,D:\Tomato_Disease_Research\plantvillage\Tomato_Late_blight\48246fa8-29ce-4ae2-abc3-586440295cf0___RS_Late.B 5459.JPG,256,256,1.0,106.12254333496094,55.12147903442383,2990.802734375,7.429420155748657,115.06925964355469,104.1885986328125,92.6151123046875
PlantVillage Internal,D:\Tomato_Disease_Research\plantvillage\Tomato_Late_blight\48f00178-13a0-4565-b09d-57944fe67472___RS_Late.B 5081.JPG,256,256,1.0,114.52796173095703,72.37935638427734,2950.0205078125,7.3380381149860945,117.11253356933594,115.28565979003906,103.84761047363281
PlantVillage Internal,D:\Tomato_Disease_Research\plantvillage\Tomato_Late_blight\491a9294-8f46-4563-9787-6b8b68a9c050___RS_Late.B 6591.JPG,256,256,1.0,106.65495300292969,39.47317123413086,1183.69482421875,7.131653816267756,94.04481506347656,109.98016357421875,122.60694885253906
PlantVillage Internal,D:\Tomato_Disease_Research\plantvillage\Tomato_Late_blight\49d0531e-3d55-47b6-a4ed-2d87bd23bbcf___RS_Late.B 5457.JPG,256,256,1.0,105.37886047363281,51.95001983642578,2434.1767578125,7.53248918654835,113.87179565429688,104.18119812011719,89.27041625976562
PlantVillage Internal,D:\Tomato_Disease_Research\plantvillage\Tomato_Late_blight\4a5a39d1-e05e-4ec2-acf7-3987cd04a71e___RS_Late.B 6547.JPG,256,256,1.0,107.05221557617188,31.557371139526367,1410.328857421875,6.883549453228595,100.12034606933594,109.69459533691406,111.62724304199219
PlantVillage Internal,D:\Tomato_Disease_Research\plantvillage\Tomato_Late_blight\4ae26730-1f0b-4f49-aad5-774f0ed4df35___GHLB2 Leaf 8621.JPG,256,256,1.0,118.74928283691406,19.13227081298828,200.75827026367188,6.172582040780965,115.58329772949219,121.75517272949219,111.57533264160156
PlantVillage Internal,D:\Tomato_Disease_Research\plantvillage\Tomato_Late_blight\4b115bc3-911c-4e98-b948-a6a360f06a87___GHLB_PS Leaf 25 Day 9.jpg,256,256,1.0,16.722932815551758,39.12615966796875,377.2659606933594,2.3095404795086143,15.326507568359375,18.8038330078125,9.670669555664062
PlantVillage Internal,D:\Tomato_Disease_Research\plantvillage\Tomato_Late_blight\4c27ed2d-96c2-4f8f-ac68-d699bc665cec___GHLB2 Leaf 8954.JPG,256,256,1.0,105.71107482910156,19.713729858398438,1272.858154296875,6.323333493888212,109.38108825683594,104.93499755859375,100.08139038085938
PlantVillage Internal,D:\Tomato_Disease_Research\plantvillage\Tomato_Late_blight\4ceb4156-66d9-4405-9472-82a35f0fa245___GHLB2 Leaf 8662.JPG,256,256,1.0,132.318603515625,16.699928283691406,562.4703369140625,6.059509589043603,129.54833984375,134.448486328125,128.61756896972656
PlantVillage Internal,D:\Tomato_Disease_Research\plantvillage\Tomato_Late_blight\4d6314e5-b280-4872-8eb6-cf4632934ae3___GHLB2 Leaf 81.JPG,256,256,1.0,130.6778564453125,33.84572219848633,408.718505859375,6.922351908896043,130.99789428710938,133.08726501464844,117.43209838867188
PlantVillage Internal,D:\Tomato_Disease_Research\plantvillage\Tomato_Late_blight\4f52cae6-d6f1-4557-987a-eb9318dc574f___RS_Late.B 6439.JPG,256,256,1.0,119.60458374023438,54.653079986572266,5303.57470703125,7.412823479400204,126.68373107910156,117.25270080566406,113.14752197265625
PlantVillage Internal,D:\Tomato_Disease_Research\plantvillage\Tomato_Late_blight\4fa3fe36-2c59-4860-be94-508954283149___RS_Late.B 5495.JPG,256,256,1.0,116.26966094970703,50.23015213012695,4691.8291015625,7.380111021129772,126.42764282226562,114.33197021484375,99.60466003417969
PlantVillage Internal,D:\Tomato_Disease_Research\plantvillage\Tomato_Late_blight\50d87798-e696-4845-89d8-13de30ebbdcd___GHLB2 Leaf 8818.JPG,256,256,1.0,125.24546813964844,23.530494689941406,553.8510131835938,6.479488502355846,127.65446472167969,125.03280639648438,120.02212524414062
PlantVillage Internal,D:\Tomato_Disease_Research\plantvillage\Tomato_Late_blight\541b1d99-c630-4730-861f-a8ef53615709___GHLB2 Leaf 8857.JPG,256,256,1.0,122.63728332519531,24.54694938659668,586.3772583007812,6.5408924966833055,124.51133728027344,123.3741455078125,113.92779541015625
PlantVillage Internal,D:\Tomato_Disease_Research\plantvillage\Tomato_Late_blight\54ead8ea-8e27-4c67-b683-7420d5c6ae3e___RS_Late.B 6061.JPG,256,256,1.0,126.81922912597656,53.42463302612305,6391.5625,7.4599910550393815,126.25526428222656,129.03091430664062,116.91020202636719
PlantVillage Internal,D:\Tomato_Disease_Research\plantvillage\Tomato_Late_blight\5735bc4e-7a49-4a84-85f6-de312603c7f5___GHLB2 Leaf 8668.JPG,256,256,1.0,121.02677917480469,15.165152549743652,374.30718994140625,5.894185807794059,114.90255737304688,125.85655212402344,112.22041320800781
PlantVillage Internal,D:\Tomato_Disease_Research\plantvillage\Tomato_Late_blight\573be558-1fa3-4889-88d6-4c733f4c79d6___GHLB2 Leaf 8598.JPG,256,256,1.0,115.84288024902344,19.453702926635742,458.67791748046875,6.238662302678852,113.39204406738281,117.59681701660156,113.23968505859375
PlantVillage Internal,D:\Tomato_Disease_Research\plantvillage\Tomato_Late_blight\57c53f65-3137-41d3-9bf7-7ac867f3efe8___RS_Late.B 6255.JPG,256,256,1.0,118.29620361328125,56.05393600463867,6300.97412109375,7.539626412184065,122.99012756347656,117.21058654785156,111.57490539550781
PlantVillage Internal,D:\Tomato_Disease_Research\plantvillage\Tomato_Late_blight\57e8eac3-bf54-463c-a3d7-6ef04ae0a8dc___GHLB2 Leaf 124.3.JPG,256,256,1.0,117.36833953857422,27.463571548461914,121.24961853027344,6.779568829669498,111.67501831054688,123.89732360839844,98.68231201171875
PlantVillage Internal,D:\Tomato_Disease_Research\plantvillage\Tomato_Late_blight\58465768-148b-40c6-8534-e695e9c517d5___GHLB2 Leaf 95.1.JPG,256,256,1.0,123.19212341308594,24.85137176513672,1880.1705322265625,6.642007063010947,117.77923583984375,128.03599548339844,112.44732666015625
PlantVillage Internal,D:\Tomato_Disease_Research\plantvillage\Tomato_Late_blight\5916c8e5-c9d2-4bc5-b5e7-8812caf890aa___GHLB_PS Leaf 29 Day 12.jpg,256,256,1.0,31.328811645507812,53.1274528503418,724.4948120117188,3.5695155334451756,27.775131225585938,34.80549621582031,22.747543334960938
PlantVillage Internal,D:\Tomato_Disease_Research\plantvillage\Tomato_Late_blight\5a4428ec-59da-40e5-823c-2e5bbb2a1fb6___RS_Late.B 5461.JPG,256,256,1.0,96.49058532714844,56.92158508300781,2704.078125,7.3163024906641985,103.83450317382812,95.19003295898438,83.92561340332031
PlantVillage Internal,D:\Tomato_Disease_Research\plantvillage\Tomato_Late_blight\5aac391c-87ed-44cd-84f0-a7bf235003fd___RS_Late.B 4842.JPG,256,256,1.0,118.6837158203125,57.48609161376953,3860.20068359375,7.534613451636951,116.54100036621094,122.27740478515625,105.79931640625
PlantVillage Internal,D:\Tomato_Disease_Research\plantvillage\Tomato_Late_blight\5b4ca8b4-ed80-43c7-90ca-f9912d9fb7b6___RS_Late.B 5226.JPG,256,256,1.0,101.6424789428711,38.75613784790039,1589.837646484375,7.099508795855089,99.81645202636719,103.80105590820312,95.31706237792969
PlantVillage Internal,D:\Tomato_Disease_Research\plantvillage\Tomato_Late_blight\5b95aab7-c5be-42e3-afc8-c99f7c1c2c0c___GHLB2 Leaf 8658.JPG,256,256,1.0,122.05764770507812,17.406885147094727,452.787353515625,6.024475655875128,122.4239501953125,121.25569152832031,125.22628784179688
PlantVillage Internal,D:\Tomato_Disease_Research\plantvillage\Tomato_Late_blight\5c6dfda8-1d4e-4ad0-92b1-5c6ffc790ea1___RS_Late.B 6223.JPG,256,256,1.0,106.57537841796875,50.58076477050781,7126.1494140625,7.467214990331184,108.83685302734375,107.36114501953125,96.59794616699219
PlantVillage Internal,D:\Tomato_Disease_Research\plantvillage\Tomato_Late_blight\5de5dfbd-cd1f-4e5f-a263-256abb97b05b___GHLB_PS Leaf 8.1 Day 13.jpg,256,256,1.0,17.53900909423828,35.45541000366211,213.64146423339844,2.4501375190745827,15.6099853515625,19.861785888671875,10.638214111328125
PlantVillage Internal,D:\Tomato_Disease_Research\plantvillage\Tomato_Late_blight\5e590575-5588-422f-96a7-5e8c920fc7e2___GHLB2 Leaf 8671.JPG,256,256,1.0,116.38539123535156,21.859376907348633,493.9249267578125,6.4441242240960985,114.0389404296875,118.88624572753906,109.66242980957031
PlantVillage Internal,D:\Tomato_Disease_Research\plantvillage\Tomato_Late_blight\5f21282c-e2ef-4c4a-ace1-b5701fe7effc___GHLB2 Leaf 8999.JPG,256,256,1.0,124.20492553710938,16.898658752441406,1140.7431640625,6.090098045316731,125.89497375488281,124.56146240234375,117.93647766113281
PlantVillage Internal,D:\Tomato_Disease_Research\plantvillage\Tomato_Late_blight\5f3a7632-91cb-4b5f-a36f-9e31f8daf5d5___GHLB2 Leaf 9056.JPG,256,256,1.0,128.38592529296875,24.954648971557617,396.1486511230469,6.507888366863444,124.53108215332031,132.59933471679688,116.80110168457031
PlantVillage Internal,D:\Tomato_Disease_Research\plantvillage\Tomato_Late_blight\5f473bdb-1899-4877-8d8f-df2e94996d1f___RS_Late.B 6266.JPG,256,256,1.0,146.4217071533203,63.89939880371094,5212.22900390625,7.601847667080313,151.0379638671875,146.47433471679688,134.04318237304688
PlantVillage Internal,D:\Tomato_Disease_Research\plantvillage\Tomato_Late_blight\62474b8c-4625-4d73-ab6a-5e1d328a9cd4___GHLB2 Leaf 9038.JPG,256,256,1.0,119.36918640136719,20.82730484008789,1099.127685546875,6.384621395676437,115.36708068847656,123.44349670410156,108.88691711425781
PlantVillage Internal,D:\Tomato_Disease_Research\plantvillage\Tomato_Late_blight\62ca9559-f079-4bac-864e-9da06a4eb3a2___GHLB2 Leaf 148.1.JPG,256,256,1.0,94.10382080078125,35.8751106262207,3228.54248046875,7.072248608011606,95.0272216796875,95.00582885742188,87.037353515625
PlantVillage Internal,D:\Tomato_Disease_Research\plantvillage\Tomato_Late_blight\634c3515-80da-4144-8cc8-9b8bb29134ec___RS_Late.B 5481.JPG,256,256,1.0,100.4228744506836,45.25858688354492,1529.0810546875,7.1753509853947754,103.36761474609375,100.35589599609375,93.04425048828125
PlantVillage Internal,D:\Tomato_Disease_Research\plantvillage\Tomato_Late_blight\63c3c2c0-f5fc-4d89-9990-784c9229542e___RS_Late.B 5612.JPG,256,256,1.0,121.38664245605469,41.74079513549805,2826.78564453125,7.144701720583297,122.7445068359375,121.97787475585938,114.78083801269531
PlantVillage Internal,D:\Tomato_Disease_Research\plantvillage\Tomato_Late_blight\64984183-009e-4dba-a25a-f769bab08080___GHLB2 Leaf 8637.JPG,256,256,1.0,116.82975769042969,24.184314727783203,494.10491943359375,6.541999652876932,114.111328125,119.68597412109375,109.25260925292969
PlantVillage Internal,D:\Tomato_Disease_Research\plantvillage\Tomato_Late_blight\64e98151-c3bc-417e-bd40-02aac283e3c0___RS_Late.B 6678.JPG,256,256,1.0,127.16082763671875,54.0887565612793,4998.76513671875,7.551714628546073,124.33868408203125,129.90843200683594,120.4150390625
PlantVillage Internal,D:\Tomato_Disease_Research\plantvillage\Tomato_Late_blight\65773c21-d788-4c22-84b4-91257a603e74___GHLB_PS Leaf 13 Day 7.jpg,256,256,1.0,45.941043853759766,50.5936279296875,176.780029296875,4.309965982260545,38.71516418457031,52.69023132324219,30.140731811523438
PlantVillage Internal,D:\Tomato_Disease_Research\plantvillage\Tomato_Late_blight\65911337-0263-4cfa-a89d-9acf3f5eb39a___GHLB2 Leaf 8681.JPG,256,256,1.0,120.69269561767578,22.312606811523438,1251.98828125,6.426398729716793,119.788818359375,122.67979431152344,112.83158874511719
PlantVillage Internal,D:\Tomato_Disease_Research\plantvillage\Tomato_Late_blight\6599f991-2b56-4e40-b7f3-534a440d44c1___RS_Late.B 6260.JPG,256,256,1.0,119.42100524902344,46.04172897338867,7830.4150390625,7.363588522876967,117.90167236328125,124.68228149414062,96.31500244140625
PlantVillage Internal,D:\Tomato_Disease_Research\plantvillage\Tomato_Late_blight\670337a4-55b1-4312-8644-3545b1fcc06f___GHLB2 Leaf 8902.JPG,256,256,1.0,120.86192321777344,22.327566146850586,1406.39013671875,6.477422760415157,122.64286804199219,120.19383239746094,119.63088989257812
PlantVillage Internal,D:\Tomato_Disease_Research\plantvillage\Tomato_Late_blight\67a63018-22b8-45c5-8f71-90f7589a6ba5___GHLB2 Leaf 9032.JPG,256,256,1.0,121.93304443359375,19.51580047607422,250.52191162109375,6.172237107254199,122.09315490722656,122.84478759765625,116.81846618652344
PlantVillage Internal,D:\Tomato_Disease_Research\plantvillage\Tomato_Late_blight\67b4c3a2-6d38-4db4-be3e-7655303ae13c___RS_Late.B 5051.JPG,256,256,1.0,102.8822021484375,55.601985931396484,2590.490478515625,7.445854886026338,105.01400756835938,105.45497131347656,84.04338073730469
PlantVillage Internal,D:\Tomato_Disease_Research\plantvillage\Tomato_Late_blight\695709e4-d869-4003-97eb-b2de21d5d1a5___GHLB2ES Leaf 62.1.JPG,256,256,1.0,125.7695541381836,27.61768913269043,879.8648681640625,6.747658002339815,121.1954345703125,130.4423065185547,113.70596313476562
PlantVillage Internal,D:\Tomato_Disease_Research\plantvillage\Tomato_Late_blight\6b68a1c0-31aa-49f9-b69c-55e96bebcc8b___GHLB Leaf 8.2 Day 13.JPG,256,256,1.0,98.67578125,46.60584259033203,68.14949035644531,7.017982293265829,94.85243225097656,103.34208679199219,84.67633056640625
PlantVillage Internal,D:\Tomato_Disease_Research\plantvillage\Tomato_Late_blight\6c9a2927-d29d-4cca-80d9-63ddb240ef70___RS_Late.B 5340.JPG,256,256,1.0,99.20933532714844,47.2531623840332,3443.60888671875,7.403572048431319,101.54899597167969,101.73455810546875,80.07022094726562
PlantVillage Internal,D:\Tomato_Disease_Research\plantvillage\Tomato_Late_blight\6dcf84e4-bfbc-467d-83d8-546c22779f6d___GHLB2 Leaf 76.1.JPG,256,256,1.0,124.95316314697266,28.87618064880371,585.8463134765625,6.823628728741179,123.14518737792969,128.00579833984375,113.97674560546875
PlantVillage Internal,D:\Tomato_Disease_Research\plantvillage\Tomato_Late_blight\6e594cdd-0b3f-41d2-b056-f03819790e8c___RS_Late.B 5348.JPG,256,256,1.0,96.35895538330078,43.65113830566406,3394.037109375,7.2797881684793495,102.52973937988281,97.17431640625,75.97584533691406
PlantVillage Internal,D:\Tomato_Disease_Research\plantvillage\Tomato_Late_blight\6ed45835-4863-4d95-9d71-8ec0f1b26f27___GHLB2 Leaf 8834.JPG,256,256,1.0,122.98763275146484,20.517763137817383,623.8816528320312,6.353038179782415,125.18072509765625,121.28813171386719,125.98652648925781
PlantVillage Internal,D:\Tomato_Disease_Research\plantvillage\Tomato_Late_blight\7048f52e-7b68-43d2-81d7-a146d5a73407___GHLB2 Leaf 8708.JPG,256,256,1.0,112.65269470214844,25.14496612548828,1259.4173583984375,6.608499761180356,115.66328430175781,113.03807067871094,102.77217102050781
PlantVillage Internal,D:\Tomato_Disease_Research\plantvillage\Tomato_Late_blight\718abdbd-f884-4d86-aa62-96275f9b6241___RS_Late.B 6065.JPG,256,256,1.0,128.41494750976562,64.04309844970703,4892.6640625,7.655299054949379,127.34867858886719,130.33633422851562,121.31816101074219
PlantVillage Internal,D:\Tomato_Disease_Research\plantvillage\Tomato_Late_blight\72138adb-455c-4ddf-939e-00811e3fb6dd___GHLB2 Leaf 8750.JPG,256,256,1.0,122.30557250976562,22.997331619262695,766.7510986328125,6.315448876074457,129.5635986328125,119.6820068359375,116.77824401855469
PlantVillage Internal,D:\Tomato_Disease_Research\plantvillage\Tomato_Late_blight\726a5ae7-e33b-4854-a872-71318ec3a493___RS_Late.B 5538.JPG,256,256,1.0,125.42353820800781,39.044795989990234,3003.71484375,7.070851879125721,125.930908203125,127.16593933105469,115.12095642089844
PlantVillage Internal,D:\Tomato_Disease_Research\plantvillage\Tomato_Late_blight\728bec30-bf7b-40f0-abb5-cf6a78d018da___GHLB2 Leaf 8817.JPG,256,256,1.0,125.182861328125,20.563222885131836,1223.239990234375,6.324112368432856,128.13096618652344,124.64314270019531,120.22964477539062
PlantVillage Internal,D:\Tomato_Disease_Research\plantvillage\Tomato_Late_blight\732a9df6-b5dd-493b-a7dc-3f3cd034e3c7___GHLB2 Leaf 8762.JPG,256,256,1.0,123.03518676757812,21.917449951171875,1028.070556640625,6.371032000456713,127.4818115234375,121.11323547363281,121.26885986328125
PlantVillage Internal,D:\Tomato_Disease_Research\plantvillage\Tomato_Late_blight\73e493c6-3149-451d-b4e4-39aa10d02113___RS_Late.B 6642.JPG,256,256,1.0,123.7720947265625,64.61080169677734,6848.150390625,7.578585050957219,135.4020233154297,120.39268493652344,110.66998291015625
PlantVillage Internal,D:\Tomato_Disease_Research\plantvillage\Tomato_Late_blight\747a2385-2777-445a-b215-7a14a5c0135c___RS_Late.B 7111.JPG,256,256,1.0,158.75897216796875,51.49972915649414,5300.1318359375,7.412935791866325,161.66685485839844,158.46217346191406,152.6604461669922
PlantVillage Internal,D:\Tomato_Disease_Research\plantvillage\Tomato_Late_blight\77730acc-705a-4b8f-8e3a-dc70bd348d40___GHLB_PS Leaf 32 Day 13.jpg,256,256,1.0,28.931943893432617,46.48134231567383,323.1000061035156,3.4181012413751652,25.54498291015625,32.24674987792969,20.746932983398438
PlantVillage Internal,D:\Tomato_Disease_Research\plantvillage\Tomato_Late_blight\781582d3-8bad-4e20-9073-e1fa1b50abba___RS_Late.B 6269.JPG,256,256,1.0,99.45790100097656,49.09353256225586,5449.3037109375,7.426738282276624,103.69273376464844,98.48783874511719,93.34571838378906
PlantVillage Internal,D:\Tomato_Disease_Research\plantvillage\Tomato_Late_blight\781e93a9-2059-42de-8075-658033a6abf7___RS_Late.B 6075.JPG,256,256,1.0,121.31522369384766,57.79098892211914,6662.1845703125,7.692822881048742,118.0743408203125,123.95146179199219,116.2410888671875
PlantVillage Internal,D:\Tomato_Disease_Research\plantvillage\Tomato_Late_blight\7973db5e-9bc6-4573-9173-f0ef7f1d62d6___GHLB Leaf 23.4 Day 18.JPG,256,256,1.0,115.88372802734375,50.137325286865234,111.1534652709961,7.493509533623923,113.16485595703125,121.25326538085938,95.36643981933594
PlantVillage Internal,D:\Tomato_Disease_Research\plantvillage\Tomato_Late_blight\7a163b85-1356-4b3e-98f2-2d24b3a1adaf___RS_Late.B 6802.JPG,256,256,1.0,151.21151733398438,56.46543884277344,3834.2822265625,7.401370791549425,154.211181640625,152.34120178222656,137.527099609375
PlantVillage Internal,D:\Tomato_Disease_Research\plantvillage\Tomato_Late_blight\7a711eda-02e6-49fa-9d2c-8463330fa797___RS_Late.B 5045.JPG,256,256,1.0,108.42476654052734,60.96587371826172,5002.33984375,7.569825337491637,110.27607727050781,109.99737548828125,95.47158813476562
PlantVillage Internal,D:\Tomato_Disease_Research\plantvillage\Tomato_Late_blight\7d0d5e78-87b9-4d47-9291-4a1e75fe9d97___GHLB2 Leaf 8693.JPG,256,256,1.0,114.07003784179688,23.835636138916016,780.7174072265625,6.538837483050184,114.13325500488281,114.80523681640625,110.1185302734375
PlantVillage Internal,D:\Tomato_Disease_Research\plantvillage\Tomato_Late_blight\7f3884a8-82eb-4db8-b5c2-cc3f6dbe0cf9___RS_Late.B 6196.JPG,256,256,1.0,120.18450927734375,46.44764709472656,9832.1484375,7.473030312215725,120.35433959960938,121.27694702148438,114.11399841308594
PlantVillage Internal,D:\Tomato_Disease_Research\plantvillage\Tomato_Late_blight\7f533ee8-1d72-486e-b2a6-b5ef2ac7cc88___GHLB2 Leaf 8837.JPG,256,256,1.0,118.60808563232422,19.36000633239746,163.9364471435547,6.1656070187327785,126.15591430664062,116.24214172363281,110.99412536621094
PlantVillage Internal,D:\Tomato_Disease_Research\plantvillage\Tomato_Late_blight\7f790574-ac82-4a3e-9a4d-02cd7762dce2___GHLB2 Leaf 8948.JPG,256,256,1.0,123.67249298095703,18.545391082763672,332.6585388183594,6.074840538252445,127.27935791015625,122.37010192871094,120.91845703125
PlantVillage Internal,D:\Tomato_Disease_Research\plantvillage\Tomato_Late_blight\8061d6e6-8237-4ad3-9270-b6711e3819dd___GHLB2 Leaf 8539.JPG,256,256,1.0,129.86062622070312,38.78293228149414,153.49122619628906,7.114005563188067,122.27937316894531,137.15591430664062,112.18040466308594
PlantVillage Internal,D:\Tomato_Disease_Research\plantvillage\Tomato_Late_blight\82e462d5-14fb-4530-a8b8-c844d1cc5f43___GHLB2 Leaf 8701.JPG,256,256,1.0,123.85206604003906,21.63865852355957,725.71044921875,6.270997465142374,126.0447998046875,122.75697326660156,123.73973083496094
PlantVillage Internal,D:\Tomato_Disease_Research\plantvillage\Tomato_Late_blight\830c33b8-d419-4fb7-98f8-08387e726648___GHLB_PS Leaf 1.5 Day 16.jpg,256,256,1.0,26.081056594848633,47.011722564697266,300.2462463378906,2.9825352024403045,25.414581298828125,27.9298095703125,18.30963134765625
PlantVillage Internal,D:\Tomato_Disease_Research\plantvillage\Tomato_Late_blight\83abc50b-0705-4165-a9f3-e67b7ad93bf0___RS_Late.B 6170.JPG,256,256,1.0,108.52790832519531,52.6455192565918,6034.1904296875,7.614166520571153,104.99070739746094,113.63401794433594,91.51322937011719
PlantVillage Internal,D:\Tomato_Disease_Research\plantvillage\Tomato_Late_blight\845735fd-cca2-4d7b-ace8-292ca8f5f940___GHLB2 Leaf 8771.JPG,256,256,1.0,123.54451751708984,25.13429069519043,1327.6943359375,6.3211822025684175,127.27658081054688,122.14677429199219,120.95315551757812
PlantVillage Internal,D:\Tomato_Disease_Research\plantvillage\Tomato_Late_blight\846005e7-d4ad-49e4-bfce-3aefe50b44e0___RS_Late.B 5158.JPG,256,256,1.0,101.3163833618164,39.413368225097656,1891.1383056640625,7.139734558617386,99.29226684570312,104.12594604492188,92.15849304199219
PlantVillage Internal,D:\Tomato_Disease_Research\plantvillage\Tomato_Late_blight\84b7d3ab-56ae-4eef-a852-7b32f3ef0160___GHLB2 Leaf 150.JPG,256,256,1.0,126.75778198242188,29.33110237121582,475.5657958984375,6.832533043751334,124.76200866699219,134.00144958496094,94.69380187988281
PlantVillage Internal,D:\Tomato_Disease_Research\plantvillage\Tomato_Late_blight\85550b3b-28a6-4489-ae91-63ea771622ae___RS_Late.B 5539.JPG,256,256,1.0,123.18160247802734,43.661956787109375,2053.30908203125,7.164321300485827,123.64993286132812,125.01017761230469,112.53762817382812
PlantVillage Internal,D:\Tomato_Disease_Research\plantvillage\Tomato_Late_blight\86a3f3b6-660b-4711-b509-4654d0b5c2fa___RS_Late.B 5007.JPG,256,256,1.0,104.51071166992188,54.56280517578125,6966.96826171875,7.533375557260859,113.05970764160156,102.90145874023438,90.37457275390625
PlantVillage Internal,D:\Tomato_Disease_Research\plantvillage\Tomato_Late_blight\88e11fb2-9752-4c08-97d6-7392fbcf8a95___RS_Late.B 6176.JPG,256,256,1.0,126.52413177490234,59.926780700683594,7882.73779296875,7.654585885921864,123.99659729003906,130.47445678710938,112.81268310546875
PlantVillage Internal,D:\Tomato_Disease_Research\plantvillage\Tomato_Late_blight\898fbe14-3442-44ae-9638-471ce8efcc2f___GHLB2 Leaf 117.1.JPG,256,256,1.0,127.81290435791016,27.6669921875,680.3524169921875,6.790186673677675,129.32972717285156,129.1538543701172,116.9298095703125
PlantVillage Internal,D:\Tomato_Disease_Research\plantvillage\Tomato_Late_blight\89c134ee-41f7-46b7-b4dc-4229b3b3ca08___GHLB2 Leaf 8952.JPG,256,256,1.0,91.11434173583984,21.161367416381836,468.239501953125,6.376889365662265,95.20074462890625,89.98294067382812,86.22221374511719
PlantVillage Internal,D:\Tomato_Disease_Research\plantvillage\Tomato_Late_blight\8ad4d607-b0e5-4151-9455-66e8ece55ff7___GHLB2 Leaf 8774.JPG,256,256,1.0,122.36274719238281,24.54352569580078,1087.3736572265625,6.497653607414258,127.79432678222656,119.48654174804688,122.92660522460938
PlantVillage Internal,D:\Tomato_Disease_Research\plantvillage\Tomato_Late_blight\8b37de5f-4c98-4880-b1a8-a921178959a9___RS_Late.B 6248.JPG,256,256,1.0,127.76763153076172,53.74199676513672,5750.8232421875,7.484173275534625,134.9936981201172,125.4000244140625,121.00616455078125
PlantVillage Internal,D:\Tomato_Disease_Research\plantvillage\Tomato_Late_blight\8b3de207-e6ff-4ac5-8480-f6230bd6b385___RS_Late.B 6506.JPG,256,256,1.0,127.90532684326172,42.15237045288086,4479.33740234375,7.055096298804539,129.96121215820312,128.0165557861328,121.9404296875
PlantVillage Internal,D:\Tomato_Disease_Research\plantvillage\Tomato_Late_blight\8c36f3d7-3aee-4341-8319-449e3f5e6f79___RS_Late.B 5596.JPG,256,256,1.0,127.63719940185547,33.00631332397461,1571.56494140625,6.256179981374094,136.23077392578125,124.42253112792969,121.65069580078125
PlantVillage Internal,D:\Tomato_Disease_Research\plantvillage\Tomato_Late_blight\8d58aa38-714a-45b6-b36d-fe52ab36aae8___GHLB Leaf 24.1 Day 12.JPG,256,256,1.0,167.984375,59.592369079589844,255.93617248535156,7.6119207209464985,159.64205932617188,176.1876983642578,147.624755859375
PlantVillage Internal,D:\Tomato_Disease_Research\plantvillage\Tomato_Late_blight\8fa2b785-6eba-47c3-aeb3-139ebe284185___RS_Late.B 4954.JPG,256,256,1.0,108.57463836669922,50.52971649169922,4996.4052734375,7.379762847787475,114.36503601074219,109.26275634765625,89.8443603515625
PlantVillage Internal,D:\Tomato_Disease_Research\plantvillage\Tomato_Late_blight\902aed86-4d96-4a9b-9742-f01ae845c22c___GHLB2 Leaf 9037.JPG,256,256,1.0,113.29405212402344,26.12232208251953,372.2051086425781,6.68540789672565,111.01620483398438,116.16331481933594,104.49424743652344
PlantVillage Internal,D:\Tomato_Disease_Research\plantvillage\Tomato_Late_blight\903f6204-3857-495a-9cf3-8e3fbc930115___RS_Late.B 5496.JPG,256,256,1.0,101.96038818359375,58.27684783935547,3369.38623046875,7.5509641577499895,108.43263244628906,101.43635559082031,87.68318176269531
PlantVillage Internal,D:\Tomato_Disease_Research\plantvillage\Tomato_Late_blight\913a9ecb-2dad-4a37-8e5e-e97a1aa2b8a1___RS_Late.B 5327.JPG,256,256,1.0,106.02542114257812,48.63588333129883,5498.34814453125,7.416336244667731,108.72598266601562,107.77859497070312,89.9150390625
PlantVillage Internal,D:\Tomato_Disease_Research\plantvillage\Tomato_Late_blight\9176c69b-991a-4cd0-bfad-9742ad81a8b4___RS_Late.B 4989.JPG,256,256,1.0,98.07180786132812,58.19328308105469,2751.494140625,7.481054424312205,98.90934753417969,99.46510314941406,88.70079040527344
PlantVillage Internal,D:\Tomato_Disease_Research\plantvillage\Tomato_Late_blight\92abc2a8-b18b-45f9-bf9a-c774cc040ac7___GHLB2 Leaf 149.2.JPG,256,256,1.0,115.39923858642578,33.46200942993164,6831.52197265625,7.0896256871243,117.2454833984375,115.3692626953125,110.71119689941406
PlantVillage Internal,D:\Tomato_Disease_Research\plantvillage\Tomato_Late_blight\9309c2d7-07ea-4dfb-a79e-2e9128d38a75___GHLB2 Leaf 107.3.JPG,256,256,1.0,118.61054229736328,38.655948638916016,758.6689453125,7.264651589110995,117.1895751953125,121.70310974121094,106.41343688964844
PlantVillage Internal,D:\Tomato_Disease_Research\plantvillage\Tomato_Late_blight\942e670b-9e1b-4c27-a2d7-287ad07fd986___RS_Late.B 4977.JPG,256,256,1.0,97.05941009521484,54.062320709228516,6315.44921875,7.285577862346211,102.40771484375,97.1060791015625,82.79148864746094
PlantVillage Internal,D:\Tomato_Disease_Research\plantvillage\Tomato_Late_blight\94531b7b-15e2-4cd3-b6c2-cb3df21c9848___GHLB2 Leaf 8559.JPG,256,256,1.0,126.54329681396484,19.32993507385254,102.74671936035156,6.1589723809993595,123.04946899414062,129.87156677246094,118.56918334960938
PlantVillage Internal,D:\Tomato_Disease_Research\plantvillage\Tomato_Late_blight\948bd29b-11cf-4100-8e94-bae0a34def22___RS_Late.B 6781.JPG,256,256,1.0,163.71990966796875,58.21994400024414,3349.913330078125,7.5875244254992955,162.38333129882812,168.76449584960938,141.25022888183594
PlantVillage Internal,D:\Tomato_Disease_Research\plantvillage\Tomato_Late_blight\94b06669-5f80-4a76-9eae-8d34f6489f15___GHLB2 Leaf 8839.JPG,256,256,1.0,118.4807357788086,20.739540100097656,622.468994140625,6.1326584987911295,125.36317443847656,116.0042724609375,113.18107604980469
PlantVillage Internal,D:\Tomato_Disease_Research\plantvillage\Tomato_Late_blight\94cc1863-a527-4f26-9b08-2f3bc17ff93f___GHLB Leaf 23.3 Day 13.JPG,256,256,1.0,129.9869384765625,44.164833068847656,251.00428771972656,7.100391061287924,125.09738159179688,134.8254852294922,117.89694213867188
PlantVillage Internal,D:\Tomato_Disease_Research\plantvillage\Tomato_Late_blight\94f53287-b156-4ece-94a2-3c12783e4fbb___RS_Late.B 5409.JPG,256,256,1.0,103.81236267089844,53.26420593261719,2542.644775390625,7.376344105764755,112.56419372558594,102.36085510253906,88.3319091796875
PlantVillage Internal,D:\Tomato_Disease_Research\plantvillage\Tomato_Late_blight\97cb14c0-e0e6-4acb-b387-583e12cdc859___RS_Late.B 4860.JPG,256,256,1.0,122.23765563964844,58.09349822998047,3077.803466796875,7.5501652401202675,126.13053894042969,124.15412902832031,102.15916442871094
PlantVillage Internal,D:\Tomato_Disease_Research\plantvillage\Tomato_Late_blight\97e49ab1-3159-4659-9954-518c94690a9e___RS_Late.B 5534.JPG,256,256,1.0,117.06942749023438,45.24290084838867,2423.993408203125,7.180158274098508,116.287841796875,119.69178771972656,105.61647033691406
PlantVillage Internal,D:\Tomato_Disease_Research\plantvillage\Tomato_Late_blight\97f6b5cb-a2aa-4846-a306-decda7f1ad73___RS_Late.B 6127.JPG,256,256,1.0,124.18679809570312,41.666805267333984,8282.2265625,7.1641950731795845,126.41886901855469,123.88438415527344,119.88967895507812
PlantVillage Internal,D:\Tomato_Disease_Research\plantvillage\Tomato_Late_blight\9823fb17-3426-48be-a3de-ed8a3d742674___RS_Late.B 6320.JPG,256,256,1.0,127.88449096679688,66.50230407714844,5447.4541015625,7.6083346132151854,128.89683532714844,128.9278106689453,119.85702514648438
PlantVillage Internal,D:\Tomato_Disease_Research\plantvillage\Tomato_Late_blight\993825d6-dbbd-41b8-9993-c68c3504eff8___GHLB_PS Leaf 36 Day 13.jpg,256,256,1.0,16.997135162353516,38.40580368041992,350.54522705078125,2.2292192825901687,14.962921142578125,19.149032592773438,11.252105712890625
PlantVillage Internal,D:\Tomato_Disease_Research\plantvillage\Tomato_Late_blight\994043ad-6d4c-4ab8-b825-45e61317bce8___GHLB2 Leaf 8829.JPG,256,256,1.0,121.83409118652344,24.784818649291992,908.3328857421875,6.54761111620968,124.68215942382812,120.02314758300781,123.68893432617188
PlantVillage Internal,D:\Tomato_Disease_Research\plantvillage\Tomato_Late_blight\9adeaa24-183e-4403-b899-6fdce79ed524___RS_Late.B 6023.JPG,256,256,1.0,94.97874450683594,36.15120315551758,805.185546875,7.0549998487929395,83.80946350097656,98.31985473632812,107.06977844238281
PlantVillage Internal,D:\Tomato_Disease_Research\plantvillage\Tomato_Late_blight\9b75e0b6-342b-4409-a02d-598e661160a6___GHLB2 Leaf 75.JPG,256,256,1.0,114.2309799194336,29.24823760986328,399.505126953125,6.820956961071888,111.20620727539062,120.68087768554688,88.95307922363281
PlantVillage Internal,D:\Tomato_Disease_Research\plantvillage\Tomato_Late_blight\9bf7479a-5809-48ad-90f7-f4dd4cb9a82b___RS_Late.B 6902.JPG,256,256,1.0,125.30232238769531,48.52187728881836,5298.279296875,7.472856271832012,128.87506103515625,127.08183288574219,106.76881408691406
PlantVillage Internal,D:\Tomato_Disease_Research\plantvillage\Tomato_Late_blight\9ce46f18-eccc-4dc4-aa01-f41ad7e6e7fb___GHLB2 Leaf 8544.JPG,256,256,1.0,116.64566040039062,21.819656372070312,192.9285888671875,6.461054236813666,106.75975036621094,125.36296081542969,97.68801879882812
PlantVillage Internal,D:\Tomato_Disease_Research\plantvillage\Tomato_Late_blight\9ecb8001-2f48-4487-b287-535dbcfb5c2f___RS_Late.B 6206.JPG,256,256,1.0,122.67217254638672,56.72569274902344,6445.58984375,7.613448633544737,122.80764770507812,123.25946044921875,119.29281616210938
PlantVillage Internal,D:\Tomato_Disease_Research\plantvillage\Tomato_Late_blight\9ed7a670-72d9-4bb7-adcb-6aeb2eecb5db___GHLB Leaf 23.5 Day 12.JPG,256,256,1.0,129.63623046875,38.65151596069336,106.17687225341797,6.881697125979581,125.81455993652344,133.29974365234375,120.79583740234375
PlantVillage Internal,D:\Tomato_Disease_Research\plantvillage\Tomato_Late_blight\9f824326-5b34-4f6d-b500-a184cc984d0a___RS_Late.B 5382.JPG,256,256,1.0,98.71147155761719,44.93053436279297,5134.962890625,7.348646626358413,102.49665832519531,100.15167236328125,81.36787414550781
PlantVillage Internal,D:\Tomato_Disease_Research\plantvillage\Tomato_Late_blight\a1f7a744-1d30-4343-992c-b1521d924094___GHLB2 Leaf 8563.JPG,256,256,1.0,125.61548614501953,27.779678344726562,80.19361114501953,6.748552762747323,120.31986999511719,130.70986938476562,113.27330017089844
PlantVillage Internal,D:\Tomato_Disease_Research\plantvillage\Tomato_Late_blight\a2405206-ef97-4d3c-b143-ec07ac51f89e___GHLB2 Leaf 8555.JPG,256,256,1.0,132.85948181152344,17.18890380859375,158.5631866455078,6.082600471287027,125.30021667480469,139.06973266601562,120.70869445800781
PlantVillage Internal,D:\Tomato_Disease_Research\plantvillage\Tomato_Late_blight\a41982b4-98ca-40de-a386-96e865a3dd21___RS_Late.B 6138.JPG,256,256,1.0,123.47438049316406,46.83283615112305,7736.29296875,7.470056079235345,123.84974670410156,126.97395324707031,104.47012329101562
PlantVillage Internal,D:\Tomato_Disease_Research\plantvillage\Tomato_Late_blight\a4a85f99-e178-4f06-83ba-230048d3446e___GHLB2 Leaf 162.2.JPG,256,256,1.0,118.4356689453125,29.745914459228516,504.6080017089844,6.529983656511003,113.18055725097656,123.40835571289062,106.6138916015625
PlantVillage Internal,D:\Tomato_Disease_Research\plantvillage\Tomato_Late_blight\a4cdb993-ba37-45c5-b845-ed5650516b39___GHLB2 Leaf 8878.JPG,256,256,1.0,108.00537872314453,19.763586044311523,898.5018920898438,6.059633594745292,110.12838745117188,107.59332275390625,104.55888366699219
PlantVillage Internal,D:\Tomato_Disease_Research\plantvillage\Tomato_Late_blight\a5d9410b-4ca9-494f-ba13-c7a01c48fa49___RS_Late.B 7147.JPG,256,256,1.0,145.8757781982422,50.97201156616211,3685.1279296875,7.467618907678336,148.8421630859375,146.81858825683594,133.2408447265625
PlantVillage Internal,D:\Tomato_Disease_Research\plantvillage\Tomato_Late_blight\a5fbcb1e-c1f2-4cc9-b69b-24ce89f7ec7a___RS_Late.B 5585.JPG,256,256,1.0,128.69976806640625,35.29019546508789,1972.37744140625,6.5753510137270474,138.64462280273438,125.3623046875,119.80136108398438
PlantVillage Internal,D:\Tomato_Disease_Research\plantvillage\Tomato_Late_blight\a6007dbc-3a2f-4c1e-9ec6-28d7d3a17f28___GHLB_PS Leaf 13 Day 8.jpg,256,256,1.0,24.334060668945312,36.55805587768555,184.62644958496094,3.082437786079826,22.392501831054688,26.727981567382812,17.099807739257812
PlantVillage Internal,D:\Tomato_Disease_Research\plantvillage\Tomato_Late_blight\a6154a52-2013-4b02-9682-f8c5b0b6c17a___GHLB2 Leaf 64.JPG,256,256,1.0,127.40640258789062,20.841407775878906,313.708740234375,6.388378475725578,123.24513244628906,132.0287628173828,114.51947021484375
PlantVillage Internal,D:\Tomato_Disease_Research\plantvillage\Tomato_Late_blight\a63362e0-5e9f-4056-b66b-2f3fc23ea932___GHLB2 Leaf 111.2.JPG,256,256,1.0,106.02351379394531,30.0458984375,2028.356689453125,6.904630213842445,101.12515258789062,111.15396118164062,92.45364379882812
PlantVillage Internal,D:\Tomato_Disease_Research\plantvillage\Tomato_Late_blight\a6876e29-dc0f-4716-bd3c-eedc9f45cf70___GHLB_PS Leaf 41 Day 18.jpg,256,256,1.0,17.210208892822266,44.49824523925781,337.9420471191406,1.8271860673158125,14.21148681640625,19.811386108398438,11.681503295898438
PlantVillage Internal,D:\Tomato_Disease_Research\plantvillage\Tomato_Late_blight\a7cee503-4a3e-42dc-963c-2ae166064f6a___RS_Late.B 5602.JPG,256,256,1.0,124.93073272705078,40.66034698486328,1894.341552734375,6.594048536119468,134.10964965820312,121.55648803710938,118.230712890625
PlantVillage Internal,D:\Tomato_Disease_Research\plantvillage\Tomato_Late_blight\a93a7ca0-3ed4-4d86-9441-49a6d605c26d___GHLB_PS Leaf 26 Day 9.jpg,256,256,1.0,38.89938735961914,46.813045501708984,513.0031127929688,4.430738303738363,32.76536560058594,44.45570373535156,26.3775634765625
PlantVillage Internal,D:\Tomato_Disease_Research\plantvillage\Tomato_Late_blight\a93e7941-b915-4e05-a3b8-7dd4176e6eaa___GHLB2 Leaf 85.JPG,256,256,1.0,101.5832290649414,47.67435836791992,302.16607666015625,7.324186177017774,97.83006286621094,105.77516174316406,89.84222412109375
PlantVillage Internal,D:\Tomato_Disease_Research\plantvillage\Tomato_Late_blight\a9e5eb70-1dc4-44ec-927a-4ac745c1ff31___RS_Late.B 5035.JPG,256,256,1.0,117.25399017333984,59.400386810302734,4649.978515625,7.484553522297361,119.71295166015625,118.30561828613281,105.38967895507812
PlantVillage Internal,D:\Tomato_Disease_Research\plantvillage\Tomato_Late_blight\aa1945c1-9d44-4e84-a18c-e5d78e3f4c37___RS_Late.B 5601.JPG,256,256,1.0,130.64207458496094,35.1252326965332,1822.2030029296875,6.3884483984445035,141.6679229736328,126.37741088867188,123.68281555175781
PlantVillage Internal,D:\Tomato_Disease_Research\plantvillage\Tomato_Late_blight\aa5594a4-0679-4f85-bc2e-ff65342aaca1___GHLB2 Leaf 71.JPG,256,256,1.0,141.12110900878906,21.723276138305664,210.8573760986328,6.411414012187929,133.52317810058594,148.8557891845703,121.22221374511719
PlantVillage Internal,D:\Tomato_Disease_Research\plantvillage\Tomato_Late_blight\aa5e6a40-afc1-47e5-80a3-e41fb9e5a40b___GHLB2 Leaf 9085.JPG,256,256,1.0,117.67619323730469,23.903947830200195,1262.78662109375,6.501469599864633,116.08135986328125,120.93295288085938,105.08973693847656
PlantVillage Internal,D:\Tomato_Disease_Research\plantvillage\Tomato_Late_blight\addfb0ca-2f18-4ed6-94e9-192ea15bf9e8___RS_Late.B 5616.JPG,256,256,1.0,121.83927917480469,40.21586227416992,3091.687255859375,6.948171806876831,127.08560180664062,120.92686462402344,112.77735900878906
PlantVillage Internal,D:\Tomato_Disease_Research\plantvillage\Tomato_Late_blight\ae581c9f-2be2-4ca8-b27d-5a333d15012c___RS_Late.B 5170.JPG,256,256,1.0,101.97024536132812,40.14429473876953,2283.018310546875,7.261970725666121,98.238037109375,105.39952087402344,94.10134887695312
PlantVillage Internal,D:\Tomato_Disease_Research\plantvillage\Tomato_Late_blight\ae811562-9670-4094-a791-41c848b909c4___GHLB2 Leaf 8982.JPG,256,256,1.0,122.03838348388672,19.774486541748047,715.0484008789062,6.251026778945162,123.85650634765625,121.46060180664062,120.244873046875
PlantVillage Internal,D:\Tomato_Disease_Research\plantvillage\Tomato_Late_blight\aee192d9-666e-4ef8-aa5e-86d09d14216c___GHLB2 Leaf 8582.JPG,256,256,1.0,126.9295654296875,38.734130859375,122.22856140136719,7.14855488623874,114.07916259765625,137.25099182128906,107.48736572265625
PlantVillage Internal,D:\Tomato_Disease_Research\plantvillage\Tomato_Late_blight\b17fad17-1d16-4a55-9b4e-d1a35ddbb611___GHLB2 Leaf 8933.JPG,256,256,1.0,116.74159240722656,24.05520248413086,1530.73779296875,6.578662788244191,115.91635131835938,119.65452575683594,103.90705871582031
PlantVillage Internal,D:\Tomato_Disease_Research\plantvillage\Tomato_Late_blight\b2a9abfe-731d-4143-a534-158a4aea4dd1___GHLB_PS Leaf 1.5 Day 13.jpg,256,256,1.0,27.575475692749023,31.824655532836914,158.772216796875,4.20368906230901,23.594329833984375,31.623687744140625,17.172515869140625
PlantVillage Internal,D:\Tomato_Disease_Research\plantvillage\Tomato_Late_blight\b2ecc0ad-1b95-4555-8c8e-ac38f0944c5f___RS_Late.B 4871.JPG,256,256,1.0,112.75958251953125,54.21476364135742,2953.56201171875,7.490669931280352,113.2093505859375,115.76255798339844,96.11727905273438
PlantVillage Internal,D:\Tomato_Disease_Research\plantvillage\Tomato_Late_blight\b3cc95da-557b-456d-9c5d-2ba5d9eb0e98___RS_Late.B 4930.JPG,256,256,1.0,114.30126953125,53.192138671875,3985.366455078125,7.429002332185286,116.0655517578125,116.56489562988281,98.0181884765625
PlantVillage Internal,D:\Tomato_Disease_Research\plantvillage\Tomato_Late_blight\b45f36d3-b367-4c96-9e4d-a8da7c8c584d___RS_Late.B 5195.JPG,256,256,1.0,90.10475158691406,48.63543701171875,3400.318359375,7.344640106628795,95.4261474609375,88.52561950683594,84.27890014648438
PlantVillage Internal,D:\Tomato_Disease_Research\plantvillage\Tomato_Late_blight\b5e5a3bd-a8c8-46fc-928f-f0bb083b9a4e___GHLB2 Leaf 8550.JPG,256,256,1.0,122.86128234863281,15.029467582702637,131.3571319580078,5.8763698084718,114.51240539550781,129.66464233398438,109.72746276855469
PlantVillage Internal,D:\Tomato_Disease_Research\plantvillage\Tomato_Late_blight\b9478b81-3911-4589-b169-84c1e1971906___RS_Late.B 5579.JPG,256,256,1.0,122.40531921386719,43.90992736816406,2575.41455078125,7.13358769184013,123.12179565429688,124.41520690917969,110.17697143554688
PlantVillage Internal,D:\Tomato_Disease_Research\plantvillage\Tomato_Late_blight\bb1cfbc3-b8eb-4a56-9313-86cffbea4524___GHLB_PS Leaf 30.1 Day 13.jpg,256,256,1.0,16.152002334594727,28.055612564086914,178.39889526367188,3.0175375876044246,11.860519409179688,19.5513916015625,9.903854370117188
PlantVillage Internal,D:\Tomato_Disease_Research\plantvillage\Tomato_Late_blight\be5c294b-38cc-44b8-b404-ab7d899cb717___GHLB2 Leaf 161.1.JPG,256,256,1.0,117.85101318359375,25.79887580871582,280.94195556640625,6.670947598940012,110.39610290527344,124.17372131347656,104.84735107421875
PlantVillage Internal,D:\Tomato_Disease_Research\plantvillage\Tomato_Late_blight\bf0b58c2-1d95-4f37-80ea-1bcd82e9c59b___GHLB2 Leaf 145.4.JPG,256,256,1.0,104.83412170410156,37.62533950805664,1467.4837646484375,7.109408150407457,106.032470703125,106.1937255859375,94.69033813476562
PlantVillage Internal,D:\Tomato_Disease_Research\plantvillage\Tomato_Late_blight\bf89b543-1d30-4648-8b4a-bb8d1f2f913a___GHLB2 Leaf 8606.JPG,256,256,1.0,109.61966705322266,21.0524845123291,208.23419189453125,6.343744009248173,108.12356567382812,109.83033752441406,112.45883178710938
PlantVillage Internal,D:\Tomato_Disease_Research\plantvillage\Tomato_Late_blight\c1f3a153-7738-4cdc-a8a2-003e7221001a___GHLB2 Leaf 9013.JPG,256,256,1.0,111.38639831542969,18.40449333190918,480.83355712890625,6.1776972808654875,109.623779296875,112.98489379882812,107.77861022949219
PlantVillage Internal,D:\Tomato_Disease_Research\plantvillage\Tomato_Late_blight\c2327b45-3e5f-4f36-8f5b-2146c89d446d___RS_Late.B 6343.JPG,256,256,1.0,123.35360717773438,50.97834777832031,6462.21826171875,7.501094919620527,124.97221374511719,124.24250793457031,114.53123474121094
PlantVillage Internal,D:\Tomato_Disease_Research\plantvillage\Tomato_Late_blight\c3a5ec63-9d0d-48a2-898a-9bc31b4443a9___GHLB_PS Leaf 1.2 Day 16.jpg,256,256,1.0,53.470458984375,58.90837860107422,383.34014892578125,5.022380465538656,49.541290283203125,57.85716247558594,41.18824768066406
PlantVillage Internal,D:\Tomato_Disease_Research\plantvillage\Tomato_Late_blight\c451aa60-ebde-4dfd-a008-ad6e4cfef3fe___RS_Late.B 6857.JPG,256,256,1.0,148.91094970703125,55.77374267578125,3758.540283203125,7.56382591854924,152.4120635986328,150.09214782714844,133.6460418701172
PlantVillage Internal,D:\Tomato_Disease_Research\plantvillage\Tomato_Late_blight\c4e17a14-ebac-4e2b-b00f-8b6b5e267b42___RS_Late.B 5097.JPG,256,256,1.0,100.46747589111328,48.81711959838867,7036.57373046875,7.517605612604519,103.74845886230469,101.60737609863281,85.9925537109375
PlantVillage Internal,D:\Tomato_Disease_Research\plantvillage\Tomato_Late_blight\c614e6d5-04cc-4846-9867-84c83961c5cf___GHLB2 Leaf 8617.JPG,256,256,1.0,115.8636703491211,20.771480560302734,206.5567169189453,6.1999585495172065,112.196044921875,119.37277221679688,107.41432189941406
PlantVillage Internal,D:\Tomato_Disease_Research\plantvillage\Tomato_Late_blight\c88e92df-e964-428e-9d8b-df1e402fa41f___GHLB_PS Leaf 27.1 Day 13.jpg,256,256,1.0,43.628517150878906,47.75872802734375,539.0011596679688,4.7240998015806905,34.99700927734375,50.31745910644531,31.825119018554688
PlantVillage Internal,D:\Tomato_Disease_Research\plantvillage\Tomato_Late_blight\c91400cf-83f0-4472-9504-3234ccecf65c___RS_Late.B 5218.JPG,256,256,1.0,99.55229949951172,43.0113410949707,2375.14404296875,7.286414652301472,103.158935546875,99.05982971191406,92.62860107421875
PlantVillage Internal,D:\Tomato_Disease_Research\plantvillage\Tomato_Late_blight\c991e311-e10c-4505-a01a-3ad7c92d3e3b___RS_Late.B 7194.JPG,256,256,1.0,141.0596923828125,49.46356201171875,3745.721923828125,7.372221943736946,132.39190673828125,146.7206268310547,134.6448516845703
PlantVillage Internal,D:\Tomato_Disease_Research\plantvillage\Tomato_Late_blight\c9c8854f-00f2-4bec-b263-f03354f58114___RS_Late.B 6997.JPG,256,256,1.0,158.26882934570312,49.149051666259766,5600.001953125,7.5255644817633165,156.47088623046875,161.62228393554688,145.71725463867188
PlantVillage Internal,D:\Tomato_Disease_Research\plantvillage\Tomato_Late_blight\c9f19d2a-8c9d-4ac1-b077-545c5d6f53a9___GHLB_PS Leaf 53 Day 18 .jpg,256,256,1.0,23.460525512695312,44.27233123779297,391.5240783691406,2.647609523589052,18.167770385742188,28.8782958984375,9.445632934570312
PlantVillage Internal,D:\Tomato_Disease_Research\plantvillage\Tomato_Late_blight\ca5daff3-da8c-404a-b51a-02612ca741e4___GHLB2 Leaf 8722.JPG,256,256,1.0,125.6361083984375,23.437223434448242,628.3766479492188,6.425312235874616,128.15072631835938,125.4736328125,119.8773193359375
PlantVillage Internal,D:\Tomato_Disease_Research\plantvillage\Tomato_Late_blight\cb11b3a4-a1f5-43a2-a7ff-399d7674b708___GHLB_PS Leaf 2.2 Day 18.jpg,256,256,1.0,43.39610290527344,62.121822357177734,342.113525390625,3.808882267564304,39.6187744140625,48.0535888671875,29.321334838867188
PlantVillage Internal,D:\Tomato_Disease_Research\plantvillage\Tomato_Late_blight\cbba9493-51c1-4cad-b194-0ca6ac3a3059___RS_Late.B 6773.JPG,256,256,1.0,158.4942626953125,63.622798919677734,4090.96240234375,7.687778745274475,168.2647705078125,157.5332794189453,137.81626892089844
PlantVillage Internal,D:\Tomato_Disease_Research\plantvillage\Tomato_Late_blight\cc182d88-d09a-4caa-948a-91db3007290a___GHLB_PS Leaf 2.1 Day 7.jpg,256,256,1.0,19.71905517578125,42.24637222290039,264.1075439453125,2.1124988961141153,16.0338134765625,22.375732421875,15.705184936523438
PlantVillage Internal,D:\Tomato_Disease_Research\plantvillage\Tomato_Late_blight\cc822a81-2140-421a-957c-e4ccfa2c0ba5___RS_Late.B 5357.JPG,256,256,1.0,112.61896514892578,47.16848373413086,2829.55517578125,7.396576981981682,118.49961853027344,113.52851867675781,92.51174926757812
PlantVillage Internal,D:\Tomato_Disease_Research\plantvillage\Tomato_Late_blight\ce90a66b-6d07-4fc1-89bd-af0de0c5dee1___GHLB2 Leaf 108.JPG,256,256,1.0,113.88517761230469,41.55072021484375,387.5396728515625,7.271831514350173,112.81527709960938,119.425048828125,88.16583251953125
PlantVillage Internal,D:\Tomato_Disease_Research\plantvillage\Tomato_Late_blight\ceec7525-b67e-43fc-8967-77d57133afba___RS_Late.B 5586.JPG,256,256,1.0,130.3724822998047,34.81415557861328,1416.9013671875,6.39011025769994,141.0928497314453,126.96734619140625,119.78851318359375
PlantVillage Internal,D:\Tomato_Disease_Research\plantvillage\Tomato_Late_blight\cf724383-bfe7-454a-9f22-bb59072d56ae___RS_Late.B 5442.JPG,256,256,1.0,101.98411560058594,47.16106033325195,1386.554443359375,7.217709667846682,104.87008666992188,102.38836669921875,92.33322143554688
PlantVillage Internal,D:\Tomato_Disease_Research\plantvillage\Tomato_Late_blight\d28832cb-6291-40c8-b48e-c6019c1eb6a5___RS_Late.B 6437.JPG,256,256,1.0,117.57213592529297,46.27137756347656,5519.255859375,7.260657733630142,124.64241027832031,114.87095642089844,112.93684387207031
PlantVillage Internal,D:\Tomato_Disease_Research\plantvillage\Tomato_Late_blight\d2ef0edd-4a4f-4245-85a8-34309ef9ef71___GHLB_PS Leaf 46.1 Day 18.jpg,256,256,1.0,41.84035110473633,62.74348068237305,318.8502502441406,3.5566750922665777,35.05082702636719,48.13972473144531,27.211715698242188
PlantVillage Internal,D:\Tomato_Disease_Research\plantvillage\Tomato_Late_blight\d346f7f2-7cc9-43ef-bfcf-fbfd9d9db724___GHLB_PS Leaf 18 Day 8.jpg,256,256,1.0,33.452545166015625,48.122894287109375,271.62872314453125,3.1960662872424015,28.45989990234375,37.54338073730469,25.483047485351562
PlantVillage Internal,D:\Tomato_Disease_Research\plantvillage\Tomato_Late_blight\d3d532b0-4927-4818-a12c-709ce0134435___GHLB2 Leaf 9051.JPG,256,256,1.0,121.67332458496094,25.96578025817871,703.8160400390625,6.561955628243343,122.28556823730469,123.15675354003906,112.42916870117188
PlantVillage Internal,D:\Tomato_Disease_Research\plantvillage\Tomato_Late_blight\d491156d-bcb8-47b9-b6b9-3f1d2dc1777f___GHLB2 Leaf 8779.JPG,256,256,1.0,123.60397338867188,19.250566482543945,180.37332153320312,6.23737578518942,127.16448974609375,122.58134460449219,119.53106689453125
PlantVillage Internal,D:\Tomato_Disease_Research\plantvillage\Tomato_Late_blight\d7052146-5be7-4d3d-a2a7-32d4277c26a2___GHLB2ES Leaf 141.JPG,256,256,1.0,122.19644165039062,22.761184692382812,995.43359375,6.47309682156482,112.83509826660156,130.9950714111328,101.4442138671875
PlantVillage Internal,D:\Tomato_Disease_Research\plantvillage\Tomato_Late_blight\d70b86ba-e117-43d6-ad51-43c67d9a2483___RS_Late.B 6347.JPG,256,256,1.0,120.25825500488281,59.87110137939453,7881.6494140625,7.646910713608158,120.20420837402344,122.15884399414062,110.61367797851562
PlantVillage Internal,D:\Tomato_Disease_Research\plantvillage\Tomato_Late_blight\d87455f4-a924-426a-8c62-b9870b8a6d34___RS_Late.B 6024.JPG,256,256,1.0,131.78260803222656,57.64405822753906,5992.875,7.489464034604937,129.6750030517578,133.26071166992188,129.69949340820312
PlantVillage Internal,D:\Tomato_Disease_Research\plantvillage\Tomato_Late_blight\dbecc777-f8a4-4222-9872-051d44b19b2c___RS_Late.B 6426.JPG,256,256,1.0,115.73847198486328,34.31428527832031,4235.42333984375,6.950514954348673,117.76515197753906,116.14500427246094,108.32957458496094
PlantVillage Internal,D:\Tomato_Disease_Research\plantvillage\Tomato_Late_blight\df7775b2-73f3-4708-86d5-a56e2bbb3337___RS_Late.B 5378.JPG,256,256,1.0,107.19456481933594,46.456790924072266,5607.0322265625,7.382209490903266,109.04006958007812,109.30039978027344,91.51091003417969
PlantVillage Internal,D:\Tomato_Disease_Research\plantvillage\Tomato_Late_blight\e1836b6b-a14d-402a-ac9f-db7d12feeec9___RS_Late.B 4924.JPG,256,256,1.0,121.33013916015625,59.22579574584961,4055.18408203125,7.592534766180802,123.11506652832031,123.77476501464844,104.06095886230469
PlantVillage Internal,D:\Tomato_Disease_Research\plantvillage\Tomato_Late_blight\e27901d0-1f93-4342-a8d1-6e19f234b296___GHLB2 Leaf 8916.JPG,256,256,1.0,119.90807342529297,24.23459243774414,1056.433837890625,6.528671335445424,123.68096923828125,119.01254272460938,114.62373352050781
PlantVillage Internal,D:\Tomato_Disease_Research\plantvillage\Tomato_Late_blight\e2acf01a-92f6-47b2-bc21-e830899f9f0b___GHLB2 Leaf 95.2.JPG,256,256,1.0,115.11148834228516,24.989259719848633,1807.57275390625,6.647300273970405,108.7989501953125,119.80549621582031,107.498046875
PlantVillage Internal,D:\Tomato_Disease_Research\plantvillage\Tomato_Late_blight\e2e89956-491c-42a0-9154-6b8ef41cd63b___GHLB2 Leaf 8689.JPG,256,256,1.0,119.9794921875,21.821178436279297,1014.7674560546875,6.3136161295106215,121.25413513183594,120.09906005859375,116.02059936523438
PlantVillage Internal,D:\Tomato_Disease_Research\plantvillage\Tomato_Late_blight\e60c6680-9c50-4063-9eb9-6e77980afcfa___RS_Late.B 5343.JPG,256,256,1.0,111.10906982421875,48.18758773803711,2887.2392578125,7.352578015434959,115.67039489746094,112.40768432617188,92.4588623046875
PlantVillage Internal,D:\Tomato_Disease_Research\plantvillage\Tomato_Late_blight\e7619088-871f-422e-a6e8-5c8a7da70b3e___GHLB2 Leaf 8825.JPG,256,256,1.0,103.03046417236328,13.504814147949219,632.203857421875,5.752486905262601,109.3648681640625,101.34785461425781,95.08056640625
PlantVillage Internal,D:\Tomato_Disease_Research\plantvillage\Tomato_Late_blight\e7ad9c9f-d300-4246-8e98-4e364eb4d7b6___GHLB Leaf 23.1 Day 18.JPG,256,256,1.0,122.58589172363281,31.09980010986328,211.0570831298828,6.944098328002267,121.264892578125,125.08393859863281,113.18785095214844
PlantVillage Internal,D:\Tomato_Disease_Research\plantvillage\Tomato_Late_blight\e82e3fd9-cc3c-4196-9bef-178576b882de___RS_Late.B 6316.JPG,256,256,1.0,133.3635711669922,63.5744743347168,3241.3115234375,7.428949159271244,141.72377014160156,130.52542114257812,126.05039978027344
PlantVillage Internal,D:\Tomato_Disease_Research\plantvillage\Tomato_Late_blight\e980207c-6e67-4caf-8973-7128ca2a1c12___GHLB2 Leaf 8876.JPG,256,256,1.0,119.71836853027344,24.39574432373047,843.6326904296875,6.509884305169292,122.57272338867188,119.15208435058594,115.14790344238281
PlantVillage Internal,D:\Tomato_Disease_Research\plantvillage\Tomato_Late_blight\ebe561c5-4d97-4008-a998-a7c02ed6d3d3___GHLB2 Leaf 87.JPG,256,256,1.0,130.14370727539062,35.084632873535156,264.99786376953125,6.948422968569242,131.36131286621094,132.03599548339844,117.20648193359375
PlantVillage Internal,D:\Tomato_Disease_Research\plantvillage\Tomato_Late_blight\ecacf5db-abcf-408c-b41a-93e339fbfc0c___RS_Late.B 6405.JPG,256,256,1.0,98.2370834350586,31.93722152709961,4006.451171875,7.018707627182037,94.99655151367188,102.46168518066406,84.98335266113281
PlantVillage Internal,D:\Tomato_Disease_Research\plantvillage\Tomato_Late_blight\ed70dd6e-db68-4cf5-95b6-e25c67be113f___RS_Late.B 4966.JPG,256,256,1.0,116.26324462890625,61.39789581298828,4827.5390625,7.58253489206215,121.42002868652344,116.58010864257812,101.10641479492188
PlantVillage Internal,D:\Tomato_Disease_Research\plantvillage\Tomato_Late_blight\edab4e30-5e08-4bf9-92eb-695d4472add6___RS_Late.B 5582.JPG,256,256,1.0,123.86034393310547,44.903682708740234,2650.2666015625,7.237215694626837,124.12321472167969,126.20896911621094,111.0775146484375
PlantVillage Internal,D:\Tomato_Disease_Research\plantvillage\Tomato_Late_blight\edaeb655-f663-4be5-900a-17255d65c997___GHLB2 Leaf 8768.JPG,256,256,1.0,121.48944091796875,22.071455001831055,766.1192626953125,6.364477301955934,125.43804931640625,119.98092651367188,118.90058898925781
PlantVillage Internal,D:\Tomato_Disease_Research\plantvillage\Tomato_Late_blight\eedd252b-1d20-4cc8-94ca-b8800334996c___GHLB2 Leaf 8667.JPG,256,256,1.0,113.3048095703125,19.166366577148438,559.5992431640625,6.219806700400216,109.90199279785156,116.65469360351562,104.98072814941406
PlantVillage Internal,D:\Tomato_Disease_Research\plantvillage\Tomato_Late_blight\f0ac2b25-fb74-43f7-9ca6-52bb05dd2ec2___RS_Late.B 6545.JPG,256,256,1.0,107.17317199707031,51.96009063720703,4342.81494140625,7.300271356550901,109.18321228027344,108.10780334472656,97.08869934082031
PlantVillage Internal,D:\Tomato_Disease_Research\plantvillage\Tomato_Late_blight\f1604e72-b6ee-4b8b-81fa-cf3acc501e17___GHLB2 Leaf 8752.JPG,256,256,1.0,118.37062072753906,26.853450775146484,819.8738403320312,6.672627899485578,121.5244140625,117.94662475585938,112.28204345703125
PlantVillage Internal,D:\Tomato_Disease_Research\plantvillage\Tomato_Late_blight\f2581062-48ef-4957-bab3-9beb606ff3ef___RS_Late.B 6291.JPG,256,256,1.0,122.1484603881836,51.16315841674805,5480.154296875,7.511252613607483,125.19174194335938,122.40296936035156,112.85604858398438
PlantVillage Internal,D:\Tomato_Disease_Research\plantvillage\Tomato_Late_blight\f2c089b3-34a5-4300-848f-a0d6eebcb756___RS_Late.B 5174.JPG,256,256,1.0,96.09693908691406,45.59927749633789,1606.813720703125,7.168336222540058,92.298095703125,99.79693603515625,87.00888061523438
PlantVillage Internal,D:\Tomato_Disease_Research\plantvillage\Tomato_Late_blight\f336431f-8e79-4ff6-9afd-03bacf1bfaf2___RS_Late.B 5521.JPG,256,256,1.0,107.78395080566406,51.153507232666016,3089.7001953125,7.40422229351193,113.909912109375,107.40907287597656,93.64698791503906
PlantVillage Internal,D:\Tomato_Disease_Research\plantvillage\Tomato_Late_blight\f401bc9a-3136-40cd-8a6b-99308e7de798___RS_Late.B 5004.JPG,256,256,1.0,117.29731750488281,46.1390495300293,4685.25048828125,7.348417196542393,123.58314514160156,117.26118469238281,100.996826171875
PlantVillage Internal,D:\Tomato_Disease_Research\plantvillage\Tomato_Late_blight\f5538cfb-7556-4f4d-a680-6a15cc6283ab___RS_Late.B 4962.JPG,256,256,1.0,113.29185485839844,60.4841194152832,3901.982421875,7.516452319660766,115.95559692382812,114.791015625,98.58596801757812
PlantVillage Internal,D:\Tomato_Disease_Research\plantvillage\Tomato_Late_blight\f7d235fa-e0ef-4475-88d2-3bfa79f1ab6f___RS_Late.B 7059.JPG,256,256,1.0,164.744140625,50.908111572265625,5386.7666015625,7.334088818351911,172.19241333007812,163.56439208984375,151.2834930419922
PlantVillage Internal,D:\Tomato_Disease_Research\plantvillage\Tomato_Late_blight\f8024ad7-ded1-42aa-ab6d-139f7069d10e___RS_Late.B 7157.JPG,256,256,1.0,136.65194702148438,56.10697937011719,5066.00439453125,7.564745096054962,141.02500915527344,136.24734497070312,127.26556396484375
PlantVillage Internal,D:\Tomato_Disease_Research\plantvillage\Tomato_Late_blight\f84a91cc-ad11-409e-9115-1af741e5726d___RS_Late.B 5166.JPG,256,256,1.0,98.8155288696289,45.15578079223633,3809.923095703125,7.26757293445093,98.64366149902344,99.71650695800781,94.62705993652344
PlantVillage Internal,D:\Tomato_Disease_Research\plantvillage\Tomato_Late_blight\f8e2f06c-ffc4-426b-a7ad-300f6472fdcc___RS_Late.B 5238.JPG,256,256,1.0,96.88798522949219,39.04755401611328,2426.539794921875,7.21367382036826,98.68598937988281,97.21054077148438,90.51132202148438
PlantVillage Internal,D:\Tomato_Disease_Research\plantvillage\Tomato_Late_blight\fa4ec25a-250d-4eb3-ba0d-9d1c51eb3995___GHLB2 Leaf 8990.JPG,256,256,1.0,119.2488021850586,23.77269744873047,1054.6890869140625,6.459753994876141,122.92460632324219,117.93278503417969,116.38424682617188
PlantVillage Internal,D:\Tomato_Disease_Research\plantvillage\Tomato_Late_blight\fa524c8c-e08d-43ee-9f33-3bd2bf9b09f5___GHLB2 Leaf 8686.JPG,256,256,1.0,126.39710998535156,20.143156051635742,1060.5538330078125,6.2091308726097525,126.57492065429688,127.82124328613281,118.59768676757812
PlantVillage Internal,D:\Tomato_Disease_Research\plantvillage\Tomato_Late_blight\fabaa5c5-3180-49b7-b538-d1a31316afd8___GHLB2 Leaf 121.4.JPG,256,256,1.0,129.231689453125,21.763591766357422,917.1630249023438,6.412637874342763,128.1440887451172,132.96322631835938,112.8701171875
PlantVillage Internal,D:\Tomato_Disease_Research\plantvillage\Tomato_Late_blight\fdbc3a0b-5da5-452d-a6e4-b5a5e6dc396a___GHLB2 Leaf 8575.JPG,256,256,1.0,122.17278289794922,20.432920455932617,222.5111846923828,6.3022873613726835,108.13427734375,134.69374084472656,94.52116394042969
PlantVillage Internal,D:\Tomato_Disease_Research\plantvillage\Tomato_Leaf_Mold\0425e1f8-950e-4f8f-a8cc-66809d61ef54___Crnl_L.Mold 6783.JPG,256,256,1.0,123.76408386230469,40.993255615234375,3957.87548828125,7.137275285400618,128.21829223632812,123.75032043457031,112.15234375
PlantVillage Internal,D:\Tomato_Disease_Research\plantvillage\Tomato_Leaf_Mold\0443d006-9d75-4d46-9312-941f21e3791d___Crnl_L.Mold 9139.JPG,256,256,1.0,113.93899536132812,29.731386184692383,856.5023193359375,6.550269532616801,98.40245056152344,114.98370361328125,149.30905151367188
PlantVillage Internal,D:\Tomato_Disease_Research\plantvillage\Tomato_Leaf_Mold\05205449-e0d0-4d2f-a2fb-6f1fc0e2e9c5___Crnl_L.Mold 8717.JPG,256,256,1.0,126.54023742675781,42.2318000793457,6677.818359375,7.282806868798371,123.49855041503906,130.01368713378906,116.63279724121094
PlantVillage Internal,D:\Tomato_Disease_Research\plantvillage\Tomato_Leaf_Mold\05bbff69-adad-4e16-8fad-c265be82e25a___Crnl_L.Mold 6929.JPG,256,256,1.0,110.48330688476562,29.05649757385254,551.6578979492188,6.689084480133063,103.97892761230469,113.447021484375,112.28256225585938
PlantVillage Internal,D:\Tomato_Disease_Research\plantvillage\Tomato_Leaf_Mold\077218cb-00b9-4bdf-b091-108a42c7a601___Crnl_L.Mold 7118.JPG,256,256,1.0,97.14433288574219,24.69953727722168,954.2220458984375,6.3331025346951835,94.92868041992188,97.86021423339844,99.26936340332031
PlantVillage Internal,D:\Tomato_Disease_Research\plantvillage\Tomato_Leaf_Mold\0857ce1f-5347-493a-acd9-77b698950b45___Crnl_L.Mold 6748.JPG,256,256,1.0,124.35991668701172,45.398651123046875,4828.17724609375,7.300285454884932,126.6851806640625,125.72303771972656,111.24234008789062
PlantVillage Internal,D:\Tomato_Disease_Research\plantvillage\Tomato_Leaf_Mold\0ae36892-5cb1-476e-8a51-b7fd8183a535___Crnl_L.Mold 6728.JPG,256,256,1.0,126.70399475097656,45.18427276611328,2180.670654296875,6.832295189024005,132.47999572753906,126.54206848144531,112.38836669921875
PlantVillage Internal,D:\Tomato_Disease_Research\plantvillage\Tomato_Leaf_Mold\0ddf82ad-9004-4913-ac9c-d00333d7c858___Crnl_L.Mold 7089.JPG,256,256,1.0,97.33392333984375,29.280345916748047,705.7033081054688,6.669279791213168,80.35975646972656,102.06843566894531,117.475341796875
PlantVillage Internal,D:\Tomato_Disease_Research\plantvillage\Tomato_Leaf_Mold\119da3be-8512-492e-ac10-66bee5e73a5c___Crnl_L.Mold 8770.JPG,256,256,1.0,133.5459747314453,52.46699523925781,4373.8818359375,7.4410397986577,134.1142120361328,136.56155395507812,116.52806091308594
PlantVillage Internal,D:\Tomato_Disease_Research\plantvillage\Tomato_Leaf_Mold\12319ec3-c990-4c68-8683-244f1f220c09___Crnl_L.Mold 9146.JPG,256,256,1.0,104.040283203125,28.778539657592773,493.5789794921875,6.763091914228447,91.43556213378906,106.33554077148438,125.2813720703125
PlantVillage Internal,D:\Tomato_Disease_Research\plantvillage\Tomato_Leaf_Mold\13611825-494e-4068-8be4-68de001adbf8___Crnl_L.Mold 6965.JPG,256,256,1.0,115.07157135009766,24.226865768432617,537.5404052734375,6.546895561866451,113.45469665527344,117.30296325683594,107.82261657714844
PlantVillage Internal,D:\Tomato_Disease_Research\plantvillage\Tomato_Leaf_Mold\158d72b9-7f14-4466-9b20-13909636294f___Crnl_L.Mold 8829.JPG,256,256,1.0,121.44352722167969,37.39521026611328,4605.56005859375,7.109658728905636,116.07337951660156,125.63539123535156,113.94393920898438
PlantVillage Internal,D:\Tomato_Disease_Research\plantvillage\Tomato_Leaf_Mold\19a5dad8-125e-4765-98d9-0164586fa807___Crnl_L.Mold 6590.JPG,256,256,1.0,111.96185302734375,33.363182067871094,6507.44384765625,6.998346966098066,114.85554504394531,112.57200622558594,101.23056030273438
PlantVillage Internal,D:\Tomato_Disease_Research\plantvillage\Tomato_Leaf_Mold\1b561161-1e63-4de0-889a-9c7b13487e18___Crnl_L.Mold 6596.JPG,256,256,1.0,113.82937622070312,41.25128173828125,4269.2392578125,7.023960928165305,118.08255004882812,114.55337524414062,98.94619750976562
PlantVillage Internal,D:\Tomato_Disease_Research\plantvillage\Tomato_Leaf_Mold\1c03ffcb-9476-453c-96be-5bd1f629b2d1___Crnl_L.Mold 8853.JPG,256,256,1.0,123.80018615722656,39.221927642822266,4683.943359375,7.1412258741800425,120.13851928710938,128.8975372314453,107.15713500976562
PlantVillage Internal,D:\Tomato_Disease_Research\plantvillage\Tomato_Leaf_Mold\1f5c3b37-5590-4db7-a702-0cd93db0c929___Crnl_L.Mold 6930.JPG,256,256,1.0,108.4608383178711,26.73740005493164,307.302490234375,6.59293804593853,98.65605163574219,112.59945678710938,112.86662292480469
PlantVillage Internal,D:\Tomato_Disease_Research\plantvillage\Tomato_Leaf_Mold\201ada31-7b91-42c1-a245-4d37df0b2c52___Crnl_L.Mold 8742.JPG,256,256,1.0,122.8693618774414,47.45900344848633,7709.6201171875,7.3362162751303455,123.24887084960938,123.58868408203125,118.17008972167969
PlantVillage Internal,D:\Tomato_Disease_Research\plantvillage\Tomato_Leaf_Mold\2151777c-9cd4-41b0-b6ae-c761c0dd1801___Crnl_L.Mold 8623.JPG,256,256,1.0,136.77146911621094,45.67660903930664,4247.83251953125,7.253624793009909,132.76165771484375,139.25721740722656,134.48910522460938
PlantVillage Internal,D:\Tomato_Disease_Research\plantvillage\Tomato_Leaf_Mold\240a5b33-6071-4129-b017-1c7bba52a690___Crnl_L.Mold 6991.JPG,256,256,1.0,119.79074096679688,31.94034194946289,1886.25390625,6.979489082568671,120.21739196777344,120.56784057617188,114.6702880859375
PlantVillage Internal,D:\Tomato_Disease_Research\plantvillage\Tomato_Leaf_Mold\27c4fc3e-760a-4d3c-8552-bb5ca4eab3d8___Crnl_L.Mold 6781.JPG,256,256,1.0,126.50051879882812,45.17658615112305,3118.20458984375,7.1083803414213795,130.9224395751953,126.42477416992188,115.29266357421875
PlantVillage Internal,D:\Tomato_Disease_Research\plantvillage\Tomato_Leaf_Mold\28fc4b35-8b20-4bd0-8e41-c1ef7093ff33___Crnl_L.Mold 6755.JPG,256,256,1.0,128.63909912109375,47.152313232421875,3581.96044921875,7.113277167024285,131.0512237548828,128.8557586669922,121.19699096679688
PlantVillage Internal,D:\Tomato_Disease_Research\plantvillage\Tomato_Leaf_Mold\29059c14-7b1c-4e06-8c40-2fc73f28ffe6___Crnl_L.Mold 6927.JPG,256,256,1.0,115.19391632080078,28.79918670654297,571.2711791992188,6.6574334047039745,106.50175476074219,118.7518310546875,119.67155456542969
PlantVillage Internal,D:\Tomato_Disease_Research\plantvillage\Tomato_Leaf_Mold\2b727376-492d-47dd-983a-c8f9c7ab386a___Crnl_L.Mold 6556.JPG,256,256,1.0,120.63491821289062,39.948448181152344,3968.813232421875,7.082248180875263,125.19200134277344,121.85212707519531,102.41500854492188
PlantVillage Internal,D:\Tomato_Disease_Research\plantvillage\Tomato_Leaf_Mold\2b8e612f-7448-44f7-899c-95b3c8291824___Crnl_L.Mold 6671.JPG,256,256,1.0,109.92398071289062,53.45128631591797,2820.5380859375,7.299736689473483,110.07383728027344,111.40156555175781,101.92262268066406
PlantVillage Internal,D:\Tomato_Disease_Research\plantvillage\Tomato_Leaf_Mold\2ba2d560-919c-48cd-8f98-c4caf8fc37e7___Crnl_L.Mold 8994.JPG,256,256,1.0,100.54789733886719,33.66145706176758,1736.6375732421875,7.0357761825139535,84.49714660644531,105.12965393066406,119.05393981933594
PlantVillage Internal,D:\Tomato_Disease_Research\plantvillage\Tomato_Leaf_Mold\2cd79cec-d3fd-48a0-a747-186659750725___Crnl_L.Mold 6972.JPG,256,256,1.0,117.51107025146484,33.01282501220703,541.3067626953125,6.88759453322016,116.76307678222656,118.30213928222656,115.39958190917969
PlantVillage Internal,D:\Tomato_Disease_Research\plantvillage\Tomato_Leaf_Mold\2e84cbfc-af2c-4c2b-9273-8427546a5383___Crnl_L.Mold 8692.JPG,256,256,1.0,130.1934814453125,50.782047271728516,4209.06689453125,7.442795999210855,124.84504699707031,134.14173889160156,123.89134216308594
PlantVillage Internal,D:\Tomato_Disease_Research\plantvillage\Tomato_Leaf_Mold\2f195926-6d02-4c40-bf4a-ba3a123fe66e___Crnl_L.Mold 9130.JPG,256,256,1.0,96.53960418701172,25.22553253173828,941.5777587890625,6.6144175767128495,82.88995361328125,98.78575134277344,120.7742919921875
PlantVillage Internal,D:\Tomato_Disease_Research\plantvillage\Tomato_Leaf_Mold\32245a13-92fe-48bf-85c8-938819a057ee___Crnl_L.Mold 8643.JPG,256,256,1.0,131.94815063476562,40.98672866821289,5410.9267578125,7.215525223083241,128.3982696533203,133.7599334716797,131.92970275878906
PlantVillage Internal,D:\Tomato_Disease_Research\plantvillage\Tomato_Leaf_Mold\355b3ad0-1d3b-49ea-80c8-3254a06a660c___Crnl_L.Mold 8968.JPG,256,256,1.0,101.1358871459961,25.704551696777344,580.5839233398438,6.591838505503054,84.6484375,105.39047241210938,122.47190856933594
PlantVillage Internal,D:\Tomato_Disease_Research\plantvillage\Tomato_Leaf_Mold\35f38d23-ae26-4feb-a076-6fd6571db043___Crnl_L.Mold 6814.JPG,256,256,1.0,115.63433074951172,45.29758834838867,2834.177734375,7.261273060863162,117.03253173828125,118.31869506835938,98.1448974609375
PlantVillage Internal,D:\Tomato_Disease_Research\plantvillage\Tomato_Leaf_Mold\44400a5b-bbc1-4298-bf1a-d104eea5cda8___Crnl_L.Mold 6718.JPG,256,256,1.0,119.87667083740234,49.07048416137695,4315.7451171875,7.241893576315431,122.76022338867188,119.84487915039062,112.477294921875
PlantVillage Internal,D:\Tomato_Disease_Research\plantvillage\Tomato_Leaf_Mold\454b480b-2ac5-4992-bc5e-5ac95311214c___Crnl_L.Mold 6544.JPG,256,256,1.0,122.28453063964844,40.24312210083008,5092.0302734375,7.193497203119575,123.62477111816406,123.60015869140625,111.99496459960938
PlantVillage Internal,D:\Tomato_Disease_Research\plantvillage\Tomato_Leaf_Mold\460faa12-8c7a-458b-a6a1-90c71cc73fad___Crnl_L.Mold 9102.JPG,256,256,1.0,107.51720428466797,42.56670379638672,932.0205688476562,7.361496932976074,100.85281372070312,107.29205322265625,126.15596008300781
PlantVillage Internal,D:\Tomato_Disease_Research\plantvillage\Tomato_Leaf_Mold\47368e87-9afe-4943-8929-e5e8a652bf60___Crnl_L.Mold 8950.JPG,256,256,1.0,106.95574188232422,21.842012405395508,450.385009765625,6.207052182297543,91.60282897949219,110.44564819335938,129.25352478027344
PlantVillage Internal,D:\Tomato_Disease_Research\plantvillage\Tomato_Leaf_Mold\48f87aed-cace-4b4f-bc57-1b6b2a6c1e9b___Crnl_L.Mold 6810.JPG,256,256,1.0,114.29120635986328,44.89674758911133,4836.18359375,7.213846941595143,116.27139282226562,115.56658935546875,102.53036499023438
PlantVillage Internal,D:\Tomato_Disease_Research\plantvillage\Tomato_Leaf_Mold\4cfebe0b-f6de-4114-b76c-57a06e3db769___Crnl_L.Mold 9085.JPG,256,256,1.0,122.55379486083984,45.5308723449707,3717.836669921875,7.426129704299781,128.11624145507812,121.45761108398438,113.60897827148438
PlantVillage Internal,D:\Tomato_Disease_Research\plantvillage\Tomato_Leaf_Mold\4fd9ee11-86f0-4fc5-bec6-3df06ac53386___Crnl_L.Mold 7028.JPG,256,256,1.0,100.42234802246094,27.355497360229492,535.6758422851562,6.625205741149652,98.47151184082031,100.33955383300781,105.96527099609375
PlantVillage Internal,D:\Tomato_Disease_Research\plantvillage\Tomato_Leaf_Mold\544d95c7-34a8-442b-8471-3071612ec4ae___Crnl_L.Mold 8881.JPG,256,256,1.0,125.12113952636719,44.943634033203125,5263.7880859375,7.341242602602533,124.095458984375,127.66899108886719,114.69210815429688
PlantVillage Internal,D:\Tomato_Disease_Research\plantvillage\Tomato_Leaf_Mold\54ad9e10-f37e-40af-89ab-43ec8bcfbb55___Crnl_L.Mold 9057.JPG,256,256,1.0,96.52925109863281,24.142234802246094,1225.11669921875,6.564600617304233,83.60891723632812,99.13377380371094,117.00579833984375
PlantVillage Internal,D:\Tomato_Disease_Research\plantvillage\Tomato_Leaf_Mold\55cc7d97-c88a-4053-8691-288e94bf96b0___Crnl_L.Mold 9182.JPG,256,256,1.0,102.48111724853516,28.23295783996582,1144.640869140625,6.800114041342457,88.43797302246094,105.32792663574219,124.65499877929688
PlantVillage Internal,D:\Tomato_Disease_Research\plantvillage\Tomato_Leaf_Mold\561e6144-f53b-477e-96ef-88deff234bc6___Crnl_L.Mold 6855.JPG,256,256,1.0,122.15595245361328,42.72861099243164,3773.1640625,7.1289222130711885,125.25563049316406,122.90362548828125,110.17617797851562
PlantVillage Internal,D:\Tomato_Disease_Research\plantvillage\Tomato_Leaf_Mold\58716bd0-de1b-480d-9381-af08e2f13813___Crnl_L.Mold 6732.JPG,256,256,1.0,125.8261489868164,35.01553726196289,4421.05517578125,6.9716913234085265,130.27862548828125,126.15554809570312,112.45198059082031
PlantVillage Internal,D:\Tomato_Disease_Research\plantvillage\Tomato_Leaf_Mold\58fb4710-c0a7-4a76-8667-07fbe66bfac9___Crnl_L.Mold 6568.JPG,256,256,1.0,125.02801513671875,31.222761154174805,4722.16796875,6.835504085196303,128.64366149902344,126.42062377929688,108.3741455078125
PlantVillage Internal,D:\Tomato_Disease_Research\plantvillage\Tomato_Leaf_Mold\59ad7ddc-9db9-4a9f-b067-e190e0a494e7___Crnl_L.Mold 6566.JPG,256,256,1.0,112.95452880859375,42.108497619628906,4473.154296875,7.164896020492612,114.4769287109375,116.45857238769531,90.9188232421875
PlantVillage Internal,D:\Tomato_Disease_Research\plantvillage\Tomato_Leaf_Mold\5fc8babb-214b-459a-9440-898cedeb4944___Crnl_L.Mold 8667.JPG,256,256,1.0,118.43638610839844,42.96725082397461,6839.1376953125,7.218766118912668,117.90109252929688,119.93894958496094,112.103515625
PlantVillage Internal,D:\Tomato_Disease_Research\plantvillage\Tomato_Leaf_Mold\6337ca93-b6c5-439e-964b-9ad0b984c227___Crnl_L.Mold 6642.JPG,256,256,1.0,125.3833999633789,39.863059997558594,3429.301025390625,6.985199886689224,127.83010864257812,125.688232421875,117.39657592773438
PlantVillage Internal,D:\Tomato_Disease_Research\plantvillage\Tomato_Leaf_Mold\6685d4bb-ddc5-40b3-b7cf-e4b71a713e31___Crnl_L.Mold 7019.JPG,256,256,1.0,111.02195739746094,29.280736923217773,1663.0244140625,6.6995859161308795,114.61624145507812,110.41714477539062,104.70912170410156
PlantVillage Internal,D:\Tomato_Disease_Research\plantvillage\Tomato_Leaf_Mold\67001860-5fda-495c-b2fb-a036f21448f8___Crnl_L.Mold 8838.JPG,256,256,1.0,135.83792114257812,40.01375961303711,4033.640380859375,7.085817992647779,133.37774658203125,139.0978240966797,125.50485229492188
PlantVillage Internal,D:\Tomato_Disease_Research\plantvillage\Tomato_Leaf_Mold\6a72d24d-5705-4647-8a8c-77d2f268c08a___Crnl_L.Mold 8708.JPG,256,256,1.0,131.91525268554688,48.23866271972656,5767.681640625,7.358022375117483,127.94580078125,135.15489196777344,125.64498901367188
PlantVillage Internal,D:\Tomato_Disease_Research\plantvillage\Tomato_Leaf_Mold\6ad9e92c-8dff-450a-b289-5408ee37c014___Crnl_L.Mold 6953.JPG,256,256,1.0,109.46278381347656,30.615928649902344,1328.121337890625,6.844595147503752,105.00881958007812,112.057861328125,107.78233337402344
PlantVillage Internal,D:\Tomato_Disease_Research\plantvillage\Tomato_Leaf_Mold\6e2b61bf-f35d-4e8a-a64c-c3cfed5db42e___Crnl_L.Mold 9008.JPG,256,256,1.0,118.54421997070312,28.671781539916992,1328.314697265625,6.733697391866602,104.05781555175781,122.09187316894531,138.2720184326172
PlantVillage Internal,D:\Tomato_Disease_Research\plantvillage\Tomato_Leaf_Mold\7011fa6f-fba9-466e-a6d1-439370a4a37b___Crnl_L.Mold 6588.JPG,256,256,1.0,121.18244934082031,32.10661315917969,8116.630859375,6.949253646963378,124.77067565917969,121.21382141113281,111.60978698730469
PlantVillage Internal,D:\Tomato_Disease_Research\plantvillage\Tomato_Leaf_Mold\705249ab-9023-4025-8f6c-9ed74b1b69d9___Crnl_L.Mold 7014.JPG,256,256,1.0,118.92770385742188,30.82655143737793,824.1762084960938,6.746848596097188,116.92756652832031,120.48313903808594,116.16453552246094
PlantVillage Internal,D:\Tomato_Disease_Research\plantvillage\Tomato_Leaf_Mold\705e1448-cb1b-4047-802a-a0deb547bc2e___Crnl_L.Mold 8670.JPG,256,256,1.0,100.90251159667969,38.51294708251953,6778.97509765625,7.202018441137836,99.48857116699219,102.756103515625,95.06660461425781
PlantVillage Internal,D:\Tomato_Disease_Research\plantvillage\Tomato_Leaf_Mold\738b2359-39ac-465b-8d8e-43dc842a280e___Crnl_L.Mold 6535.JPG,256,256,1.0,116.10682678222656,40.47635269165039,3265.71240234375,7.008229355558846,116.87559509277344,117.89558410644531,104.87995910644531
PlantVillage Internal,D:\Tomato_Disease_Research\plantvillage\Tomato_Leaf_Mold\75b10923-dfb7-4b29-b12f-7e76fc069f51___Crnl_L.Mold 6674.JPG,256,256,1.0,117.48417663574219,49.41069793701172,4843.4853515625,7.305511560232637,119.01362609863281,118.11131286621094,110.24343872070312
PlantVillage Internal,D:\Tomato_Disease_Research\plantvillage\Tomato_Leaf_Mold\76b3aadb-a6e5-465d-809b-0aa4d60a1f83___Crnl_L.Mold 6680.JPG,256,256,1.0,119.38511657714844,46.288360595703125,4470.2099609375,7.228779145851411,122.55291748046875,120.94747924804688,103.03172302246094
PlantVillage Internal,D:\Tomato_Disease_Research\plantvillage\Tomato_Leaf_Mold\770f7e1c-99a6-4441-9281-015935d290ef___Crnl_L.Mold 6937.JPG,256,256,1.0,100.18954467773438,24.02507781982422,2505.70068359375,6.607941921141711,89.29719543457031,104.10549926757812,108.5943603515625
PlantVillage Internal,D:\Tomato_Disease_Research\plantvillage\Tomato_Leaf_Mold\774d3b86-63a3-46a7-9355-9aa512d70e19___Crnl_L.Mold 8914.JPG,256,256,1.0,126.47480773925781,57.987152099609375,6920.7001953125,7.55779027720628,125.39190673828125,127.27301025390625,125.20501708984375
PlantVillage Internal,D:\Tomato_Disease_Research\plantvillage\Tomato_Leaf_Mold\791aae0d-94d2-4d06-b696-6ffd297f2ccb___Crnl_L.Mold 8888.JPG,256,256,1.0,128.0924072265625,54.7380485534668,5224.11328125,7.356846614815373,126.04837036132812,131.01365661621094,118.41159057617188
PlantVillage Internal,D:\Tomato_Disease_Research\plantvillage\Tomato_Leaf_Mold\7aec2458-4ab2-4525-9f08-91e3269c7420___Crnl_L.Mold 6845.JPG,256,256,1.0,122.66783142089844,42.283050537109375,3831.5419921875,7.1042497521734775,126.13803100585938,123.46635437011719,109.45451354980469
PlantVillage Internal,D:\Tomato_Disease_Research\plantvillage\Tomato_Leaf_Mold\7e0c6168-99d7-4b8f-84fa-045b4bb798c5___Crnl_L.Mold 6830.JPG,256,256,1.0,112.49907684326172,46.834625244140625,4255.74462890625,7.440951154114046,113.1746826171875,114.44401550292969,100.71234130859375
PlantVillage Internal,D:\Tomato_Disease_Research\plantvillage\Tomato_Leaf_Mold\80b652e5-7f1f-4806-8d9d-550ce54891ce___Crnl_L.Mold 7090.JPG,256,256,1.0,98.17957305908203,29.617536544799805,294.1769714355469,6.63009712586354,77.85142517089844,104.07133483886719,121.15902709960938
PlantVillage Internal,D:\Tomato_Disease_Research\plantvillage\Tomato_Leaf_Mold\81a0a46e-f862-4a63-8304-e2c537ca8fb2___Crnl_L.Mold 6824.JPG,256,256,1.0,125.50466918945312,39.00650405883789,4315.02490234375,7.036784505152026,127.81513977050781,127.46514892578125,109.34996032714844
PlantVillage Internal,D:\Tomato_Disease_Research\plantvillage\Tomato_Leaf_Mold\82567342-f689-4e61-ac38-b25db55bb684___Crnl_L.Mold 7128.JPG,256,256,1.0,96.22185516357422,36.51052474975586,859.5401611328125,6.973882193756365,87.93278503417969,99.21345520019531,102.558349609375
PlantVillage Internal,D:\Tomato_Disease_Research\plantvillage\Tomato_Leaf_Mold\87c76d05-d959-4fe6-ba9e-a874c88f9a09___Crnl_L.Mold 6906.JPG,256,256,1.0,114.8299560546875,28.060565948486328,1586.326171875,6.795557977912871,111.95773315429688,115.96400451660156,116.52394104003906
PlantVillage Internal,D:\Tomato_Disease_Research\plantvillage\Tomato_Leaf_Mold\88223ca6-7af3-4a52-9784-5eefeeadf18f___Crnl_L.Mold 8821.JPG,256,256,1.0,124.96029663085938,46.10066604614258,5256.71484375,7.380894531723724,120.35383605957031,128.81663513183594,117.18536376953125
PlantVillage Internal,D:\Tomato_Disease_Research\plantvillage\Tomato_Leaf_Mold\8b5d979a-f03e-4f79-b638-f5222b904a1c___Crnl_L.Mold 6727.JPG,256,256,1.0,133.16653442382812,31.776365280151367,1237.686279296875,6.52261106322207,139.36196899414062,132.81826782226562,118.71043395996094
PlantVillage Internal,D:\Tomato_Disease_Research\plantvillage\Tomato_Leaf_Mold\8c12b984-d1be-4c9c-9fd8-cd032434f543___Crnl_L.Mold 8911.JPG,256,256,1.0,97.16658020019531,41.23751449584961,5305.8212890625,7.17151499336815,96.134765625,98.55839538574219,92.70622253417969
PlantVillage Internal,D:\Tomato_Disease_Research\plantvillage\Tomato_Leaf_Mold\8d6e2d0b-672d-4737-8973-17a9f31517a8___Crnl_L.Mold 7070.JPG,256,256,1.0,112.5693588256836,31.876256942749023,432.1754455566406,6.707408983817028,103.66905212402344,115.77592468261719,119.40208435058594
PlantVillage Internal,D:\Tomato_Disease_Research\plantvillage\Tomato_Leaf_Mold\8f03cf41-751b-4dd9-9f74-e7bd40919d96___Crnl_L.Mold 7074.JPG,256,256,1.0,107.90007781982422,36.13264846801758,663.512939453125,6.872439595897067,100.459716796875,110.61125183105469,113.45455932617188
PlantVillage Internal,D:\Tomato_Disease_Research\plantvillage\Tomato_Leaf_Mold\937ddfca-ced9-419b-b25d-314ec99847f7___Crnl_L.Mold 8726.JPG,256,256,1.0,133.1383056640625,39.81853485107422,5395.45947265625,6.979223185359415,132.51589965820312,134.77195739746094,126.35884094238281
PlantVillage Internal,D:\Tomato_Disease_Research\plantvillage\Tomato_Leaf_Mold\974bc246-0ab0-4a54-95c8-dd0b557f676b___Crnl_L.Mold 7059.JPG,256,256,1.0,116.51864624023438,20.531465530395508,151.68145751953125,6.203379378184849,115.26425170898438,117.67144775390625,113.87266540527344
PlantVillage Internal,D:\Tomato_Disease_Research\plantvillage\Tomato_Leaf_Mold\97ae4dda-7b28-4a06-a348-d361f8ecf56f___Crnl_L.Mold 8899.JPG,256,256,1.0,126.11029815673828,43.09072494506836,4938.22265625,7.255618426201437,125.09283447265625,128.6144256591797,115.88482666015625
PlantVillage Internal,D:\Tomato_Disease_Research\plantvillage\Tomato_Leaf_Mold\9829462d-ce9d-4f1e-a44c-bb586a4a5f83___Crnl_L.Mold 6948.JPG,256,256,1.0,111.29879760742188,30.035140991210938,327.22412109375,6.646201560464779,100.08071899414062,116.24067687988281,115.27529907226562
PlantVillage Internal,D:\Tomato_Disease_Research\plantvillage\Tomato_Leaf_Mold\99d2b2e1-b3e6-4689-ad9a-209cdfdf4084___Crnl_L.Mold 7025.JPG,256,256,1.0,107.80703735351562,25.035009384155273,1310.5146484375,6.6292321219416355,109.6336669921875,107.40557861328125,105.08323669433594
PlantVillage Internal,D:\Tomato_Disease_Research\plantvillage\Tomato_Leaf_Mold\9b4d930b-ac3a-41c1-a8e8-8930280b5ad5___Crnl_L.Mold 8660.JPG,256,256,1.0,129.13722229003906,48.52583312988281,4309.310546875,7.324620367771393,129.4179229736328,131.15652465820312,118.00335693359375
PlantVillage Internal,D:\Tomato_Disease_Research\plantvillage\Tomato_Leaf_Mold\9d807622-ab39-4aa3-a70a-a2a62aa17679___Crnl_L.Mold 9136.JPG,256,256,1.0,89.07334899902344,25.302656173706055,848.4098510742188,6.6048422034098095,73.51841735839844,90.86579895019531,120.64131164550781
PlantVillage Internal,D:\Tomato_Disease_Research\plantvillage\Tomato_Leaf_Mold\9d83467e-974a-478a-a163-e20240fcf102___Crnl_L.Mold 6786.JPG,256,256,1.0,112.22927856445312,43.5758171081543,3457.4638671875,7.2629326287315745,112.90333557128906,114.14968872070312,100.57283020019531
PlantVillage Internal,D:\Tomato_Disease_Research\plantvillage\Tomato_Leaf_Mold\a05d577d-ebe7-44e3-9ac0-e6e742e34f1a___Crnl_L.Mold 9164.JPG,256,256,1.0,107.71263122558594,31.245752334594727,819.8646240234375,6.822178447669734,94.81785583496094,111.07940673828125,124.1971435546875
PlantVillage Internal,D:\Tomato_Disease_Research\plantvillage\Tomato_Leaf_Mold\a0e635a0-0935-4192-94cf-7003875a501e___Crnl_L.Mold 8675.JPG,256,256,1.0,126.04595184326172,43.98011016845703,5372.408203125,7.190443634124216,127.5689697265625,126.30792236328125,120.70249938964844
PlantVillage Internal,D:\Tomato_Disease_Research\plantvillage\Tomato_Leaf_Mold\a1ac9a02-2ef0-4208-bc66-0e5be1b3d876___Crnl_L.Mold 8774.JPG,256,256,1.0,130.11932373046875,43.22576904296875,6755.3203125,7.328515798616175,131.2230987548828,131.23463439941406,121.48155212402344
PlantVillage Internal,D:\Tomato_Disease_Research\plantvillage\Tomato_Leaf_Mold\a36f9c7a-b964-452c-988b-e45e49da61cf___Crnl_L.Mold 8706.JPG,256,256,1.0,112.49380493164062,46.293819427490234,6396.8134765625,7.284281373017128,109.45832824707031,115.54541015625,104.7421875
PlantVillage Internal,D:\Tomato_Disease_Research\plantvillage\Tomato_Leaf_Mold\a4a9faea-5038-4fa7-b056-8eed57e56525___Crnl_L.Mold 7179.JPG,256,256,1.0,114.73092651367188,33.837158203125,712.4593505859375,6.823025795650957,108.0662841796875,117.01939392089844,120.42741394042969
PlantVillage Internal,D:\Tomato_Disease_Research\plantvillage\Tomato_Leaf_Mold\a4baece0-0e73-4b2f-a434-007c429fb5f9___Crnl_L.Mold 6672.JPG,256,256,1.0,115.55240631103516,45.737693786621094,3558.776611328125,7.20413292340605,116.55606079101562,116.59075927734375,107.5733642578125
PlantVillage Internal,D:\Tomato_Disease_Research\plantvillage\Tomato_Leaf_Mold\a639c56d-f9e3-4f22-b21b-5a19e027d30b___Crnl_L.Mold 9108.JPG,256,256,1.0,85.30657196044922,28.93136978149414,773.546875,6.754177788239209,78.2099609375,84.72404479980469,106.91912841796875
PlantVillage Internal,D:\Tomato_Disease_Research\plantvillage\Tomato_Leaf_Mold\a6a109c7-b0f1-4475-8b50-22681c59a909___Crnl_L.Mold 6551.JPG,256,256,1.0,113.31764221191406,43.27162170410156,4128.7001953125,7.190619600494669,117.38130187988281,115.10928344726562,93.43403625488281
PlantVillage Internal,D:\Tomato_Disease_Research\plantvillage\Tomato_Leaf_Mold\a7ea5602-9cd1-444e-bce8-ed314ddda894___Crnl_L.Mold 9101.JPG,256,256,1.0,105.63634490966797,39.93452072143555,1364.87353515625,7.217747641233971,100.41043090820312,105.97726440429688,117.58747863769531
PlantVillage Internal,D:\Tomato_Disease_Research\plantvillage\Tomato_Leaf_Mold\a95f0a82-5cad-423a-be56-8205317909e8___Crnl_L.Mold 8677.JPG,256,256,1.0,122.5358657836914,49.52250289916992,5761.27197265625,7.1989738370514855,123.33320617675781,124.59121704101562,109.86137390136719
PlantVillage Internal,D:\Tomato_Disease_Research\plantvillage\Tomato_Leaf_Mold\a9fbf5e6-bec9-4845-9659-237d9c67f8eb___Crnl_L.Mold 8624.JPG,256,256,1.0,129.96493530273438,43.228641510009766,5186.2490234375,7.162577858563851,126.38447570800781,133.19017028808594,122.74861145019531
PlantVillage Internal,D:\Tomato_Disease_Research\plantvillage\Tomato_Leaf_Mold\abff37d9-e870-4274-a035-923c2bf5edaf___Crnl_L.Mold 6626.JPG,256,256,1.0,113.9456787109375,40.535396575927734,4386.63671875,7.133728938362285,115.55363464355469,115.50059509277344,101.72189331054688
PlantVillage Internal,D:\Tomato_Disease_Research\plantvillage\Tomato_Leaf_Mold\ad0f47b8-f36c-42a8-8c9d-9c24f91a3ef1___Crnl_L.Mold 8891.JPG,256,256,1.0,119.66815185546875,58.117279052734375,5614.9609375,7.477313002374263,118.68595886230469,120.71504211425781,116.85371398925781
PlantVillage Internal,D:\Tomato_Disease_Research\plantvillage\Tomato_Leaf_Mold\af7e1ce4-bb49-4227-ba89-9972bab473b7___Crnl_L.Mold 6560.JPG,256,256,1.0,121.40257263183594,34.8869743347168,6221.39794921875,6.939288815793894,127.40863037109375,121.59268188476562,104.67088317871094
PlantVillage Internal,D:\Tomato_Disease_Research\plantvillage\Tomato_Leaf_Mold\b0171eb9-e9c4-4d17-8f39-e748361fdfba___Crnl_L.Mold 8828.JPG,256,256,1.0,129.55789184570312,42.62887954711914,4898.49072265625,7.137672657568202,124.72795104980469,133.94760131835938,119.6226806640625
PlantVillage Internal,D:\Tomato_Disease_Research\plantvillage\Tomato_Leaf_Mold\b0f88a05-dfca-4814-9080-fb0a3fa0ee0c___Crnl_L.Mold 6978.JPG,256,256,1.0,92.8698959350586,27.385128021240234,411.98065185546875,6.625567854844295,85.73191833496094,95.66578674316406,97.19500732421875
PlantVillage Internal,D:\Tomato_Disease_Research\plantvillage\Tomato_Leaf_Mold\b38caab5-9031-4877-ba93-96bec1bdd4ff___Crnl_L.Mold 9028.JPG,256,256,1.0,110.77397155761719,26.983463287353516,1679.666259765625,6.727453300074921,102.49456787109375,112.09611511230469,125.68136596679688
PlantVillage Internal,D:\Tomato_Disease_Research\plantvillage\Tomato_Leaf_Mold\b6bdf275-d731-415b-a68d-193bbd6c037a___Crnl_L.Mold 8772.JPG,256,256,1.0,124.51957702636719,44.25352096557617,4700.78466796875,7.253462972354807,125.65296936035156,127.99241638183594,103.66485595703125
PlantVillage Internal,D:\Tomato_Disease_Research\plantvillage\Tomato_Leaf_Mold\b8ad1d10-7809-4969-8bc0-2e44a3dc3157___Crnl_L.Mold 6664.JPG,256,256,1.0,119.83649444580078,46.168968200683594,4509.21875,7.244589398507184,121.70803833007812,120.99819946289062,108.94599914550781
PlantVillage Internal,D:\Tomato_Disease_Research\plantvillage\Tomato_Leaf_Mold\b9beb5ed-0e80-4a9f-bcec-0be7abc6904d___Crnl_L.Mold 7152.JPG,256,256,1.0,106.92843627929688,24.842727661132812,548.7388916015625,6.372964142271334,97.12832641601562,109.52255249023438,119.27479553222656
PlantVillage Internal,D:\Tomato_Disease_Research\plantvillage\Tomato_Leaf_Mold\bb64a6b2-b479-4cff-a101-7d0d98ac62c9___Crnl_L.Mold 9183.JPG,256,256,1.0,114.3232192993164,33.23325729370117,720.3287353515625,6.909425591008357,100.01924133300781,117.17538452148438,137.1536407470703
PlantVillage Internal,D:\Tomato_Disease_Research\plantvillage\Tomato_Leaf_Mold\bb98de22-463a-4ad2-8ad1-e65d1ea463c8___Crnl_L.Mold 7160.JPG,256,256,1.0,108.6371078491211,28.42967414855957,1053.8896484375,6.608318175072588,101.7071533203125,109.67013549804688,121.49383544921875
PlantVillage Internal,D:\Tomato_Disease_Research\plantvillage\Tomato_Leaf_Mold\bca2a85b-7b2a-42b5-9b7d-cba2a6bc9a70___Crnl_L.Mold 7003.JPG,256,256,1.0,110.4752426147461,47.56059265136719,815.45947265625,7.382949448061211,108.12744140625,111.32426452636719,112.26132202148438
PlantVillage Internal,D:\Tomato_Disease_Research\plantvillage\Tomato_Leaf_Mold\bcf274e3-d797-4fa5-88c8-e513266e78da___Crnl_L.Mold 7036.JPG,256,256,1.0,105.73070526123047,24.133377075195312,324.74462890625,6.500100533133543,101.91291809082031,105.84104919433594,115.17581176757812
PlantVillage Internal,D:\Tomato_Disease_Research\plantvillage\Tomato_Leaf_Mold\c247f911-53bf-4b36-ade1-a3f2ddc34f53___Crnl_L.Mold 6589.JPG,256,256,1.0,107.87016296386719,42.53203201293945,5461.1171875,7.144568934920016,109.64543151855469,109.05758666992188,97.09977722167969
PlantVillage Internal,D:\Tomato_Disease_Research\plantvillage\Tomato_Leaf_Mold\c3d8cc45-95c1-4747-b449-9a44ca4e9704___Crnl_L.Mold 8730.JPG,256,256,1.0,132.2589569091797,39.91456985473633,5288.701171875,6.988673892361317,131.0738983154297,133.87879943847656,127.02632141113281
PlantVillage Internal,D:\Tomato_Disease_Research\plantvillage\Tomato_Leaf_Mold\c7a3f599-36dc-40e2-8efc-d0e0568666a7___Crnl_L.Mold 6983.JPG,256,256,1.0,99.45760345458984,25.85496711730957,377.93353271484375,6.390873627748168,91.86972045898438,101.67953491210938,107.91812133789062
PlantVillage Internal,D:\Tomato_Disease_Research\plantvillage\Tomato_Leaf_Mold\cabcabd6-628c-444d-a7cd-49f44ddbb3e9___Crnl_L.Mold 6579.JPG,256,256,1.0,116.90691375732422,41.20175552368164,5161.2236328125,7.033719559278725,119.96612548828125,116.99383544921875,108.43556213378906
PlantVillage Internal,D:\Tomato_Disease_Research\plantvillage\Tomato_Leaf_Mold\cb88247d-9a2a-4cd9-888a-76d799436f10___Crnl_L.Mold 7125.JPG,256,256,1.0,108.53081512451172,19.105878829956055,551.404541015625,6.192907838145334,100.97592163085938,110.89190673828125,116.18820190429688
PlantVillage Internal,D:\Tomato_Disease_Research\plantvillage\Tomato_Leaf_Mold\cbcf61e4-9a69-4483-9252-ae649102fb63___Crnl_L.Mold 6858.JPG,256,256,1.0,119.386474609375,36.581512451171875,3074.63623046875,6.934953245456677,121.70840454101562,120.78746032714844,106.0826416015625
PlantVillage Internal,D:\Tomato_Disease_Research\plantvillage\Tomato_Leaf_Mold\cd7835bc-5278-4005-81ec-9186d3237527___Crnl_L.Mold 6901.JPG,256,256,1.0,108.84529113769531,26.107112884521484,2838.79150390625,6.730847942191426,103.33477783203125,111.93170166015625,107.406005859375
PlantVillage Internal,D:\Tomato_Disease_Research\plantvillage\Tomato_Leaf_Mold\cf7130f7-50b1-4dce-81ed-841302e5f71d___Crnl_L.Mold 7072.JPG,256,256,1.0,102.23603820800781,26.877059936523438,387.23052978515625,6.5234731204581085,95.69709777832031,104.28422546386719,108.83999633789062
PlantVillage Internal,D:\Tomato_Disease_Research\plantvillage\Tomato_Leaf_Mold\cfd41486-76c4-4a0e-b61b-848a4afdc553___Crnl_L.Mold 7157.JPG,256,256,1.0,91.16777038574219,20.596107482910156,262.0386962890625,6.352337397216363,84.08358764648438,94.21867370605469,94.03872680664062
PlantVillage Internal,D:\Tomato_Disease_Research\plantvillage\Tomato_Leaf_Mold\d2c889b0-0223-4e09-9d9f-cdf019b65120___Crnl_L.Mold 8631.JPG,256,256,1.0,116.70203399658203,43.30324935913086,5973.35888671875,7.320843828664007,114.3466796875,119.41163635253906,108.9276123046875
PlantVillage Internal,D:\Tomato_Disease_Research\plantvillage\Tomato_Leaf_Mold\d31448f3-312d-4f30-bb39-c1045b1df616___Crnl_L.Mold 6807.JPG,256,256,1.0,105.44682312011719,48.87343215942383,4934.2841796875,7.088873940483479,107.98939514160156,106.54481506347656,93.12440490722656
PlantVillage Internal,D:\Tomato_Disease_Research\plantvillage\Tomato_Leaf_Mold\d33d8470-d090-474b-8c16-cd5e88d40f51___Crnl_L.Mold 6998.JPG,256,256,1.0,90.0025863647461,33.31769561767578,594.2861328125,6.960671785470645,82.41603088378906,93.26629638671875,93.095458984375
PlantVillage Internal,D:\Tomato_Disease_Research\plantvillage\Tomato_Leaf_Mold\d6441d7c-be78-420d-b202-1298cd5b94e9___Crnl_L.Mold 6571.JPG,256,256,1.0,109.93024444580078,40.29712677001953,5094.595703125,7.155705569252337,109.41583251953125,112.55735778808594,97.75204467773438
PlantVillage Internal,D:\Tomato_Disease_Research\plantvillage\Tomato_Leaf_Mold\d662ce55-855f-4af0-84ef-6e0d9e5e468a___Crnl_L.Mold 6586.JPG,256,256,1.0,111.13154602050781,44.68447494506836,6924.9697265625,7.241675060910155,111.40464782714844,113.07475280761719,100.40945434570312
PlantVillage Internal,D:\Tomato_Disease_Research\plantvillage\Tomato_Leaf_Mold\d8b47693-9b2e-4ee2-b822-d61668bd7ea1___Crnl_L.Mold 9016.JPG,256,256,1.0,106.8562240600586,25.922496795654297,858.1326904296875,6.48116510610302,98.3902587890625,106.16192626953125,132.63587951660156
PlantVillage Internal,D:\Tomato_Disease_Research\plantvillage\Tomato_Leaf_Mold\d8cbf2c3-f99f-4af9-a8a2-9d88e2ed0524___Crnl_L.Mold 7022.JPG,256,256,1.0,149.9596405029297,31.66989517211914,721.7755126953125,6.803259147274886,155.14723205566406,148.48480224609375,143.9476776123047
PlantVillage Internal,D:\Tomato_Disease_Research\plantvillage\Tomato_Leaf_Mold\d9c37e93-e99b-4a09-a040-a5d19d75feb9___Crnl_L.Mold 6733.JPG,256,256,1.0,125.21475219726562,44.4715690612793,4441.3486328125,7.222938995583622,128.22337341308594,126.53874206542969,110.50631713867188
PlantVillage Internal,D:\Tomato_Disease_Research\plantvillage\Tomato_Leaf_Mold\da70a983-649d-4262-a78f-4b5be677167e___Crnl_L.Mold 9168.JPG,256,256,1.0,109.81817626953125,31.81592559814453,404.8438415527344,6.835660914591163,93.11904907226562,113.0576171875,136.9364776611328
PlantVillage Internal,D:\Tomato_Disease_Research\plantvillage\Tomato_Leaf_Mold\dbd8242c-1c4c-4d6a-97ba-6cb26fffec49___Crnl_L.Mold 7145.JPG,256,256,1.0,102.31117248535156,24.289653778076172,588.5133056640625,6.491213445060309,95.05162048339844,104.53915405273438,109.87944030761719
PlantVillage Internal,D:\Tomato_Disease_Research\plantvillage\Tomato_Leaf_Mold\dc61dd2d-7b0f-4927-a3af-4ad0c71bda15___Crnl_L.Mold 6561.JPG,256,256,1.0,118.73863220214844,40.56282424926758,5008.7470703125,7.132288052220493,118.04606628417969,122.86848449707031,99.2899169921875
PlantVillage Internal,D:\Tomato_Disease_Research\plantvillage\Tomato_Leaf_Mold\de7feb7f-caf7-4f98-90d4-096b0f130817___Crnl_L.Mold 6629.JPG,256,256,1.0,111.19810485839844,36.92331314086914,3692.94140625,7.078183790737209,111.73947143554688,113.57875061035156,97.51994323730469
PlantVillage Internal,D:\Tomato_Disease_Research\plantvillage\Tomato_Leaf_Mold\df5a282e-d66e-4fb3-8ce4-eddfe5253c50___Crnl_L.Mold 8940.JPG,256,256,1.0,96.58995056152344,25.85910987854004,715.041259765625,6.622261072975797,79.33877563476562,101.67556762695312,115.64993286132812
PlantVillage Internal,D:\Tomato_Disease_Research\plantvillage\Tomato_Leaf_Mold\df78e8cb-8fc5-4682-ab5c-f265b4e8d97e___Crnl_L.Mold 8619.JPG,256,256,1.0,92.05797576904297,54.0297966003418,6858.642578125,7.419418963145638,89.31437683105469,94.5880126953125,86.22637939453125
PlantVillage Internal,D:\Tomato_Disease_Research\plantvillage\Tomato_Leaf_Mold\e2d4c4ee-752f-4494-a046-6076bc08ecbd___Crnl_L.Mold 7178.JPG,256,256,1.0,103.67384338378906,32.458526611328125,1233.318359375,6.926428505978834,94.348876953125,107.81660461425781,106.79986572265625
PlantVillage Internal,D:\Tomato_Disease_Research\plantvillage\Tomato_Leaf_Mold\e33b960c-9d75-4de7-a310-ac39e5f326a4___Crnl_L.Mold 6689.JPG,256,256,1.0,123.7679443359375,38.935970306396484,2415.080322265625,6.98191085134898,127.70750427246094,124.27891540527344,110.80416870117188
PlantVillage Internal,D:\Tomato_Disease_Research\plantvillage\Tomato_Leaf_Mold\e379328a-4265-470a-978d-5020f59f4c1f___Crnl_L.Mold 6833.JPG,256,256,1.0,123.54581451416016,41.08262634277344,4126.9150390625,7.158749995028556,125.45088195800781,124.62916564941406,112.97084045410156
PlantVillage Internal,D:\Tomato_Disease_Research\plantvillage\Tomato_Leaf_Mold\e4bc3bc6-794e-43c4-8938-e56ed74b5542___Crnl_L.Mold 6613.JPG,256,256,1.0,119.99794006347656,34.999542236328125,4570.8955078125,7.032500769809939,122.43214416503906,121.23075866699219,107.26545715332031
PlantVillage Internal,D:\Tomato_Disease_Research\plantvillage\Tomato_Leaf_Mold\e4e09a80-ae3a-42e8-ae98-e892b0507098___Crnl_L.Mold 6636.JPG,256,256,1.0,111.47756958007812,48.14628982543945,5458.1240234375,7.403871648597906,112.50482177734375,113.50801086425781,98.32829284667969
PlantVillage Internal,D:\Tomato_Disease_Research\plantvillage\Tomato_Leaf_Mold\e8e4c7fa-6c75-470a-888a-0763cade48bc___Crnl_L.Mold 7099.JPG,256,256,1.0,97.36308288574219,22.402494430541992,184.8032684326172,6.437525978853191,77.48362731933594,103.29216003417969,118.97354125976562
PlantVillage Internal,D:\Tomato_Disease_Research\plantvillage\Tomato_Leaf_Mold\f3113f81-fff3-4b7d-b171-7315216c4d10___Crnl_L.Mold 8683.JPG,256,256,1.0,132.7279815673828,48.90797805786133,5625.77490234375,7.2270056521920845,131.27719116210938,134.04544067382812,129.74935913085938
PlantVillage Internal,D:\Tomato_Disease_Research\plantvillage\Tomato_Leaf_Mold\f3c54833-7b3e-43bf-8d1d-a67a8c6cfd83___Crnl_L.Mold 8858.JPG,256,256,1.0,118.32815551757812,42.81189727783203,6269.4697265625,7.293842476841138,114.67681884765625,121.6820068359375,110.63548278808594
PlantVillage Internal,D:\Tomato_Disease_Research\plantvillage\Tomato_Leaf_Mold\f63bb2e2-d13c-4e48-8e94-4d97f0dbad49___Crnl_L.Mold 6799.JPG,256,256,1.0,116.92947387695312,43.50147247314453,3284.1484375,7.169037470513449,117.54899597167969,119.39303588867188,102.61936950683594
PlantVillage Internal,D:\Tomato_Disease_Research\plantvillage\Tomato_Leaf_Mold\f6c43250-2d85-42fb-85e6-57699cbb9350___Crnl_L.Mold 6765.JPG,256,256,1.0,120.03374481201172,39.953556060791016,3562.57275390625,7.024744887854105,123.72042846679688,120.02711486816406,110.39837646484375
PlantVillage Internal,D:\Tomato_Disease_Research\plantvillage\Tomato_Leaf_Mold\f78e3205-2a7f-43cf-988c-63aaf2179a5d___Crnl_L.Mold 6878.JPG,256,256,1.0,114.29491424560547,45.9677734375,3762.964599609375,7.2332212656131185,116.71969604492188,115.49452209472656,101.75816345214844
PlantVillage Internal,D:\Tomato_Disease_Research\plantvillage\Tomato_Leaf_Mold\f8e698ff-5f4d-4735-ae53-1daf38c49d46___Crnl_L.Mold 6536.JPG,256,256,1.0,111.70283508300781,42.88946533203125,4958.97998046875,7.220090265925071,113.06495666503906,113.242431640625,100.20265197753906
PlantVillage Internal,D:\Tomato_Disease_Research\plantvillage\Tomato_Leaf_Mold\fcfc6758-32cd-4e18-8d56-e3ffde988921___Crnl_L.Mold 6591.JPG,256,256,1.0,110.92593383789062,42.25437927246094,5221.14306640625,7.211642222030957,110.69825744628906,113.004150390625,100.82206726074219
PlantVillage Internal,D:\Tomato_Disease_Research\plantvillage\Tomato_Leaf_Mold\fd686c68-9a4a-4d11-98fa-7c612aff9fd4___Crnl_L.Mold 6974.JPG,256,256,1.0,110.0060043334961,23.552265167236328,226.76535034179688,6.4429606220069635,107.93061828613281,110.8580322265625,111.06217956542969
PlantVillage Internal,D:\Tomato_Disease_Research\plantvillage\Tomato_Leaf_Mold\fe60a756-1145-4ed4-9496-af5f387f0222___Crnl_L.Mold 8965.JPG,256,256,1.0,91.8143539428711,27.171987533569336,600.3328247070312,6.537067228019644,78.41104125976562,94.814697265625,111.51953125
PlantVillage Internal,D:\Tomato_Disease_Research\plantvillage\Tomato_Leaf_Mold\fec6ddb1-599d-4de0-905c-c4e526021314___Crnl_L.Mold 8895.JPG,256,256,1.0,115.97201538085938,56.599571228027344,2846.18017578125,7.321515648024584,113.92387390136719,118.48588562011719,108.39962768554688
PlantVillage Internal,D:\Tomato_Disease_Research\plantvillage\Tomato_Septoria_leaf_spot\002533c1-722b-44e5-9d2e-91f7747b2543___Keller.St_CG 1831.JPG,256,256,1.0,113.05950927734375,23.385746002197266,1846.201171875,6.419871564837326,112.59274291992188,115.17463684082031,103.39259338378906
PlantVillage Internal,D:\Tomato_Disease_Research\plantvillage\Tomato_Septoria_leaf_spot\0025c401-7785-49c5-8bef-780a8a0d3652___Matt.S_CG 2694.JPG,256,256,1.0,120.28245544433594,26.562864303588867,2785.89208984375,6.5259230936605945,119.97441101074219,127.58003234863281,83.51432800292969
PlantVillage Internal,D:\Tomato_Disease_Research\plantvillage\Tomato_Septoria_leaf_spot\0176f68f-a3d8-473b-9bea-c075a5507b34___JR_Sept.L.S 2504.JPG,256,256,1.0,123.57344055175781,39.449806213378906,6148.533203125,7.190029440798625,120.48908996582031,123.09054565429688,134.14956665039062
PlantVillage Internal,D:\Tomato_Disease_Research\plantvillage\Tomato_Septoria_leaf_spot\029c0186-56f1-41de-bb6b-3743bdfb10ee___JR_Sept.L.S 8562.JPG,256,256,1.0,127.1395034790039,46.4123420715332,6186.44140625,7.248792147137854,133.5553741455078,125.95761108398438,116.39765930175781
PlantVillage Internal,D:\Tomato_Disease_Research\plantvillage\Tomato_Septoria_leaf_spot\02ab6821-757a-401b-ac04-919fdceee1f0___Matt.S_CG 1653.JPG,256,256,1.0,146.75999450683594,41.5445671081543,8659.8974609375,7.239621747588725,150.90286254882812,147.62820434570312,131.4235382080078
PlantVillage Internal,D:\Tomato_Disease_Research\plantvillage\Tomato_Septoria_leaf_spot\02b079eb-8c74-42bf-b956-d3aecdb9d4ad___JR_Sept.L.S 8522.JPG,256,256,1.0,122.2967300415039,50.66557312011719,4465.9375,7.22491965291361,125.07038879394531,122.79901123046875,112.4356689453125
PlantVillage Internal,D:\Tomato_Disease_Research\plantvillage\Tomato_Septoria_leaf_spot\03611d8a-1664-4d1a-8d9b-7dc3e1a302cc___Keller.St_CG 1945.JPG,256,256,1.0,116.69425964355469,17.1887264251709,463.98150634765625,5.848129199299628,115.2027587890625,119.91157531738281,104.0399169921875
PlantVillage Internal,D:\Tomato_Disease_Research\plantvillage\Tomato_Septoria_leaf_spot\04eb9fee-df68-4917-a639-d68e12c08bbc___JR_Sept.L.S 8475.JPG,256,256,1.0,127.96546173095703,43.82476806640625,5521.013671875,7.195831912989231,133.03013610839844,127.60739135742188,116.52557373046875
PlantVillage Internal,D:\Tomato_Disease_Research\plantvillage\Tomato_Septoria_leaf_spot\0501db9a-3dfd-492b-974a-e1dd30991ad5___Keller.St_CG 1918.JPG,256,256,1.0,119.41773986816406,23.352428436279297,1600.31591796875,6.2265881119035775,120.26681518554688,121.33956909179688,107.2950439453125
PlantVillage Internal,D:\Tomato_Disease_Research\plantvillage\Tomato_Septoria_leaf_spot\0663ec0d-8837-4ba8-82a4-89d8a07ca206___Matt.S_CG 0714.JPG,256,256,1.0,112.90216064453125,25.738649368286133,660.511962890625,6.645922489623307,111.62515258789062,115.88851928710938,100.87446594238281
PlantVillage Internal,D:\Tomato_Disease_Research\plantvillage\Tomato_Septoria_leaf_spot\0751d5c2-c59a-4c96-b348-2a9d3c8c8333___Matt.S_CG 6845.JPG,256,256,1.0,148.93142700195312,35.94463348388672,6069.7490234375,6.980138029234638,157.1217498779297,150.3926544189453,119.92572021484375
PlantVillage Internal,D:\Tomato_Disease_Research\plantvillage\Tomato_Septoria_leaf_spot\0a5edec2-e297-4a25-86fc-78f03772c100___JR_Sept.L.S 8468.JPG,256,256,1.0,121.90271759033203,51.98606491088867,5911.439453125,7.222176519018111,128.98629760742188,119.94760131835938,113.3909912109375
PlantVillage Internal,D:\Tomato_Disease_Research\plantvillage\Tomato_Septoria_leaf_spot\0b6a9374-858d-49ce-8a94-ab57c957718c___Matt.S_CG 2488.JPG,256,256,1.0,127.27339172363281,39.55443572998047,5316.2568359375,6.9251510809675505,138.07852172851562,129.60813903808594,86.91175842285156
PlantVillage Internal,D:\Tomato_Disease_Research\plantvillage\Tomato_Septoria_leaf_spot\0c8fd2f4-9c26-4e6d-90b5-fae10602579c___Matt.S_CG 1072.JPG,256,256,1.0,118.71488952636719,26.541885375976562,805.1144409179688,6.601516365718643,133.10888671875,116.94731140136719,90.06375122070312
PlantVillage Internal,D:\Tomato_Disease_Research\plantvillage\Tomato_Septoria_leaf_spot\0d8187e2-00e2-40e7-b1a5-c94db561057c___JR_Sept.L.S 8439.JPG,256,256,1.0,150.1344451904297,39.07078170776367,5004.703125,6.890233209773976,156.3116912841797,148.6183319091797,141.7393798828125
PlantVillage Internal,D:\Tomato_Disease_Research\plantvillage\Tomato_Septoria_leaf_spot\0ebf0c98-aeb9-4630-afa0-0c9a2dc32995___Matt.S_CG 6233.JPG,256,256,1.0,172.69622802734375,38.67909240722656,1567.93798828125,7.053747449178062,179.302001953125,173.33154296875,152.09918212890625
PlantVillage Internal,D:\Tomato_Disease_Research\plantvillage\Tomato_Septoria_leaf_spot\0edb366d-1253-4498-a05a-8f666405edc6___Matt.S_CG 7862.JPG,256,256,1.0,149.19970703125,44.93137741088867,9966.8974609375,7.412306737955838,148.63925170898438,152.85098266601562,131.86891174316406
PlantVillage Internal,D:\Tomato_Disease_Research\plantvillage\Tomato_Septoria_leaf_spot\102edb0a-780d-4b7e-b31e-c06e5e85211f___Matt.S_CG 2588.JPG,256,256,1.0,114.52862548828125,39.28337478637695,6680.0341796875,7.188595581472888,108.60044860839844,120.77215576171875,97.9283447265625
PlantVillage Internal,D:\Tomato_Disease_Research\plantvillage\Tomato_Septoria_leaf_spot\113d9910-040e-4ae9-9c7d-6eba1d1e86e1___Matt.S_CG 7710.JPG,256,256,1.0,137.28317260742188,46.5067253112793,7750.982421875,7.440372061023336,134.7584228515625,141.0369110107422,124.57652282714844
PlantVillage Internal,D:\Tomato_Disease_Research\plantvillage\Tomato_Septoria_leaf_spot\1142c61e-5959-43fd-8745-fc95bc0b1b5f___JR_Sept.L.S 8378.JPG,256,256,1.0,122.55078125,52.033443450927734,4762.86572265625,7.2590138610747434,124.55599975585938,123.25848388671875,113.64743041992188
PlantVillage Internal,D:\Tomato_Disease_Research\plantvillage\Tomato_Septoria_leaf_spot\13d82f96-ac84-4176-abf9-f1fbaac4aabd___Matt.S_CG 0989.JPG,256,256,1.0,128.85452270507812,32.067626953125,1420.250244140625,6.936397799856582,128.6636505126953,130.1582794189453,122.64198303222656
PlantVillage Internal,D:\Tomato_Disease_Research\plantvillage\Tomato_Septoria_leaf_spot\14d466da-8b4b-42e1-89b1-cf5f461bd64a___Matt.S_CG 6538.JPG,256,256,1.0,176.6675567626953,48.14083480834961,6181.630859375,7.3006346700451275,172.19989013671875,182.27149963378906,159.530029296875
PlantVillage Internal,D:\Tomato_Disease_Research\plantvillage\Tomato_Septoria_leaf_spot\15ad0147-6e02-43a7-b215-1be0dc719776___Matt.S_CG 7788.JPG,256,256,1.0,150.36648559570312,40.09598922729492,6338.287109375,7.237379585393626,147.7067413330078,152.944091796875,144.07003784179688
PlantVillage Internal,D:\Tomato_Disease_Research\plantvillage\Tomato_Septoria_leaf_spot\15c00319-bd7f-45ef-9142-9295a62d701b___Matt.S_CG 0769.JPG,256,256,1.0,120.44078826904297,30.762250900268555,676.09716796875,6.844888605701451,118.52229309082031,124.935302734375,102.329833984375
PlantVillage Internal,D:\Tomato_Disease_Research\plantvillage\Tomato_Septoria_leaf_spot\169fe6b6-952f-45d3-a313-b3df3a357f5c___JR_Sept.L.S 2490.JPG,256,256,1.0,127.13877868652344,46.67284393310547,10894.853515625,7.459545757732825,127.04307556152344,130.04771423339844,112.41131591796875
PlantVillage Internal,D:\Tomato_Disease_Research\plantvillage\Tomato_Septoria_leaf_spot\17387441-89a3-4172-8195-fae50dba7a58___JR_Sept.L.S 2514.JPG,256,256,1.0,122.46141052246094,48.14310073852539,7768.89599609375,7.368824595389761,117.45248413085938,125.882568359375,117.98291015625
PlantVillage Internal,D:\Tomato_Disease_Research\plantvillage\Tomato_Septoria_leaf_spot\1764aae7-ae4b-45f9-b364-23cd799cee12___JR_Sept.L.S 8458.JPG,256,256,1.0,133.82180786132812,36.26247024536133,5514.27734375,6.988297127789161,139.10775756835938,133.21665954589844,123.07363891601562
PlantVillage Internal,D:\Tomato_Disease_Research\plantvillage\Tomato_Septoria_leaf_spot\18b450ff-ae57-4873-9c73-7ebef0b659cd___Matt.S_CG 0953.JPG,256,256,1.0,118.367431640625,32.13106155395508,609.2811889648438,6.875212029611399,120.72476196289062,119.51313781738281,106.28520202636719
PlantVillage Internal,D:\Tomato_Disease_Research\plantvillage\Tomato_Septoria_leaf_spot\18d05aef-311a-4e99-9489-f702ecdaffb6___Matt.S_CG 1703.JPG,256,256,1.0,134.89508056640625,49.388545989990234,7365.279296875,7.308228728260035,136.29551696777344,135.48873901367188,128.16531372070312
PlantVillage Internal,D:\Tomato_Disease_Research\plantvillage\Tomato_Septoria_leaf_spot\18e46966-a79e-4f9d-a91c-b65f3f8488d2___Matt.S_CG 0872.JPG,256,256,1.0,128.45672607421875,21.92722511291504,1087.318359375,6.403470458002247,132.46334838867188,130.92991638183594,105.21342468261719
PlantVillage Internal,D:\Tomato_Disease_Research\plantvillage\Tomato_Septoria_leaf_spot\1bdd9bcf-49b6-4a59-90ed-5e053de56994___JR_Sept.L.S 2587.JPG,256,256,1.0,124.87451934814453,41.88013458251953,5074.84423828125,6.987503789084411,122.96035766601562,124.69354248046875,130.82687377929688
PlantVillage Internal,D:\Tomato_Disease_Research\plantvillage\Tomato_Septoria_leaf_spot\1c9a19ab-15e6-4af9-9130-603a329f356e___Matt.S_CG 7520.JPG,256,256,1.0,134.6951141357422,46.70454788208008,7899.7021484375,7.354524454291646,129.0941162109375,140.4279327392578,119.86656188964844
PlantVillage Internal,D:\Tomato_Disease_Research\plantvillage\Tomato_Septoria_leaf_spot\1cffba8e-40e0-43ce-914b-c184feb2cb2e___Matt.S_CG 7401.JPG,256,256,1.0,137.17251586914062,49.684810638427734,9482.9375,7.455341796931185,133.8933563232422,141.22885131835938,124.88652038574219
PlantVillage Internal,D:\Tomato_Disease_Research\plantvillage\Tomato_Septoria_leaf_spot\1db21865-b74f-40ab-9a9b-ac7c0e512058___Matt.S_CG 2428.JPG,256,256,1.0,114.47051239013672,31.214656829833984,4559.150390625,6.923510485541524,111.76246643066406,118.31854248046875,101.75923156738281
PlantVillage Internal,D:\Tomato_Disease_Research\plantvillage\Tomato_Septoria_leaf_spot\1de3c0cc-04c3-48d0-9493-96b9e9a237af___Matt.S_CG 7657.JPG,256,256,1.0,137.477783203125,48.897727966308594,6606.39404296875,7.464884750892153,131.49803161621094,142.7747344970703,125.88688659667969
PlantVillage Internal,D:\Tomato_Disease_Research\plantvillage\Tomato_Septoria_leaf_spot\1ecc0c20-9ef3-40af-a8d8-9a43463a26b4___Matt.S_CG 7654.JPG,256,256,1.0,144.67880249023438,50.38689041137695,7979.0380859375,7.547639340096618,139.47711181640625,149.4581756591797,133.71226501464844
PlantVillage Internal,D:\Tomato_Disease_Research\plantvillage\Tomato_Septoria_leaf_spot\21e23277-e1e0-49b6-a2e7-e6b3756c3647___Matt.S_CG 6811.JPG,256,256,1.0,164.66827392578125,46.66550064086914,8583.568359375,7.176289890259355,174.85096740722656,163.08282470703125,146.12469482421875
PlantVillage Internal,D:\Tomato_Disease_Research\plantvillage\Tomato_Septoria_leaf_spot\2240ebae-0c54-4eff-a068-1c3f58ee05a7___Matt.S_CG 1035.JPG,256,256,1.0,119.49351501464844,17.817678451538086,1129.310546875,6.149184002884511,125.46519470214844,121.87239074707031,91.58193969726562
PlantVillage Internal,D:\Tomato_Disease_Research\plantvillage\Tomato_Septoria_leaf_spot\2365ce1e-195c-4cf9-a38d-927f0faa489a___JR_Sept.L.S 2725.JPG,256,256,1.0,153.83497619628906,42.48207473754883,6233.87890625,7.192888058216366,156.75692749023438,151.5720672607422,157.82321166992188
PlantVillage Internal,D:\Tomato_Disease_Research\plantvillage\Tomato_Septoria_leaf_spot\25b6cc2a-d883-4e3f-9caa-738e5ec35e30___JR_Sept.L.S 8465.JPG,256,256,1.0,173.11148071289062,49.356510162353516,5994.8271484375,7.123837519730368,176.16090393066406,173.0533447265625,165.4128875732422
PlantVillage Internal,D:\Tomato_Disease_Research\plantvillage\Tomato_Septoria_leaf_spot\263f010b-28f0-493b-a5c2-099405b3a117___Keller.St_CG 1895.JPG,256,256,1.0,118.56134796142578,19.296541213989258,1223.30029296875,5.996039832148223,119.05123901367188,118.97525024414062,115.14520263671875
PlantVillage Internal,D:\Tomato_Disease_Research\plantvillage\Tomato_Septoria_leaf_spot\281da113-7611-44bf-9df7-b742fcbce900___JR_Sept.L.S 8568.JPG,256,256,1.0,116.23359680175781,49.82585525512695,7038.470703125,7.376237212914169,118.88803100585938,116.07855224609375,110.06983947753906
PlantVillage Internal,D:\Tomato_Disease_Research\plantvillage\Tomato_Septoria_leaf_spot\2967e646-0a62-4db8-a568-57c1e14c93b5___JR_Sept.L.S 8428.JPG,256,256,1.0,131.9161376953125,46.24266815185547,4134.662109375,6.999062440576764,138.33726501464844,130.26046752929688,123.59999084472656
PlantVillage Internal,D:\Tomato_Disease_Research\plantvillage\Tomato_Septoria_leaf_spot\296f4660-5675-43b8-8b1f-20e8e9b228b7___JR_Sept.L.S 2612.JPG,256,256,1.0,133.33766174316406,36.218990325927734,6301.2021484375,7.070435418165646,129.41195678710938,134.69680786132812,136.63560485839844
PlantVillage Internal,D:\Tomato_Disease_Research\plantvillage\Tomato_Septoria_leaf_spot\2996fe86-51c4-4ded-b7a4-4f0905247394___Keller.St_CG 1841.JPG,256,256,1.0,110.5694351196289,27.111011505126953,986.3845825195312,6.7787975365146504,111.02424621582031,110.64250183105469,109.00025939941406
PlantVillage Internal,D:\Tomato_Disease_Research\plantvillage\Tomato_Septoria_leaf_spot\29e8c2f4-3e72-45d6-be52-b8bec7dca2d8___Matt.S_CG 7421.JPG,256,256,1.0,133.6363525390625,50.97934341430664,6578.99365234375,7.464976323053934,129.9264373779297,136.6162567138672,128.0227813720703
PlantVillage Internal,D:\Tomato_Disease_Research\plantvillage\Tomato_Septoria_leaf_spot\2a7760ee-1b7c-437d-8f47-b6a65c6a3d9c___JR_Sept.L.S 2569.JPG,256,256,1.0,136.11322021484375,40.00958251953125,7715.3603515625,7.244976253624742,128.78677368164062,140.17361450195312,134.4215850830078
PlantVillage Internal,D:\Tomato_Disease_Research\plantvillage\Tomato_Septoria_leaf_spot\2a803f39-ff07-4e5d-aabc-4941aaa81472___JR_Sept.L.S 2458.JPG,256,256,1.0,121.24464416503906,55.69845199584961,4880.63037109375,7.156071553053491,119.21531677246094,121.52691650390625,125.11372375488281
PlantVillage Internal,D:\Tomato_Disease_Research\plantvillage\Tomato_Septoria_leaf_spot\2d0ef151-4728-4b00-b70c-ab59ef5d5f9e___Matt.S_CG 6455.JPG,256,256,1.0,167.44558715820312,29.601024627685547,1411.454345703125,6.762552910612295,171.7934112548828,169.91650390625,143.31898498535156
PlantVillage Internal,D:\Tomato_Disease_Research\plantvillage\Tomato_Septoria_leaf_spot\2d640131-6b73-4b67-bb77-00266ff41bb8___JR_Sept.L.S 8531.JPG,256,256,1.0,117.95073699951172,43.527915954589844,6017.53955078125,7.128669126712758,125.14027404785156,117.23918151855469,102.75787353515625
PlantVillage Internal,D:\Tomato_Disease_Research\plantvillage\Tomato_Septoria_leaf_spot\2d6af601-172c-4f61-b4f7-838cd63bcbb6___Matt.S_CG 6921.JPG,256,256,1.0,124.09034729003906,48.6303825378418,3550.480712890625,7.155165742287381,122.85440063476562,126.29095458984375,116.00077819824219
PlantVillage Internal,D:\Tomato_Disease_Research\plantvillage\Tomato_Septoria_leaf_spot\2f8bcf08-19de-4aa3-a60d-fa6593a53359___JR_Sept.L.S 2679.JPG,256,256,1.0,114.25430297851562,47.56581115722656,3319.6943359375,7.232862053303269,117.73750305175781,114.90408325195312,101.77272033691406
PlantVillage Internal,D:\Tomato_Disease_Research\plantvillage\Tomato_Septoria_leaf_spot\305388b4-9b47-499c-bbd5-4bf9db035da9___Matt.S_CG 2569.JPG,256,256,1.0,128.4973907470703,30.667028427124023,3601.14208984375,6.584585020556024,132.5465087890625,126.87420654296875,126.23538208007812
PlantVillage Internal,D:\Tomato_Disease_Research\plantvillage\Tomato_Septoria_leaf_spot\307cde75-e918-464c-9bfc-74ce97c621b4___Matt.S_CG 7810.JPG,256,256,1.0,106.71063232421875,35.597110748291016,3274.421875,7.04753852356683,102.39610290527344,110.18902587890625,100.11611938476562
PlantVillage Internal,D:\Tomato_Disease_Research\plantvillage\Tomato_Septoria_leaf_spot\318530ca-975c-482f-b3cf-bdf6435f09d1___JR_Sept.L.S 8510.JPG,256,256,1.0,127.1805648803711,47.627872467041016,5421.4248046875,7.214196826595444,131.03077697753906,126.60929870605469,120.023681640625
PlantVillage Internal,D:\Tomato_Disease_Research\plantvillage\Tomato_Septoria_leaf_spot\33730016-a830-406f-b969-c50f70adf1df___JR_Sept.L.S 2530.JPG,256,256,1.0,120.68777465820312,37.437744140625,4693.068359375,6.828945605112966,116.81687927246094,122.32766723632812,122.39639282226562
PlantVillage Internal,D:\Tomato_Disease_Research\plantvillage\Tomato_Septoria_leaf_spot\3551440d-d4bd-4da7-8bac-345fec2c55ee___Matt.S_CG 1451.JPG,256,256,1.0,119.080078125,42.979644775390625,5741.27587890625,7.203895861314269,118.44358825683594,121.27305603027344,109.45755004882812
PlantVillage Internal,D:\Tomato_Disease_Research\plantvillage\Tomato_Septoria_leaf_spot\3764603c-7343-4eb1-9698-5b709f5a6369___JR_Sept.L.S 2561.JPG,256,256,1.0,131.2280731201172,36.09091567993164,2212.211669921875,6.918535214931828,126.67491149902344,134.6085205078125,125.76383972167969
PlantVillage Internal,D:\Tomato_Disease_Research\plantvillage\Tomato_Septoria_leaf_spot\3c128fd7-83d2-4202-b612-7e29f1ac4357___Matt.S_CG 2437.JPG,256,256,1.0,132.0381622314453,31.132184982299805,4345.4794921875,6.845006014350547,131.2225799560547,133.79771423339844,125.11714172363281
PlantVillage Internal,D:\Tomato_Disease_Research\plantvillage\Tomato_Septoria_leaf_spot\3c27af36-d824-4251-97ca-0dc1f0c60d61___Matt.S_CG 7685.JPG,256,256,1.0,140.63262939453125,55.63526153564453,5713.283203125,7.5832380274637945,134.83099365234375,145.441162109375,131.0894317626953
PlantVillage Internal,D:\Tomato_Disease_Research\plantvillage\Tomato_Septoria_leaf_spot\3d42d770-69c1-421e-ae00-56f8d0bd500f___Matt.S_CG 7414.JPG,256,256,1.0,134.2369384765625,46.238311767578125,11697.982421875,7.498833751206792,125.88104248046875,140.59866333007812,123.39566040039062
PlantVillage Internal,D:\Tomato_Disease_Research\plantvillage\Tomato_Septoria_leaf_spot\3d9cf11d-eb78-481a-a94a-ca6629b757a0___Matt.S_CG 7453.JPG,256,256,1.0,141.85720825195312,48.60810852050781,8057.0830078125,7.419062348279299,138.4082489013672,143.50421142578125,142.42266845703125
PlantVillage Internal,D:\Tomato_Disease_Research\plantvillage\Tomato_Septoria_leaf_spot\3ebeb76c-9be7-4e35-b06a-6402276b04bd___Matt.S_CG 6730.JPG,256,256,1.0,158.31973266601562,44.148231506347656,7846.33251953125,7.311411976557361,155.90447998046875,163.25982666015625,139.21725463867188
PlantVillage Internal,D:\Tomato_Disease_Research\plantvillage\Tomato_Septoria_leaf_spot\3edb3c6a-ff33-4ace-a754-0d807ef8019a___Matt.S_CG 2578.JPG,256,256,1.0,129.04208374023438,38.918582916259766,6313.009765625,7.036602578473288,130.81153869628906,130.04708862304688,119.22634887695312
PlantVillage Internal,D:\Tomato_Disease_Research\plantvillage\Tomato_Septoria_leaf_spot\422a0165-cc1b-4fb5-ab34-d0fe610fb0df___Matt.S_CG 0672.JPG,256,256,1.0,108.59187316894531,31.89047622680664,1042.8565673828125,6.847325897587073,108.05142211914062,110.77699279785156,98.75802612304688
PlantVillage Internal,D:\Tomato_Disease_Research\plantvillage\Tomato_Septoria_leaf_spot\426b2853-faed-40cc-8154-d721fd00fdf2___Matt.S_CG 2770.JPG,256,256,1.0,133.64666748046875,25.7109432220459,4003.9775390625,6.51680516849352,131.34080505371094,141.0707550048828,101.46694946289062
PlantVillage Internal,D:\Tomato_Disease_Research\plantvillage\Tomato_Septoria_leaf_spot\43660e03-52a8-4451-bcd4-3b4806be2276___Matt.S_CG 6721.JPG,256,256,1.0,145.810302734375,48.73784255981445,6339.15625,7.375577066022102,141.3928680419922,150.76205444335938,131.89923095703125
PlantVillage Internal,D:\Tomato_Disease_Research\plantvillage\Tomato_Septoria_leaf_spot\43f78d0c-798d-4466-83f6-49e84d6a9fad___JR_Sept.L.S 2473.JPG,256,256,1.0,116.61598205566406,59.414615631103516,12863.25,7.7247880277536325,112.57334899902344,121.1185302734375,104.0347900390625
PlantVillage Internal,D:\Tomato_Disease_Research\plantvillage\Tomato_Septoria_leaf_spot\44eb0d62-ff10-4a60-bd2f-fc74300474b3___JR_Sept.L.S 2495.JPG,256,256,1.0,117.20927429199219,47.547611236572266,3640.287841796875,7.310661593769586,110.298828125,120.807861328125,116.80447387695312
PlantVillage Internal,D:\Tomato_Disease_Research\plantvillage\Tomato_Septoria_leaf_spot\45c5dbd2-e45d-438b-ae11-04e96417cb2f___Matt.S_CG 0666.JPG,256,256,1.0,118.12960815429688,27.116077423095703,1178.4913330078125,6.537153836110576,116.65921020507812,123.44674682617188,94.60749816894531
PlantVillage Internal,D:\Tomato_Disease_Research\plantvillage\Tomato_Septoria_leaf_spot\48e9d480-1361-4d4a-96a3-bded85e7559b___Matt.S_CG 7733.JPG,256,256,1.0,146.82069396972656,44.22113800048828,7429.2236328125,7.3372574736354075,154.51055908203125,147.74009704589844,121.91757202148438
PlantVillage Internal,D:\Tomato_Disease_Research\plantvillage\Tomato_Septoria_leaf_spot\48f82056-7e78-4716-b07e-8dc724a19d7b___Matt.S_CG 6714.JPG,256,256,1.0,153.8770751953125,51.69263458251953,9220.96484375,7.408384933807449,149.13401794433594,158.24708557128906,143.81544494628906
PlantVillage Internal,D:\Tomato_Disease_Research\plantvillage\Tomato_Septoria_leaf_spot\4a699992-4610-4a4f-98d3-942fc402731a___Matt.S_CG 2679.JPG,256,256,1.0,121.21743774414062,29.871898651123047,2642.400146484375,6.875849230288944,114.70637512207031,128.5563201904297,100.50587463378906
PlantVillage Internal,D:\Tomato_Disease_Research\plantvillage\Tomato_Septoria_leaf_spot\4c7b64ad-9bc8-4f71-b481-13ab966f8d6a___Matt.S_CG 7393.JPG,256,256,1.0,137.51931762695312,49.335208892822266,7847.58740234375,7.374873265362062,133.7264862060547,142.17715454101562,123.48333740234375
PlantVillage Internal,D:\Tomato_Disease_Research\plantvillage\Tomato_Septoria_leaf_spot\4d114914-9a79-4556-8b94-ae1a2df053cc___Matt.S_CG 0717.JPG,256,256,1.0,114.2796859741211,22.747095108032227,572.9310302734375,6.29471809907837,111.16697692871094,117.97352600097656,103.42369079589844
PlantVillage Internal,D:\Tomato_Disease_Research\plantvillage\Tomato_Septoria_leaf_spot\4e91dd84-5a88-4b2f-8c08-b48a1c0bfc4c___Matt.S_CG 6575.JPG,256,256,1.0,143.68231201171875,49.19834518432617,5805.3203125,7.335386872234621,142.78952026367188,146.7984619140625,129.978515625
PlantVillage Internal,D:\Tomato_Disease_Research\plantvillage\Tomato_Septoria_leaf_spot\4f59ff40-d287-4620-b9b2-d62bf49ae0bf___JR_Sept.L.S 8367.JPG,256,256,1.0,120.97416687011719,44.37626266479492,6927.53076171875,7.327847171504663,123.44400024414062,122.16421508789062,108.3685302734375
PlantVillage Internal,D:\Tomato_Disease_Research\plantvillage\Tomato_Septoria_leaf_spot\503090fa-3111-4746-ad81-caa2433aaabf___Matt.S_CG 6350.JPG,256,256,1.0,162.20172119140625,25.48392677307129,1182.95458984375,6.652772105204562,160.4251708984375,167.8543243408203,137.75527954101562
PlantVillage Internal,D:\Tomato_Disease_Research\plantvillage\Tomato_Septoria_leaf_spot\5032f1a5-22a0-42c3-bcf4-d44d4334ac5a___JR_Sept.L.S 8554.JPG,256,256,1.0,118.74125671386719,46.48994064331055,4363.033203125,7.290298069167566,120.59800720214844,119.70233154296875,108.9227294921875
PlantVillage Internal,D:\Tomato_Disease_Research\plantvillage\Tomato_Septoria_leaf_spot\50ae0da2-fded-4c78-beb9-0f5e9a85a989___Matt.S_CG 7636.JPG,256,256,1.0,144.97982788085938,49.69922637939453,5127.884765625,7.381528689539561,142.89251708984375,147.83946228027344,135.72975158691406
PlantVillage Internal,D:\Tomato_Disease_Research\plantvillage\Tomato_Septoria_leaf_spot\52b3119d-4f5e-41b0-948f-7a1d3b1341eb___JR_Sept.L.S 8495.JPG,256,256,1.0,134.66934204101562,27.2293643951416,4361.580078125,6.556744761781882,141.77137756347656,131.12631225585938,134.28561401367188
PlantVillage Internal,D:\Tomato_Disease_Research\plantvillage\Tomato_Septoria_leaf_spot\531f8d45-f21f-4e5e-ad6f-0f4e64440b58___Keller.St_CG 1899.JPG,256,256,1.0,117.51995849609375,24.914203643798828,2409.32275390625,6.637403963687575,115.57975769042969,120.42024230957031,107.67475891113281
PlantVillage Internal,D:\Tomato_Disease_Research\plantvillage\Tomato_Septoria_leaf_spot\53587f20-0646-4ba9-9124-c2ccbd6e31e6___JR_Sept.L.S 2555.JPG,256,256,1.0,115.98745727539062,32.59835433959961,254.41380310058594,6.776515567265285,114.28266906738281,116.4495849609375,118.07926940917969
PlantVillage Internal,D:\Tomato_Disease_Research\plantvillage\Tomato_Septoria_leaf_spot\544fbdc4-17a2-45c8-847d-fd31731a9d25___Keller.St_CG 1848.JPG,256,256,1.0,121.69097900390625,23.665266036987305,380.13665771484375,6.36703761265635,130.33831787109375,119.88748168945312,108.29708862304688
PlantVillage Internal,D:\Tomato_Disease_Research\plantvillage\Tomato_Septoria_leaf_spot\54d0e5af-467b-463a-b1b9-c90e70aef8a6___Keller.St_CG 1827.JPG,256,256,1.0,96.48918914794922,19.803375244140625,1739.60498046875,6.341983097975584,93.63121032714844,100.14195251464844,85.17657470703125
PlantVillage Internal,D:\Tomato_Disease_Research\plantvillage\Tomato_Septoria_leaf_spot\554209e0-920f-49d5-b18b-ca120637ef79___Matt.S_CG 6770.JPG,256,256,1.0,166.75946044921875,34.29641342163086,7985.1455078125,6.911670345401047,176.4702911376953,168.0771484375,134.50486755371094
PlantVillage Internal,D:\Tomato_Disease_Research\plantvillage\Tomato_Septoria_leaf_spot\56d9c252-fe48-4a39-8264-8bfce1f8ba2a___JR_Sept.L.S 2562.JPG,256,256,1.0,120.00239562988281,33.42092514038086,5194.65966796875,6.9950964388692505,119.17469787597656,118.66912841796875,129.03848266601562
PlantVillage Internal,D:\Tomato_Disease_Research\plantvillage\Tomato_Septoria_leaf_spot\57364d0e-48f0-49e4-89a3-5a697c6efa5b___Keller.St_CG 1813.JPG,256,256,1.0,118.11280822753906,28.226896286010742,2094.39208984375,6.6968448729060075,121.80003356933594,117.01078796386719,114.1163330078125
PlantVillage Internal,D:\Tomato_Disease_Research\plantvillage\Tomato_Septoria_leaf_spot\577380e5-8b20-4ae2-bae5-f7442c3fe70c___JR_Sept.L.S 8535.JPG,256,256,1.0,128.27757263183594,43.47870635986328,4931.228515625,7.1797944495593935,133.8892822265625,128.31446838378906,113.36911010742188
PlantVillage Internal,D:\Tomato_Disease_Research\plantvillage\Tomato_Septoria_leaf_spot\57f2b102-2002-4421-b303-13d75a164fd9___Matt.S_CG 7694.JPG,256,256,1.0,150.76632690429688,46.42477035522461,6081.88671875,7.315122768171287,147.6899871826172,155.33319091796875,135.31956481933594
PlantVillage Internal,D:\Tomato_Disease_Research\plantvillage\Tomato_Septoria_leaf_spot\58e87592-0ceb-48a0-9624-7791b6cb94f2___Matt.S_CG 2610.JPG,256,256,1.0,126.8982162475586,34.77223205566406,4934.56591796875,6.939252274423952,124.42240905761719,132.96725463867188,102.14158630371094
PlantVillage Internal,D:\Tomato_Disease_Research\plantvillage\Tomato_Septoria_leaf_spot\598ba6a8-8887-4d61-97b7-5a0814aa8e2f___Matt.S_CG 7637.JPG,256,256,1.0,140.01065063476562,52.19499206542969,6225.30078125,7.395075204511228,138.1124725341797,142.30007934570312,133.20057678222656
PlantVillage Internal,D:\Tomato_Disease_Research\plantvillage\Tomato_Septoria_leaf_spot\5e53810f-d7fe-40af-aaa4-7753d1f265e2___JR_Sept.L.S 2528.JPG,256,256,1.0,120.00602722167969,34.42845153808594,3379.39794921875,6.705268862389768,114.01506042480469,123.95755004882812,115.37229919433594
PlantVillage Internal,D:\Tomato_Disease_Research\plantvillage\Tomato_Septoria_leaf_spot\5eceb9db-6355-445e-96b6-1644fab0dea7___Matt.S_CG 2774.JPG,256,256,1.0,127.75717163085938,32.368438720703125,3909.411376953125,6.724395932607878,126.08903503417969,133.42214965820312,102.96266174316406
PlantVillage Internal,D:\Tomato_Disease_Research\plantvillage\Tomato_Septoria_leaf_spot\619ccfba-56c4-4750-b920-7c7314f78b7c___Matt.S_CG 6908.JPG,256,256,1.0,152.00662231445312,44.80657196044922,6703.81787109375,7.326373954208424,149.1736602783203,156.0846405029297,138.4387664794922
PlantVillage Internal,D:\Tomato_Disease_Research\plantvillage\Tomato_Septoria_leaf_spot\61edf176-f7f8-4f52-a73d-5b40711b93b6___Matt.S_CG 0873.JPG,256,256,1.0,128.41384887695312,27.12337303161621,844.949951171875,6.560532542906424,126.21409606933594,132.11180114746094,115.14208984375
PlantVillage Internal,D:\Tomato_Disease_Research\plantvillage\Tomato_Septoria_leaf_spot\63e3d1ac-76a4-48a8-83d6-50a65433a8e3___Matt.S_CG 0690.JPG,256,256,1.0,117.18909454345703,26.23050880432129,1088.9779052734375,6.547071440260346,112.3154296875,120.86610412597656,111.03842163085938
PlantVillage Internal,D:\Tomato_Disease_Research\plantvillage\Tomato_Septoria_leaf_spot\6423beae-af76-4630-a3e4-f59977457971___Keller.St_CG 1900.JPG,256,256,1.0,114.54542541503906,24.59684944152832,1785.839111328125,6.612374195841204,111.22268676757812,117.60882568359375,107.4864501953125
PlantVillage Internal,D:\Tomato_Disease_Research\plantvillage\Tomato_Septoria_leaf_spot\647b98f0-0a93-4c39-8b5e-cf549f5117e6___Matt.S_CG 6869.JPG,256,256,1.0,152.50177001953125,46.30634689331055,10998.51171875,7.334419357592309,164.2857208251953,150.12002563476562,133.85873413085938
PlantVillage Internal,D:\Tomato_Disease_Research\plantvillage\Tomato_Septoria_leaf_spot\65f22d82-02df-4fc8-9fa9-063386bfaba0___JR_Sept.L.S 2479.JPG,256,256,1.0,119.66545104980469,44.21692657470703,3005.478271484375,7.103333464245419,113.39031982421875,124.23989868164062,112.5694580078125
PlantVillage Internal,D:\Tomato_Disease_Research\plantvillage\Tomato_Septoria_leaf_spot\663f412f-6bb7-4e89-aac6-683d87e92638___JR_Sept.L.S 8376.JPG,256,256,1.0,119.36077880859375,48.855926513671875,4023.16357421875,7.295468833382143,121.234130859375,120.11495971679688,110.56394958496094
PlantVillage Internal,D:\Tomato_Disease_Research\plantvillage\Tomato_Septoria_leaf_spot\67162529-30dd-46c3-9f26-1e728b7a3cee___Matt.S_CG 0756.JPG,256,256,1.0,126.75182342529297,29.442420959472656,1253.698974609375,6.628851989333231,132.1002197265625,125.89645385742188,117.12847900390625
PlantVillage Internal,D:\Tomato_Disease_Research\plantvillage\Tomato_Septoria_leaf_spot\67feebf2-a74a-48b0-acf5-913c9cd5e84a___JR_Sept.L.S 2457.JPG,256,256,1.0,123.74790954589844,34.685123443603516,2949.13037109375,6.79662311680668,120.79202270507812,123.0849609375,134.91427612304688
PlantVillage Internal,D:\Tomato_Disease_Research\plantvillage\Tomato_Septoria_leaf_spot\685231f4-f2a7-4a41-86f1-9f658baed631___Keller.St_CG 1992.JPG,256,256,1.0,110.43234252929688,23.976545333862305,2872.1650390625,6.583260876983294,115.67723083496094,108.63954162597656,105.90737915039062
PlantVillage Internal,D:\Tomato_Disease_Research\plantvillage\Tomato_Septoria_leaf_spot\696f8ae9-a39b-42a4-925a-05a1c69a62a8___Matt.S_CG 7493.JPG,256,256,1.0,141.59625244140625,55.0837287902832,8714.9462890625,7.605915782805461,137.80618286132812,144.95130920410156,134.26132202148438
PlantVillage Internal,D:\Tomato_Disease_Research\plantvillage\Tomato_Septoria_leaf_spot\698bdba4-67c1-476e-be60-21a4fd7d3f55___Keller.St_CG 1790.JPG,256,256,1.0,107.25567626953125,28.459157943725586,1378.4866943359375,6.801754962103291,112.71707153320312,105.13270568847656,103.86288452148438
PlantVillage Internal,D:\Tomato_Disease_Research\plantvillage\Tomato_Septoria_leaf_spot\6a4518f8-37a5-4c96-ab5d-5cb75f6e24b2___JR_Sept.L.S 8444.JPG,256,256,1.0,131.81787109375,33.76115036010742,5506.6328125,6.929664954021107,138.59197998046875,130.5854034423828,120.39686584472656
PlantVillage Internal,D:\Tomato_Disease_Research\plantvillage\Tomato_Septoria_leaf_spot\6bb03663-2989-4c0b-8aba-bedc9e3430eb___JR_Sept.L.S 2607.JPG,256,256,1.0,131.55645751953125,36.734901428222656,4056.711669921875,7.006854311680112,126.72389221191406,133.3174591064453,135.163818359375
PlantVillage Internal,D:\Tomato_Disease_Research\plantvillage\Tomato_Septoria_leaf_spot\6cebad3a-afa4-4c38-9bcc-3977af4434d1___Matt.S_CG 2793.JPG,256,256,1.0,130.45297241210938,34.45294189453125,5492.71240234375,7.035164652411465,126.61061096191406,137.14759826660156,106.05921936035156
PlantVillage Internal,D:\Tomato_Disease_Research\plantvillage\Tomato_Septoria_leaf_spot\6d01e191-a269-45c0-9212-53a678c037b3___Keller.St_CG 1932.JPG,256,256,1.0,129.99038696289062,30.15860366821289,7400.0146484375,6.848892059313935,136.39993286132812,130.20823669433594,112.05769348144531
PlantVillage Internal,D:\Tomato_Disease_Research\plantvillage\Tomato_Septoria_leaf_spot\6e2dd387-240a-4b31-995e-3389310d8db3___Matt.S_CG 2542.JPG,256,256,1.0,122.60659790039062,34.15102767944336,6324.716796875,7.072969810624906,120.17108154296875,126.95100402832031,106.62460327148438
PlantVillage Internal,D:\Tomato_Disease_Research\plantvillage\Tomato_Septoria_leaf_spot\6f0bbcfb-bb4b-465e-a6c4-35e715bea1d2___Matt.S_CG 6686.JPG,256,256,1.0,155.89065551757812,43.23455047607422,8184.44580078125,7.355895287960597,155.74652099609375,160.2325897216797,133.91143798828125
PlantVillage Internal,D:\Tomato_Disease_Research\plantvillage\Tomato_Septoria_leaf_spot\702a5117-4fee-46b6-bd3b-980ad9496dea___Matt.S_CG 6094.JPG,256,256,1.0,158.8148193359375,32.62273025512695,444.16510009765625,6.744269673047347,167.66360473632812,161.75083923339844,120.48835754394531
PlantVillage Internal,D:\Tomato_Disease_Research\plantvillage\Tomato_Septoria_leaf_spot\70aaa3d4-f817-48aa-a3b0-aee1c539c4f5___JR_Sept.L.S 8470.JPG,256,256,1.0,124.92005157470703,46.84218978881836,5154.802734375,7.032125621230396,132.3104248046875,122.66914367675781,117.12664794921875
PlantVillage Internal,D:\Tomato_Disease_Research\plantvillage\Tomato_Septoria_leaf_spot\70cfd5a5-64c0-467b-8647-7743e5c3513a___JR_Sept.L.S 2621.JPG,256,256,1.0,122.37309265136719,48.05296325683594,4149.14111328125,7.287107537813625,118.37353515625,124.48316955566406,121.99815368652344
PlantVillage Internal,D:\Tomato_Disease_Research\plantvillage\Tomato_Septoria_leaf_spot\70fb038b-90e8-4218-a440-4db6daa90fe0___Matt.S_CG 1102.JPG,256,256,1.0,115.2060317993164,17.398452758789062,796.775634765625,6.067071099870327,113.37518310546875,122.80448913574219,80.88262939453125
PlantVillage Internal,D:\Tomato_Disease_Research\plantvillage\Tomato_Septoria_leaf_spot\715b97ad-9fd9-42dc-9c50-a0b8edcf0ad0___Keller.St_CG 1912.JPG,256,256,1.0,106.26376342773438,27.874128341674805,1228.05712890625,6.488769658129897,112.893798828125,103.92239379882812,100.93043518066406
PlantVillage Internal,D:\Tomato_Disease_Research\plantvillage\Tomato_Septoria_leaf_spot\752557e9-4f69-4faa-888e-2fcf32747c5a___Matt.S_CG 6542.JPG,256,256,1.0,168.89276123046875,47.31728744506836,7613.32470703125,7.307242756361187,164.14303588867188,175.14007568359375,149.18211364746094
PlantVillage Internal,D:\Tomato_Disease_Research\plantvillage\Tomato_Septoria_leaf_spot\77beaab6-09bf-4ea4-9107-4109d06b5412___Keller.St_CG 1829.JPG,256,256,1.0,114.84542083740234,26.174591064453125,930.7514038085938,6.471328439447806,114.30027770996094,115.65400695800781,112.11174011230469
PlantVillage Internal,D:\Tomato_Disease_Research\plantvillage\Tomato_Septoria_leaf_spot\78776bfc-9aa1-4b33-bb43-41ac6a140323___JR_Sept.L.S 8456.JPG,256,256,1.0,113.51466369628906,45.14307403564453,4721.77880859375,7.171308633564579,119.1978759765625,112.63291931152344,103.14892578125
PlantVillage Internal,D:\Tomato_Disease_Research\plantvillage\Tomato_Septoria_leaf_spot\796b5446-9007-427b-8ac0-2264a67569e0___Matt.S_CG 6541.JPG,256,256,1.0,176.4923095703125,43.2186164855957,7472.201171875,7.222497429453989,174.34263610839844,180.7830352783203,160.03707885742188
PlantVillage Internal,D:\Tomato_Disease_Research\plantvillage\Tomato_Septoria_leaf_spot\7a7c032c-bc58-43c0-9bf7-26be8baf2660___Matt.S_CG 7605.JPG,256,256,1.0,140.28268432617188,47.08954620361328,8943.94921875,7.5114566677414265,132.70578002929688,145.64227294921875,132.5584259033203
PlantVillage Internal,D:\Tomato_Disease_Research\plantvillage\Tomato_Septoria_leaf_spot\7acd10ed-a101-4467-856a-f3483493182a___Keller.St_CG 1862.JPG,256,256,1.0,94.44476318359375,13.835979461669922,990.04248046875,5.56042531829339,92.17478942871094,96.935302734375,87.57438659667969
PlantVillage Internal,D:\Tomato_Disease_Research\plantvillage\Tomato_Septoria_leaf_spot\7af43527-0276-4a56-9ed5-c0f6a3776e1e___Matt.S_CG 6823.JPG,256,256,1.0,128.93995666503906,44.852115631103516,6128.27490234375,7.240756757606055,130.6768035888672,130.1260986328125,118.27693176269531
PlantVillage Internal,D:\Tomato_Disease_Research\plantvillage\Tomato_Septoria_leaf_spot\7bf7886a-7ec1-4f4a-92be-5d18b6450ee1___JR_Sept.L.S 8362.JPG,256,256,1.0,139.4156494140625,55.16743850708008,257.838623046875,6.985456210194133,140.70223999023438,141.4346160888672,125.64521789550781
PlantVillage Internal,D:\Tomato_Disease_Research\plantvillage\Tomato_Septoria_leaf_spot\7cb27fc3-c967-4734-8c81-cabbcd7d322f___Keller.St_CG 2003.JPG,256,256,1.0,115.26496887207031,23.984403610229492,1066.270751953125,6.513266617907258,122.74508666992188,114.48692321777344,99.6522216796875
PlantVillage Internal,D:\Tomato_Disease_Research\plantvillage\Tomato_Septoria_leaf_spot\7cf8bfef-e8d7-406b-b27c-e5e545096545___JR_Sept.L.S 8427.JPG,256,256,1.0,127.69931030273438,44.47461700439453,4061.3984375,7.055834304583618,132.8993682861328,126.82568359375,118.55902099609375
PlantVillage Internal,D:\Tomato_Disease_Research\plantvillage\Tomato_Septoria_leaf_spot\7dd7354c-7c02-4086-8b19-e6d8d4083c29___Matt.S_CG 6250.JPG,256,256,1.0,157.84446716308594,30.21317481994629,873.539306640625,6.800973993676742,149.8094482421875,165.69969177246094,138.47122192382812
PlantVillage Internal,D:\Tomato_Disease_Research\plantvillage\Tomato_Septoria_leaf_spot\7dedb154-b3a3-4f5c-b529-9c44d4e3cd23___Matt.S_CG 7375.JPG,256,256,1.0,126.94548034667969,48.136165618896484,7673.09765625,7.474834200381262,120.462158203125,131.14987182617188,122.30110168457031
PlantVillage Internal,D:\Tomato_Disease_Research\plantvillage\Tomato_Septoria_leaf_spot\7e5e84fb-af42-40b6-b2aa-d7e6bc569b1f___Matt.S_CG 7435.JPG,256,256,1.0,129.97373962402344,51.510799407958984,8899.48828125,7.515726762171648,125.09173583984375,135.7153778076172,113.21389770507812
PlantVillage Internal,D:\Tomato_Disease_Research\plantvillage\Tomato_Septoria_leaf_spot\7ed442ab-2005-4fe8-98a6-82b1b4d7f1a9___Keller.St_CG 1843.JPG,256,256,1.0,113.6495361328125,25.041074752807617,1272.528076171875,6.420576494679508,115.99592590332031,113.17333984375,109.94731140136719
PlantVillage Internal,D:\Tomato_Disease_Research\plantvillage\Tomato_Septoria_leaf_spot\7f1a7403-f9d4-4910-9495-550a263c6e77___Matt.S_CG 7624.JPG,256,256,1.0,134.191162109375,51.127803802490234,5855.28662109375,7.500053396478451,130.36888122558594,139.46580505371094,117.05644226074219
PlantVillage Internal,D:\Tomato_Disease_Research\plantvillage\Tomato_Septoria_leaf_spot\7ff1632f-91e4-4dd3-801d-e31885af4c41___Matt.S_CG 7578.JPG,256,256,1.0,140.41836547851562,42.813175201416016,4685.70703125,7.275450420581283,136.9956512451172,145.36196899414062,123.94038391113281
PlantVillage Internal,D:\Tomato_Disease_Research\plantvillage\Tomato_Septoria_leaf_spot\80857534-e2f2-4ba1-9beb-e4d6619f80eb___Matt.S_CG 1238.JPG,256,256,1.0,119.79150390625,18.193700790405273,137.8306427001953,6.1110955746071305,129.71669006347656,122.73030090332031,78.62736511230469
PlantVillage Internal,D:\Tomato_Disease_Research\plantvillage\Tomato_Septoria_leaf_spot\80c8fa6d-e374-40ad-8399-fdb626640e82___JR_Sept.L.S 2675.JPG,256,256,1.0,117.77266693115234,60.13124465942383,6464.994140625,7.438613629335519,121.70628356933594,117.38059997558594,109.474365234375
PlantVillage Internal,D:\Tomato_Disease_Research\plantvillage\Tomato_Septoria_leaf_spot\82962452-4142-4424-98a5-390d662b145b___Matt.S_CG 7527.JPG,256,256,1.0,123.03558349609375,49.225154876708984,10367.10546875,7.4707796246756955,121.45307922363281,126.33343505859375,110.20515441894531
PlantVillage Internal,D:\Tomato_Disease_Research\plantvillage\Tomato_Septoria_leaf_spot\82de2fc1-0ff9-4711-a89d-35db440d2078___JR_Sept.L.S 8564.JPG,256,256,1.0,120.98049926757812,46.45096206665039,6391.6298828125,7.281482403256961,123.00364685058594,121.22268676757812,114.42709350585938
PlantVillage Internal,D:\Tomato_Disease_Research\plantvillage\Tomato_Septoria_leaf_spot\84d1824a-dff7-4bd9-b623-1f5d6a5f014e___Matt.S_CG 7687.JPG,256,256,1.0,137.0174560546875,50.99159240722656,8138.5205078125,7.564521139049875,131.9619598388672,141.50726318359375,127.15855407714844
PlantVillage Internal,D:\Tomato_Disease_Research\plantvillage\Tomato_Septoria_leaf_spot\850fd7db-de0c-4bd8-b869-ffbaa4a3a320___Keller.St_CG 1807.JPG,256,256,1.0,115.63835906982422,22.563880920410156,3015.739990234375,6.481331632447875,118.02694702148438,115.59364318847656,109.60380554199219
PlantVillage Internal,D:\Tomato_Disease_Research\plantvillage\Tomato_Septoria_leaf_spot\862cca81-2acd-4a2b-89aa-bd01d9524d7b___JR_Sept.L.S 2577.JPG,256,256,1.0,135.3296661376953,37.09624481201172,3635.783203125,6.859322918742859,131.49468994140625,135.20266723632812,146.04202270507812
PlantVillage Internal,D:\Tomato_Disease_Research\plantvillage\Tomato_Septoria_leaf_spot\86ed9e6c-2c17-42bd-998e-f7f9069ae9c4___Matt.S_CG 7608.JPG,256,256,1.0,142.07408142089844,50.09196090698242,5436.48583984375,7.386571982590315,138.19309997558594,146.5769500732422,129.0672607421875
PlantVillage Internal,D:\Tomato_Disease_Research\plantvillage\Tomato_Septoria_leaf_spot\86f5ea7a-75c7-4732-a71a-c7bc0717f847___Matt.S_CG 7604.JPG,256,256,1.0,142.7474365234375,46.99024200439453,7670.83984375,7.4495313450082765,136.34603881835938,146.9971466064453,137.65472412109375
PlantVillage Internal,D:\Tomato_Disease_Research\plantvillage\Tomato_Septoria_leaf_spot\877ef529-6d52-4af3-8284-2f2e12b56c1e___Matt.S_CG 0779.JPG,256,256,1.0,125.66728973388672,27.768964767456055,732.7510986328125,6.730974569959539,114.80448913574219,134.90081787109375,106.61375427246094
PlantVillage Internal,D:\Tomato_Disease_Research\plantvillage\Tomato_Septoria_leaf_spot\8854cb53-e283-46b4-b150-3d0b414b77fd___Matt.S_CG 0951.JPG,256,256,1.0,134.34573364257812,28.966228485107422,1329.5697021484375,6.542176677192629,134.09576416015625,134.81089782714844,132.60609436035156
PlantVillage Internal,D:\Tomato_Disease_Research\plantvillage\Tomato_Septoria_leaf_spot\8b94c375-1eaf-4e17-b7ae-7718ab4c0b29___Matt.S_CG 5984.JPG,256,256,1.0,129.26766967773438,30.26978874206543,4208.85791015625,6.8205148978849115,137.70748901367188,128.7645721435547,109.72209167480469
PlantVillage Internal,D:\Tomato_Disease_Research\plantvillage\Tomato_Septoria_leaf_spot\8bcab1d2-d0fe-497d-9419-765c99ac6989___JR_Sept.L.S 8541.JPG,256,256,1.0,127.24647521972656,53.08283996582031,4907.779296875,7.230206263901028,129.965576171875,126.70835876464844,122.88568115234375
PlantVillage Internal,D:\Tomato_Disease_Research\plantvillage\Tomato_Septoria_leaf_spot\8bf151ef-d3ca-47f9-b2d0-685ba9c5f229___Matt.S_CG 1453.JPG,256,256,1.0,134.58026123046875,47.0118408203125,6170.943359375,7.4553990188005415,128.91796875,139.7882537841797,122.61480712890625
PlantVillage Internal,D:\Tomato_Disease_Research\plantvillage\Tomato_Septoria_leaf_spot\8e394ac6-15a5-4b49-ad6c-52b3d146457e___Matt.S_CG 1531.JPG,256,256,1.0,126.96105194091797,37.47917938232422,5275.810546875,7.180866159661985,126.50106811523438,129.14739990234375,116.90972900390625
PlantVillage Internal,D:\Tomato_Disease_Research\plantvillage\Tomato_Septoria_leaf_spot\8f5a4a7c-445b-4bb2-aa73-2c736733f82b___Matt.S_CG 7573.JPG,256,256,1.0,132.72219848632812,55.96360397338867,7475.6513671875,7.648841612365164,132.3913116455078,136.9999237060547,111.56361389160156
PlantVillage Internal,D:\Tomato_Disease_Research\plantvillage\Tomato_Septoria_leaf_spot\90aea036-5a0f-49da-b344-118c8b108c84___Matt.S_CG 7767.JPG,256,256,1.0,142.62240600585938,41.82621383666992,4866.8935546875,7.276174836075241,138.0391845703125,148.9216766357422,122.20758056640625
PlantVillage Internal,D:\Tomato_Disease_Research\plantvillage\Tomato_Septoria_leaf_spot\90caf05a-8217-4eab-b91e-e2495c51e5e7___JR_Sept.L.S 2571.JPG,256,256,1.0,113.71699523925781,44.90103530883789,13869.841796875,7.497051325935498,110.41839599609375,115.97657775878906,110.73374938964844
PlantVillage Internal,D:\Tomato_Disease_Research\plantvillage\Tomato_Septoria_leaf_spot\9143d8ef-3d8a-48e8-9345-a5eb988091ef___Matt.S_CG 6821.JPG,256,256,1.0,122.25381469726562,45.02542495727539,7955.4501953125,7.331567853996444,122.72430419921875,123.40138244628906,115.11080932617188
PlantVillage Internal,D:\Tomato_Disease_Research\plantvillage\Tomato_Septoria_leaf_spot\94290034-9eeb-42ac-ae71-a34a31de918a___Matt.S_CG 7502.JPG,256,256,1.0,139.06629943847656,45.547142028808594,8657.2138671875,7.46672517037937,134.66497802734375,143.5838623046875,127.34861755371094
PlantVillage Internal,D:\Tomato_Disease_Research\plantvillage\Tomato_Septoria_leaf_spot\94445a4d-97cd-4db5-aedb-32da5756b2d7___JR_Sept.L.S 2498.JPG,256,256,1.0,114.86932373046875,54.13013458251953,9659.154296875,7.5687773120549,108.78337097167969,118.95204162597656,109.80923461914062
PlantVillage Internal,D:\Tomato_Disease_Research\plantvillage\Tomato_Septoria_leaf_spot\94fec6ad-4519-4eea-91d5-e155f5b6f366___Matt.S_CG 6025.JPG,256,256,1.0,153.10427856445312,32.19301223754883,1543.998779296875,6.839310812852318,153.7812957763672,155.60693359375,138.44215393066406
PlantVillage Internal,D:\Tomato_Disease_Research\plantvillage\Tomato_Septoria_leaf_spot\95824292-d97c-45aa-942f-3160e5263282___Matt.S_CG 2438.JPG,256,256,1.0,128.87460327148438,29.6298828125,4341.0888671875,6.748746549157477,126.52066040039062,131.47935485839844,121.63642883300781
PlantVillage Internal,D:\Tomato_Disease_Research\plantvillage\Tomato_Septoria_leaf_spot\95fb80ea-97dd-4d8a-b2d4-16a3ec3d5da6___JR_Sept.L.S 2692.JPG,256,256,1.0,117.41941833496094,37.631195068359375,10265.4921875,7.057542704766992,118.00108337402344,115.80691528320312,124.19677734375
PlantVillage Internal,D:\Tomato_Disease_Research\plantvillage\Tomato_Septoria_leaf_spot\96d09f73-139b-44ef-a2bd-5a9717f6a2b6___JR_Sept.L.S 2670.JPG,256,256,1.0,132.57321166992188,50.18205261230469,7986.4560546875,7.404057764239878,131.16455078125,133.13504028320312,133.37503051757812
PlantVillage Internal,D:\Tomato_Disease_Research\plantvillage\Tomato_Septoria_leaf_spot\99ec3521-b951-40f9-a5b4-d80cfc1f9e68___Keller.St_CG 1891.JPG,256,256,1.0,112.06739044189453,19.811586380004883,788.8776245117188,6.267494125441079,110.6712646484375,113.87089538574219,106.44264221191406
PlantVillage Internal,D:\Tomato_Disease_Research\plantvillage\Tomato_Septoria_leaf_spot\9ad5aed4-e5f2-45f9-bbe4-cbbce80e344c___Keller.St_CG 1925.JPG,256,256,1.0,120.35124206542969,25.208898544311523,1893.8486328125,6.550866129611746,127.04409790039062,119.79362487792969,105.66836547851562
PlantVillage Internal,D:\Tomato_Disease_Research\plantvillage\Tomato_Septoria_leaf_spot\9b52dfbf-f3d7-4777-a620-7eaa6d3086aa___Matt.S_CG 6156.JPG,256,256,1.0,153.17481994628906,27.77858543395996,1312.1214599609375,6.681064402632289,149.4507293701172,156.9884796142578,143.30532836914062
PlantVillage Internal,D:\Tomato_Disease_Research\plantvillage\Tomato_Septoria_leaf_spot\9b542a20-992a-454e-afa1-a93d68699261___Keller.St_CG 1802.JPG,256,256,1.0,118.87342834472656,17.646747589111328,671.4942626953125,6.009587065685006,120.18899536132812,120.34622192382812,107.83927917480469
PlantVillage Internal,D:\Tomato_Disease_Research\plantvillage\Tomato_Septoria_leaf_spot\9c922c85-b976-41ec-bc8a-65650a8a3f9a___Matt.S_CG 1504.JPG,256,256,1.0,131.0943603515625,34.99091339111328,5676.0390625,6.986110303036117,133.59703063964844,134.03562927246094,109.38540649414062
PlantVillage Internal,D:\Tomato_Disease_Research\plantvillage\Tomato_Septoria_leaf_spot\9d12ad8a-e252-48bc-bbeb-a198c1c9049b___Matt.S_CG 6367.JPG,256,256,1.0,158.0735626220703,32.992435455322266,1542.55859375,6.867044492830569,168.8665008544922,158.6792755126953,126.64686584472656
PlantVillage Internal,D:\Tomato_Disease_Research\plantvillage\Tomato_Septoria_leaf_spot\9d377ccd-cf2f-4fdb-bce6-ac70e0b53d03___Matt.S_CG 7620.JPG,256,256,1.0,139.86624145507812,46.48549270629883,8605.3076171875,7.415833990048169,137.41404724121094,143.9267578125,125.38981628417969
PlantVillage Internal,D:\Tomato_Disease_Research\plantvillage\Tomato_Septoria_leaf_spot\9e684d71-c6e4-45e4-ac84-ac99499c55c1___Matt.S_CG 7625.JPG,256,256,1.0,132.9742431640625,52.70188903808594,6465.6845703125,7.496607120223631,128.47689819335938,138.8530731201172,114.49896240234375
PlantVillage Internal,D:\Tomato_Disease_Research\plantvillage\Tomato_Septoria_leaf_spot\9ee905ed-4e49-4256-8d6d-74fc6450ead1___Keller.St_CG 1794.JPG,256,256,1.0,111.81712341308594,20.670278549194336,1145.9176025390625,6.2515836782234295,116.32865905761719,108.83175659179688,115.35624694824219
PlantVillage Internal,D:\Tomato_Disease_Research\plantvillage\Tomato_Septoria_leaf_spot\a0268a59-6f6e-4f65-973a-a282a1d078fd___Matt.S_CG 0972.JPG,256,256,1.0,117.83934020996094,36.05812454223633,2862.8544921875,7.086014237372465,112.02635192871094,124.30319213867188,99.802490234375
PlantVillage Internal,D:\Tomato_Disease_Research\plantvillage\Tomato_Septoria_leaf_spot\a118d49a-e8aa-43cd-ac08-0c821ffd1ecb___JR_Sept.L.S 2644.JPG,256,256,1.0,145.8149871826172,39.06573486328125,10507.5849609375,7.281608730403592,140.1140594482422,148.5848846435547,146.50482177734375
PlantVillage Internal,D:\Tomato_Disease_Research\plantvillage\Tomato_Septoria_leaf_spot\a13ce2fb-5b13-4dec-a2e4-417dc3f3a817___JR_Sept.L.S 8485.JPG,256,256,1.0,128.07330322265625,42.930450439453125,4759.03759765625,7.143263437209426,133.4892120361328,127.74589538574219,115.55433654785156
PlantVillage Internal,D:\Tomato_Disease_Research\plantvillage\Tomato_Septoria_leaf_spot\a2b2c599-4cbf-4ea4-a05e-639ee9b4f523___Matt.S_CG 6059.JPG,256,256,1.0,161.37258911132812,25.864965438842773,1593.821044921875,6.672891278179016,165.82601928710938,163.81497192382812,137.11595153808594
PlantVillage Internal,D:\Tomato_Disease_Research\plantvillage\Tomato_Septoria_leaf_spot\a4467299-5237-45f5-bb9b-9fd69f7a2b1a___Matt.S_CG 7719.JPG,256,256,1.0,141.17967224121094,48.264278411865234,8379.109375,7.515094289839879,137.47267150878906,145.36729431152344,129.33981323242188
PlantVillage Internal,D:\Tomato_Disease_Research\plantvillage\Tomato_Septoria_leaf_spot\a5e35b30-5401-4df1-a489-5d8a530cd37d___Matt.S_CG 0860.JPG,256,256,1.0,101.99454498291016,28.395231246948242,1195.10400390625,6.7374711197946295,99.51934814453125,104.83621215820312,93.85444641113281
PlantVillage Internal,D:\Tomato_Disease_Research\plantvillage\Tomato_Septoria_leaf_spot\a654c03b-c0d9-4605-9e21-a91a19ce0466___Matt.S_CG 6135.JPG,256,256,1.0,155.01449584960938,24.892547607421875,731.9628295898438,6.542907566292824,154.2299346923828,158.01348876953125,141.63006591796875
PlantVillage Internal,D:\Tomato_Disease_Research\plantvillage\Tomato_Septoria_leaf_spot\a8db14be-ab96-44bb-ae9c-fb3df15fb93e___Matt.S_CG 1063.JPG,256,256,1.0,106.16975402832031,26.111970901489258,851.3807373046875,6.504353949950369,118.687255859375,104.10580444335938,83.96633911132812
PlantVillage Internal,D:\Tomato_Disease_Research\plantvillage\Tomato_Septoria_leaf_spot\a9f7e7d6-cb65-4fcf-961d-7a7900bbed6d___Matt.S_CG 7758.JPG,256,256,1.0,142.158203125,46.429954528808594,5236.0810546875,7.353855088657859,141.6915740966797,145.27511596679688,127.33274841308594
PlantVillage Internal,D:\Tomato_Disease_Research\plantvillage\Tomato_Septoria_leaf_spot\aa233fb1-e0b7-45cc-a5f3-a163b703299e___JR_Sept.L.S 2718.JPG,256,256,1.0,123.93133544921875,45.34126663208008,17462.53515625,7.454535698344431,123.8504638671875,124.18093872070312,122.85821533203125
PlantVillage Internal,D:\Tomato_Disease_Research\plantvillage\Tomato_Septoria_leaf_spot\aae2d0b1-30cb-4ba8-a017-f9051d38192b___JR_Sept.L.S 8464.JPG,256,256,1.0,120.18397521972656,48.853355407714844,6126.94140625,7.281094226043435,124.47129821777344,119.36724853515625,113.14450073242188
PlantVillage Internal,D:\Tomato_Disease_Research\plantvillage\Tomato_Septoria_leaf_spot\ac3e0cba-bf42-4cd4-84b7-4267e8d84dc8___JR_Sept.L.S 2639.JPG,256,256,1.0,128.8424530029297,42.990943908691406,6404.4814453125,7.181062206768593,125.11106872558594,129.6195068359375,134.62802124023438
PlantVillage Internal,D:\Tomato_Disease_Research\plantvillage\Tomato_Septoria_leaf_spot\adb55578-5e78-4544-8415-baa2960871c4___Keller.St_CG 2026.JPG,256,256,1.0,115.99818420410156,16.955142974853516,1093.7406005859375,5.941705019982229,115.05912780761719,118.17826843261719,107.23558044433594
PlantVillage Internal,D:\Tomato_Disease_Research\plantvillage\Tomato_Septoria_leaf_spot\adf85c8b-07e2-4f8c-a04a-8a71094b97e6___Matt.S_CG 7530.JPG,256,256,1.0,137.39784240722656,53.967994689941406,7555.86328125,7.474374429043628,135.89344787597656,140.92111206054688,123.2017822265625
PlantVillage Internal,D:\Tomato_Disease_Research\plantvillage\Tomato_Septoria_leaf_spot\ae6a7d48-2026-4e14-b16d-1e0302f39328___Matt.S_CG 2591.JPG,256,256,1.0,125.49678039550781,34.2750129699707,4666.56005859375,7.027679015972073,120.66506958007812,133.46630859375,97.13336181640625
PlantVillage Internal,D:\Tomato_Disease_Research\plantvillage\Tomato_Septoria_leaf_spot\aed8e4ba-1ea2-4258-86d1-621bb13dd029___JR_Sept.L.S 2456.JPG,256,256,1.0,131.5408172607422,51.07795715332031,3756.59814453125,7.252975028918472,125.958740234375,133.38047790527344,136.70883178710938
PlantVillage Internal,D:\Tomato_Disease_Research\plantvillage\Tomato_Septoria_leaf_spot\af9854ba-74f8-4e12-a24a-dd166484ff6b___Matt.S_CG 0696.JPG,256,256,1.0,123.9461669921875,26.6672420501709,1136.87109375,6.586765221879813,125.27821350097656,123.19221496582031,124.33470153808594
PlantVillage Internal,D:\Tomato_Disease_Research\plantvillage\Tomato_Septoria_leaf_spot\b176a644-d8ac-4bdd-9d6b-e4038ce910ac___Matt.S_CG 6914.JPG,256,256,1.0,137.69129943847656,48.920021057128906,6234.18408203125,7.29866563380974,135.7865753173828,140.57080078125,127.86007690429688
PlantVillage Internal,D:\Tomato_Disease_Research\plantvillage\Tomato_Septoria_leaf_spot\b20c218a-ff6c-4038-8de3-ce048468a5a8___Keller.St_CG 1905.JPG,256,256,1.0,131.38751220703125,20.099164962768555,1035.688232421875,6.3063785902939475,130.598876953125,134.7795867919922,115.98976135253906
PlantVillage Internal,D:\Tomato_Disease_Research\plantvillage\Tomato_Septoria_leaf_spot\b459b9c8-30e2-4a65-be28-53d80243cac2___Keller.St_CG 1797.JPG,256,256,1.0,128.086181640625,27.279190063476562,1499.237548828125,6.7627151199808795,139.8173828125,123.96086120605469,118.55938720703125
PlantVillage Internal,D:\Tomato_Disease_Research\plantvillage\Tomato_Septoria_leaf_spot\b6b5c469-9b5a-4b91-ac32-c11f1a9fc8df___Matt.S_CG 2503.JPG,256,256,1.0,127.30207061767578,34.30561828613281,4977.4619140625,7.018953636561634,123.69956970214844,132.469482421875,110.14311218261719
PlantVillage Internal,D:\Tomato_Disease_Research\plantvillage\Tomato_Septoria_leaf_spot\b70775c5-59bc-4204-af05-a420ef373667___JR_Sept.L.S 2693.JPG,256,256,1.0,114.31047058105469,31.28508186340332,5311.13427734375,6.751036289070166,118.03866577148438,110.89231872558594,122.13264465332031
PlantVillage Internal,D:\Tomato_Disease_Research\plantvillage\Tomato_Septoria_leaf_spot\b89c2f63-53ee-4454-87b0-013f0974e8c3___Matt.S_CG 6605.JPG,256,256,1.0,136.55447387695312,37.96208190917969,2237.6748046875,7.122856507219612,128.7421875,141.11294555664062,133.57244873046875
PlantVillage Internal,D:\Tomato_Disease_Research\plantvillage\Tomato_Septoria_leaf_spot\ba5de483-365d-4a7c-8340-bf3ca0923a5e___Keller.St_CG 1861.JPG,256,256,1.0,110.45646667480469,21.265506744384766,2066.954345703125,6.362245095844239,107.07771301269531,112.63880920410156,108.08108520507812
PlantVillage Internal,D:\Tomato_Disease_Research\plantvillage\Tomato_Septoria_leaf_spot\ba871bd3-5f16-4cf9-9dde-53a3bf47fd0a___Keller.St_CG 1957.JPG,256,256,1.0,121.63114166259766,32.34555435180664,4254.4091796875,7.02018881230371,128.64654541015625,120.28256225585938,110.175048828125
PlantVillage Internal,D:\Tomato_Disease_Research\plantvillage\Tomato_Septoria_leaf_spot\badbd0d4-8e02-49bf-a042-87ae373ca66f___Matt.S_CG 6741.JPG,256,256,1.0,159.45533752441406,35.762203216552734,6348.95703125,6.8938899342104945,164.22195434570312,161.7515106201172,135.1300811767578
PlantVillage Internal,D:\Tomato_Disease_Research\plantvillage\Tomato_Septoria_leaf_spot\bc9fa92b-2ed1-40b2-96b6-eb15bff4c323___Matt.S_CG 1256.JPG,256,256,1.0,116.48579406738281,19.761014938354492,1079.907958984375,6.22061853624666,113.21070861816406,121.07595825195312,101.4404296875
PlantVillage Internal,D:\Tomato_Disease_Research\plantvillage\Tomato_Septoria_leaf_spot\bcb7e120-e71a-4fd2-9e89-91631c0b5dcd___Keller.St_CG 2044.JPG,256,256,1.0,124.05189514160156,32.5465087890625,3625.683349609375,6.876504512250865,126.52487182617188,124.46380615234375,115.44488525390625
PlantVillage Internal,D:\Tomato_Disease_Research\plantvillage\Tomato_Septoria_leaf_spot\bd0d0b69-ef6e-43d9-b65c-b01e3b1f8e39___Matt.S_CG 1012.JPG,256,256,1.0,116.6424789428711,21.114709854125977,1072.035400390625,6.392257747972684,120.93952941894531,120.41204833984375,85.96212768554688
PlantVillage Internal,D:\Tomato_Disease_Research\plantvillage\Tomato_Septoria_leaf_spot\be2adeb7-79fb-47f0-8c49-01000fd3a450___Matt.S_CG 0680.JPG,256,256,1.0,131.03594970703125,30.70038414001465,1649.1014404296875,6.624890916155131,133.26483154296875,130.13108825683594,129.84930419921875
PlantVillage Internal,D:\Tomato_Disease_Research\plantvillage\Tomato_Septoria_leaf_spot\bee496d7-5071-457d-ae59-4a2a3f620b2e___Matt.S_CG 6083.JPG,256,256,1.0,168.91322326660156,29.133102416992188,2394.700439453125,6.817037503811692,177.52821350097656,168.51785278320312,148.35357666015625
PlantVillage Internal,D:\Tomato_Disease_Research\plantvillage\Tomato_Septoria_leaf_spot\beeecf7f-1986-4254-aa64-02d0b3a95896___Matt.S_CG 7581.JPG,256,256,1.0,139.86328125,44.99404525756836,8651.9677734375,7.385240088370175,138.384765625,143.5274658203125,124.87371826171875
PlantVillage Internal,D:\Tomato_Disease_Research\plantvillage\Tomato_Septoria_leaf_spot\c00d1c2a-e272-49dd-b4b5-7f925712697c___Matt.S_CG 2743.JPG,256,256,1.0,131.60736083984375,31.48017692565918,4299.9072265625,6.860828910818398,129.51683044433594,137.0665740966797,108.98036193847656
PlantVillage Internal,D:\Tomato_Disease_Research\plantvillage\Tomato_Septoria_leaf_spot\c0c14f99-b1b9-4858-8ecd-24d0987b434d___Matt.S_CG 1234.JPG,256,256,1.0,118.96661376953125,21.476558685302734,519.33740234375,6.318841336821745,130.28140258789062,121.16355895996094,77.97770690917969
PlantVillage Internal,D:\Tomato_Disease_Research\plantvillage\Tomato_Septoria_leaf_spot\c0d1a292-8b42-47b2-967e-0026af3988be___Matt.S_CG 1015.JPG,256,256,1.0,118.13664245605469,21.316930770874023,776.1412963867188,6.242796932729186,120.38734436035156,120.57611083984375,99.67240905761719
PlantVillage Internal,D:\Tomato_Disease_Research\plantvillage\Tomato_Septoria_leaf_spot\c1b84438-4e69-4366-b5be-ecb64351e836___JR_Sept.L.S 8441.JPG,256,256,1.0,139.12823486328125,37.0605354309082,4210.828125,6.829174143484643,145.7835693359375,137.4139404296875,130.4998016357422
PlantVillage Internal,D:\Tomato_Disease_Research\plantvillage\Tomato_Septoria_leaf_spot\c1fdb307-b716-4638-93c6-ebf8185c5414___JR_Sept.L.S 2508.JPG,256,256,1.0,119.05390930175781,45.248138427734375,4053.041015625,7.1317096826605795,113.55680847167969,121.94004821777344,118.61062622070312
PlantVillage Internal,D:\Tomato_Disease_Research\plantvillage\Tomato_Septoria_leaf_spot\c2f1a5c9-63f5-4e18-8b33-891145c7a2be___Matt.S_CG 7539.JPG,256,256,1.0,147.7474365234375,48.65258026123047,9281.3447265625,7.443328935322013,144.19088745117188,151.59280395507812,137.2753143310547
PlantVillage Internal,D:\Tomato_Disease_Research\plantvillage\Tomato_Septoria_leaf_spot\c3799da0-3ce3-4e75-9fdb-ceddfa42daad___Keller.St_CG 1781.JPG,256,256,1.0,120.38243865966797,26.622882843017578,2189.693359375,6.679723716449959,123.55293273925781,118.59146118164062,121.28884887695312
PlantVillage Internal,D:\Tomato_Disease_Research\plantvillage\Tomato_Septoria_leaf_spot\c38a2c2c-8f40-4a27-83a7-c6848639fb73___Keller.St_CG 1954.JPG,256,256,1.0,127.27732849121094,32.58283615112305,5202.4599609375,6.917429098605645,127.30696105957031,129.2555389404297,117.01353454589844
PlantVillage Internal,D:\Tomato_Disease_Research\plantvillage\Tomato_Septoria_leaf_spot\c63e9550-1dd7-4286-ac93-d2b356018bfd___Keller.St_CG 2008.JPG,256,256,1.0,115.62886810302734,16.77884292602539,988.0584716796875,5.973691359757715,113.88789367675781,116.07901000976562,117.87724304199219
PlantVillage Internal,D:\Tomato_Disease_Research\plantvillage\Tomato_Septoria_leaf_spot\c6cdcab7-12bb-48e1-9434-377ef63eb24f___JR_Sept.L.S 8446.JPG,256,256,1.0,131.14837646484375,35.49677276611328,5822.1240234375,6.971790732264353,137.9278564453125,129.98184204101562,119.37367248535156
PlantVillage Internal,D:\Tomato_Disease_Research\plantvillage\Tomato_Septoria_leaf_spot\c74cbe7c-6d5c-4e12-84b9-0856682498da___Matt.S_CG 6850.JPG,256,256,1.0,132.5107421875,38.728843688964844,5968.2685546875,7.055150841326002,140.61990356445312,133.44140625,106.44993591308594
PlantVillage Internal,D:\Tomato_Disease_Research\plantvillage\Tomato_Septoria_leaf_spot\c7ce1816-e41a-433b-9fd5-e933d0253d69___JR_Sept.L.S 2662.JPG,256,256,1.0,132.31759643554688,45.47944259643555,5108.12939453125,7.07453269248726,130.69091796875,133.006591796875,133.03627014160156
PlantVillage Internal,D:\Tomato_Disease_Research\plantvillage\Tomato_Septoria_leaf_spot\c9cc01b8-20f0-4556-9c62-21d2eead2ed1___JR_Sept.L.S 8423.JPG,256,256,1.0,122.23991394042969,46.6462287902832,6169.1376953125,7.274498040342821,125.06431579589844,122.80989074707031,111.89718627929688
PlantVillage Internal,D:\Tomato_Disease_Research\plantvillage\Tomato_Septoria_leaf_spot\ca44932f-3eb4-4a00-8cdd-33a9f715b171___JR_Sept.L.S 2710.JPG,256,256,1.0,130.22735595703125,41.52630615234375,3358.2998046875,6.876665956449546,128.22386169433594,130.2156982421875,135.5421600341797
PlantVillage Internal,D:\Tomato_Disease_Research\plantvillage\Tomato_Septoria_leaf_spot\ca8da8d9-ca5f-41fa-a759-c82aa369f253___Matt.S_CG 1500.JPG,256,256,1.0,177.08065795898438,38.214813232421875,6642.3466796875,7.037727365698272,178.96890258789062,181.34503173828125,150.17039489746094
PlantVillage Internal,D:\Tomato_Disease_Research\plantvillage\Tomato_Septoria_leaf_spot\caa74798-7dab-43f3-8ed0-f53d79cb31db___JR_Sept.L.S 8397.JPG,256,256,1.0,124.14039611816406,52.661842346191406,5908.7119140625,7.417721306589252,125.20162963867188,126.77432250976562,107.79461669921875
PlantVillage Internal,D:\Tomato_Disease_Research\plantvillage\Tomato_Septoria_leaf_spot\cbf33493-c9d7-486c-90c7-0e1117aec294___Matt.S_CG 7472.JPG,256,256,1.0,133.33392333984375,46.285221099853516,13617.6025390625,7.40498827094459,128.36170959472656,137.93235778808594,122.69711303710938
PlantVillage Internal,D:\Tomato_Disease_Research\plantvillage\Tomato_Septoria_leaf_spot\cd2cd0c6-bf72-4bfb-9647-58f5358638d4___Matt.S_CG 6020.JPG,256,256,1.0,175.08541870117188,26.53277587890625,1802.591064453125,6.5697840162044585,178.49374389648438,174.5958251953125,168.66702270507812
PlantVillage Internal,D:\Tomato_Disease_Research\plantvillage\Tomato_Septoria_leaf_spot\cda009cd-6374-4de5-af6c-de0b1bf35758___Keller.St_CG 1969.JPG,256,256,1.0,140.985107421875,33.41218185424805,3148.944091796875,6.826580468739142,144.7484130859375,142.28915405273438,124.4000244140625
PlantVillage Internal,D:\Tomato_Disease_Research\plantvillage\Tomato_Septoria_leaf_spot\cded6e08-aa66-43bc-a190-3d83a229b273___Matt.S_CG 1564.JPG,256,256,1.0,148.746337890625,40.42521286010742,5235.74365234375,7.1445539829520595,150.71080017089844,150.33444213867188,135.41661071777344
PlantVillage Internal,D:\Tomato_Disease_Research\plantvillage\Tomato_Septoria_leaf_spot\cee2bd4d-a256-46c7-98bf-1a9a19176a4c___Matt.S_CG 7749.JPG,256,256,1.0,132.1485595703125,36.6408576965332,2772.33544921875,7.10901375904276,126.41331481933594,136.26171875,126.01174926757812
PlantVillage Internal,D:\Tomato_Disease_Research\plantvillage\Tomato_Septoria_leaf_spot\cfc1a407-d586-4756-8c06-a03e354f99c4___Matt.S_CG 0804.JPG,256,256,1.0,115.69236755371094,21.17058753967285,984.578857421875,6.380123741225019,124.64778137207031,117.12461853027344,84.82933044433594
PlantVillage Internal,D:\Tomato_Disease_Research\plantvillage\Tomato_Septoria_leaf_spot\d2855259-5c5b-42b9-9357-67ac58d21d44___Matt.S_CG 7614.JPG,256,256,1.0,126.40177917480469,50.08632278442383,6711.48095703125,7.504762581603282,125.9140625,130.35287475585938,107.33633422851562
PlantVillage Internal,D:\Tomato_Disease_Research\plantvillage\Tomato_Septoria_leaf_spot\d42bee1e-15b3-4351-a2cb-1e062359e011___Keller.St_CG 1849.JPG,256,256,1.0,110.63587951660156,27.056821823120117,455.1470947265625,6.69863117172362,113.16641235351562,110.22801208496094,106.098876953125
PlantVillage Internal,D:\Tomato_Disease_Research\plantvillage\Tomato_Septoria_leaf_spot\d535908b-c781-41c5-9afc-b7aa0358d466___JR_Sept.L.S 8389.JPG,256,256,1.0,114.17628479003906,42.89476013183594,3747.9560546875,6.906305660192898,119.35079956054688,112.62188720703125,108.60823059082031
PlantVillage Internal,D:\Tomato_Disease_Research\plantvillage\Tomato_Septoria_leaf_spot\d5374042-be67-428a-9ba3-ce2399f8b9d4___JR_Sept.L.S 2533.JPG,256,256,1.0,130.6278839111328,36.68584442138672,4071.83837890625,6.781103307128574,127.4241943359375,131.8571014404297,132.70108032226562
PlantVillage Internal,D:\Tomato_Disease_Research\plantvillage\Tomato_Septoria_leaf_spot\d5aea5fd-511a-4b5a-92d5-b4063c2c9615___Matt.S_CG 0669.JPG,256,256,1.0,117.21601867675781,32.525630950927734,466.6584167480469,6.761083051699128,112.57257080078125,121.50146484375,107.32856750488281
PlantVillage Internal,D:\Tomato_Disease_Research\plantvillage\Tomato_Septoria_leaf_spot\d5daea6b-a0cf-4a40-9cef-3cb43c63f6a9___Matt.S_CG 7776.JPG,256,256,1.0,148.52102661132812,44.71993637084961,6524.15625,7.260301113689137,150.56866455078125,149.9955596923828,135.5579071044922
PlantVillage Internal,D:\Tomato_Disease_Research\plantvillage\Tomato_Septoria_leaf_spot\d5e0bb6d-149c-4750-b7ed-8d92cd419720___Matt.S_CG 7688.JPG,256,256,1.0,134.90243530273438,51.60342025756836,7228.318359375,7.540275399669159,129.2345428466797,139.87423706054688,124.16789245605469
PlantVillage Internal,D:\Tomato_Disease_Research\plantvillage\Tomato_Septoria_leaf_spot\d67b224c-b089-430d-b185-dfae7b7a5a9e___Keller.St_CG 1950.JPG,256,256,1.0,116.65899658203125,23.45570182800293,2007.292724609375,6.2880310645178525,117.71646118164062,117.64346313476562,108.81634521484375
PlantVillage Internal,D:\Tomato_Disease_Research\plantvillage\Tomato_Septoria_leaf_spot\d7faf499-18df-4481-8d07-3d7168c83022___Matt.S_CG 7785.JPG,256,256,1.0,142.89051818847656,44.32152557373047,7273.296875,7.360075752162669,143.58888244628906,147.46728515625,117.49249267578125
PlantVillage Internal,D:\Tomato_Disease_Research\plantvillage\Tomato_Septoria_leaf_spot\d960a283-31c7-48d2-8147-8d5247829a33___Matt.S_CG 1669.JPG,256,256,1.0,150.3316650390625,43.57892608642578,8193.751953125,7.267248121284794,155.02316284179688,150.76498413085938,135.79554748535156
PlantVillage Internal,D:\Tomato_Disease_Research\plantvillage\Tomato_Septoria_leaf_spot\d96cbe0b-3d16-4e41-903a-5bb493052682___Matt.S_CG 6166.JPG,256,256,1.0,147.19830322265625,23.18004608154297,1584.52587890625,6.514423126601834,148.4678192138672,149.07757568359375,134.19198608398438
PlantVillage Internal,D:\Tomato_Disease_Research\plantvillage\Tomato_Septoria_leaf_spot\da4d940c-2a77-481b-8693-167632534fc8___Matt.S_CG 0858.JPG,256,256,1.0,117.42744445800781,20.774032592773438,971.2276611328125,6.4162540926623635,115.89866638183594,121.46986389160156,100.62223815917969
PlantVillage Internal,D:\Tomato_Disease_Research\plantvillage\Tomato_Septoria_leaf_spot\da74ea57-f6f1-4adb-8bcd-1a72c3f91bcf___Matt.S_CG 0920.JPG,256,256,1.0,124.20447540283203,36.74906539916992,1312.090087890625,6.883586058210127,118.24647521972656,130.089599609375,109.52793884277344
PlantVillage Internal,D:\Tomato_Disease_Research\plantvillage\Tomato_Septoria_leaf_spot\db3eb90c-cdbe-42d5-8822-5ed9cbda10fa___Matt.S_CG 1455.JPG,256,256,1.0,122.05203247070312,40.09756088256836,4168.203125,7.07480842201624,117.25450134277344,125.531494140625,116.71890258789062
PlantVillage Internal,D:\Tomato_Disease_Research\plantvillage\Tomato_Septoria_leaf_spot\dc98cddf-6178-4199-8e81-d5e3987f67b6___Matt.S_CG 6335.JPG,256,256,1.0,163.257568359375,24.710065841674805,1152.5191650390625,6.571034298343064,163.26490783691406,168.43942260742188,136.55633544921875
PlantVillage Internal,D:\Tomato_Disease_Research\plantvillage\Tomato_Septoria_leaf_spot\dd73a3ba-e442-467d-9a20-16e77429efc7___JR_Sept.L.S 2703.JPG,256,256,1.0,133.68966674804688,45.35044860839844,3892.42236328125,6.889898509856378,132.20713806152344,132.48336791992188,143.78945922851562
PlantVillage Internal,D:\Tomato_Disease_Research\plantvillage\Tomato_Septoria_leaf_spot\ddfdde4a-c701-4b73-9eb2-839e3e7e6cb1___JR_Sept.L.S 2500.JPG,256,256,1.0,121.05729675292969,52.57857131958008,5802.3515625,7.332194345859394,116.79803466796875,122.80950927734375,123.20610046386719
PlantVillage Internal,D:\Tomato_Disease_Research\plantvillage\Tomato_Septoria_leaf_spot\de5db2f2-c55f-4f1f-9d7e-2c9bf41b1abb___Matt.S_CG 0782.JPG,256,256,1.0,118.94039916992188,27.66839599609375,835.70703125,6.586985229237043,111.06430053710938,125.44717407226562,106.09368896484375
PlantVillage Internal,D:\Tomato_Disease_Research\plantvillage\Tomato_Septoria_leaf_spot\e09ba1ab-7952-4b09-a886-0025c4536d7c___Keller.St_CG 1936.JPG,256,256,1.0,130.433349609375,33.002750396728516,3570.52490234375,6.710557515133966,136.23272705078125,128.78392028808594,123.71591186523438
PlantVillage Internal,D:\Tomato_Disease_Research\plantvillage\Tomato_Septoria_leaf_spot\e26e353d-f3fa-4e2a-912e-8caabba7f900___Matt.S_CG 0744.JPG,256,256,1.0,114.83087158203125,31.819992065429688,1692.76953125,6.806552945489921,116.08413696289062,117.92965698242188,95.58775329589844
PlantVillage Internal,D:\Tomato_Disease_Research\plantvillage\Tomato_Septoria_leaf_spot\e38651f1-8c9d-41bf-85b8-439272ee46ab___Matt.S_CG 1393.JPG,256,256,1.0,109.12686157226562,31.853450775146484,2644.5546875,6.930908095989288,103.37008666992188,114.08990478515625,98.67048645019531
PlantVillage Internal,D:\Tomato_Disease_Research\plantvillage\Tomato_Septoria_leaf_spot\e3e93337-16ba-48d2-b748-ff4a76777cc0___Matt.S_CG 6064.JPG,256,256,1.0,168.35922241210938,23.911697387695312,1443.65478515625,6.437256054153244,171.52362060546875,170.5720672607422,148.6652069091797
PlantVillage Internal,D:\Tomato_Disease_Research\plantvillage\Tomato_Septoria_leaf_spot\e479d798-59a4-4ee7-ac68-730316ec65c1___Keller.St_CG 1776.JPG,256,256,1.0,112.99392700195312,19.484256744384766,737.26416015625,6.116435402785515,115.21086120605469,112.34014892578125,110.54568481445312
PlantVillage Internal,D:\Tomato_Disease_Research\plantvillage\Tomato_Septoria_leaf_spot\ea5c98f5-2df4-4018-a538-cefa58bec252___Keller.St_CG 1819.JPG,256,256,1.0,120.92499542236328,22.882814407348633,2181.022705078125,6.424378768066261,124.66053771972656,120.51522827148438,113.23725891113281
PlantVillage Internal,D:\Tomato_Disease_Research\plantvillage\Tomato_Septoria_leaf_spot\eb26346a-ab63-4741-aad4-c84c36d17d5e___JR_Sept.L.S 8440.JPG,256,256,1.0,167.08163452148438,37.1855583190918,3677.69677734375,6.756046620522432,172.3155059814453,166.3533477783203,157.104248046875
PlantVillage Internal,D:\Tomato_Disease_Research\plantvillage\Tomato_Septoria_leaf_spot\eb6133d1-f0d9-4529-8949-c60b1deb5585___JR_Sept.L.S 8396.JPG,256,256,1.0,120.8140869140625,50.75164031982422,5869.3779296875,7.354885391501067,122.26957702636719,122.91143798828125,106.19715881347656
PlantVillage Internal,D:\Tomato_Disease_Research\plantvillage\Tomato_Septoria_leaf_spot\ebd34116-314f-43f8-a146-6eb1777a44e6___Matt.S_CG 2543.JPG,256,256,1.0,120.21694946289062,38.2129020690918,8002.47509765625,7.2090265471560855,117.69230651855469,124.9310302734375,102.56524658203125
PlantVillage Internal,D:\Tomato_Disease_Research\plantvillage\Tomato_Septoria_leaf_spot\ee87e5d3-617f-4530-98ec-18a8ed9ee425___Keller.St_CG 1998.JPG,256,256,1.0,106.38972473144531,26.58678436279297,1120.3553466796875,6.73548104884385,110.15969848632812,105.9013671875,99.0164794921875
PlantVillage Internal,D:\Tomato_Disease_Research\plantvillage\Tomato_Septoria_leaf_spot\eee7ded5-b391-41df-b31d-71e663d03cb9___JR_Sept.L.S 2622.JPG,256,256,1.0,124.74464416503906,40.745052337646484,3880.461669921875,7.146238104561605,118.62318420410156,128.88302612304688,119.49099731445312
PlantVillage Internal,D:\Tomato_Disease_Research\plantvillage\Tomato_Septoria_leaf_spot\ef3dc681-0b48-4453-aa1f-1f898b86df8c___Keller.St_CG 1958.JPG,256,256,1.0,103.360107421875,29.634368896484375,875.857666015625,6.744886069615599,107.62333679199219,102.26203918457031,97.83253479003906
PlantVillage Internal,D:\Tomato_Disease_Research\plantvillage\Tomato_Septoria_leaf_spot\f1c96393-8760-48a8-a8ba-1fa6e417433c___Keller.St_CG 1921.JPG,256,256,1.0,118.82115936279297,24.381406784057617,683.4267578125,6.440166970838549,124.11018371582031,118.99142456054688,104.07234191894531
PlantVillage Internal,D:\Tomato_Disease_Research\plantvillage\Tomato_Septoria_leaf_spot\f25949bd-2509-489a-922d-e3cba060b02d___Matt.S_CG 6438.JPG,256,256,1.0,167.9114227294922,30.996206283569336,1691.2235107421875,6.889037780536571,166.7349853515625,172.5839385986328,146.93768310546875
PlantVillage Internal,D:\Tomato_Disease_Research\plantvillage\Tomato_Septoria_leaf_spot\f313bc43-c255-4921-acf9-335322107c45___Keller.St_CG 1864.JPG,256,256,1.0,110.23515319824219,30.155078887939453,1146.6015625,6.89795349061683,107.93095397949219,110.18385314941406,116.54277038574219
PlantVillage Internal,D:\Tomato_Disease_Research\plantvillage\Tomato_Septoria_leaf_spot\f533a72b-0110-4520-9a41-cb6ea1419f5e___Keller.St_CG 1881.JPG,256,256,1.0,114.70767211914062,28.712278366088867,3411.24853515625,6.868432695630544,116.81784057617188,115.74757385253906,103.81855773925781
PlantVillage Internal,D:\Tomato_Disease_Research\plantvillage\Tomato_Septoria_leaf_spot\f692e788-e802-4065-af42-4b3a62e50fce___Matt.S_CG 2426.JPG,256,256,1.0,121.72505187988281,31.370590209960938,4834.0107421875,6.909849949906654,118.47998046875,126.26321411132812,106.86874389648438
PlantVillage Internal,D:\Tomato_Disease_Research\plantvillage\Tomato_Septoria_leaf_spot\f7c80186-a4f8-4c18-af38-106b81f23bbd___Matt.S_CG 7658.JPG,256,256,1.0,143.0657196044922,51.12776184082031,6778.57568359375,7.462266292152508,141.2855224609375,145.91204833984375,133.07875061035156
PlantVillage Internal,D:\Tomato_Disease_Research\plantvillage\Tomato_Septoria_leaf_spot\f848dd07-4247-4135-a442-91dde43ae49c___Keller.St_CG 2022.JPG,256,256,1.0,113.86756896972656,22.98311424255371,1965.8204345703125,6.41069644984508,112.97482299804688,114.48855590820312,113.01148986816406
PlantVillage Internal,D:\Tomato_Disease_Research\plantvillage\Tomato_Septoria_leaf_spot\f89c062b-b2ea-4bfc-846f-dc0096b72822___Matt.S_CG 7537.JPG,256,256,1.0,135.44732666015625,47.92768859863281,8608.9443359375,7.315472271264411,132.69972229003906,138.11032104492188,128.9416961669922
PlantVillage Internal,D:\Tomato_Disease_Research\plantvillage\Tomato_Septoria_leaf_spot\f908f130-1a88-49da-9f6a-0cb7312da739___JR_Sept.L.S 2460.JPG,256,256,1.0,126.12263488769531,57.13266372680664,3577.258544921875,7.166112687987425,122.44017028808594,127.54292297363281,128.46775817871094
PlantVillage Internal,D:\Tomato_Disease_Research\plantvillage\Tomato_Septoria_leaf_spot\fac48215-87c9-4e61-a64e-e6dd868ebc19___Matt.S_CG 7714.JPG,256,256,1.0,118.98692321777344,45.905738830566406,9065.0224609375,7.518855865094578,112.68171691894531,124.51953125,107.03622436523438
PlantVillage Internal,D:\Tomato_Disease_Research\plantvillage\Tomato_Septoria_leaf_spot\fbbb5586-8b52-4701-9655-3748510df6f8___JR_Sept.L.S 2534.JPG,256,256,1.0,107.01778411865234,44.17710876464844,14756.0537109375,7.418928459662449,104.79545593261719,108.66802978515625,104.3492431640625
PlantVillage Internal,D:\Tomato_Disease_Research\plantvillage\Tomato_Septoria_leaf_spot\fd042aff-4c10-4a6d-880f-cef50afd03b6___Keller.St_CG 1970.JPG,256,256,1.0,119.58172607421875,31.83816909790039,2427.173095703125,6.721915842365981,123.876708984375,120.33799743652344,104.42271423339844
PlantVillage Internal,D:\Tomato_Disease_Research\plantvillage\Tomato_Septoria_leaf_spot\fd30e236-3bab-4e92-a345-faccaa5d1089___Matt.S_CG 1547.JPG,256,256,1.0,134.9041748046875,37.15071105957031,6379.74951171875,7.030051460320971,136.26956176757812,136.05239868164062,125.41067504882812
PlantVillage Internal,D:\Tomato_Disease_Research\plantvillage\Tomato_Septoria_leaf_spot\ff38c095-8835-41e6-871d-dd81861f5292___JR_Sept.L.S 2557.JPG,256,256,1.0,113.35910034179688,43.6637077331543,10057.7421875,7.193009475018112,108.23970031738281,117.93260192871094,103.23677062988281
PlantVillage Internal,D:\Tomato_Disease_Research\plantvillage\Tomato_Septoria_leaf_spot\ffd3c6f3-17d3-45f1-a599-2623e111ec71___Matt.S_CG 6493.JPG,256,256,1.0,163.39608764648438,32.740081787109375,935.5130004882812,6.869328226800193,159.9617462158203,168.90695190429688,144.02757263183594
PlantVillage Internal,D:\Tomato_Disease_Research\plantvillage\Tomato_Spider_mites_Two_spotted_spider_mite\00fa99e8-2605-4d72-be69-98277587d84b___Com.G_SpM_FL 1453.JPG,256,256,1.0,126.79214477539062,41.7259521484375,6222.654296875,7.272143250895534,128.85792541503906,127.37150573730469,118.3907470703125
PlantVillage Internal,D:\Tomato_Disease_Research\plantvillage\Tomato_Spider_mites_Two_spotted_spider_mite\0211efc9-5409-43a7-a46b-a87d46f23fc3___Com.G_SpM_FL 9646.JPG,256,256,1.0,127.56808471679688,32.151832580566406,4749.09375,6.909493487934399,131.7125244140625,126.43150329589844,122.55035400390625
PlantVillage Internal,D:\Tomato_Disease_Research\plantvillage\Tomato_Spider_mites_Two_spotted_spider_mite\0247236f-c1ae-4b3f-92b3-9077fe5cb3c3___Com.G_SpM_FL 8505.JPG,256,256,1.0,102.29386138916016,53.44339370727539,4885.5654296875,7.4087296012379795,106.23231506347656,103.14503479003906,87.58126831054688
PlantVillage Internal,D:\Tomato_Disease_Research\plantvillage\Tomato_Spider_mites_Two_spotted_spider_mite\02c791ab-ffc3-40d4-9b42-db946eee2413___Com.G_SpM_FL 1640.JPG,256,256,1.0,120.96763610839844,48.44982147216797,8366.31640625,7.444188965574018,121.23371887207031,123.02348327636719,109.68385314941406
PlantVillage Internal,D:\Tomato_Disease_Research\plantvillage\Tomato_Spider_mites_Two_spotted_spider_mite\03882a7e-b80a-4c12-b4bb-5d03c88a8c4b___Com.G_SpM_FL 8730.JPG,256,256,1.0,111.4420394897461,54.74997329711914,6626.2060546875,7.478829571522,115.3929443359375,111.65945434570312,99.96005249023438
PlantVillage Internal,D:\Tomato_Disease_Research\plantvillage\Tomato_Spider_mites_Two_spotted_spider_mite\04a5f541-9202-4475-b5a0-01c14543f211___Com.G_SpM_FL 8534.JPG,256,256,1.0,108.705810546875,38.432518005371094,3208.591064453125,7.146248659636457,109.96136474609375,109.1134033203125,103.31394958496094
PlantVillage Internal,D:\Tomato_Disease_Research\plantvillage\Tomato_Spider_mites_Two_spotted_spider_mite\053c2c95-1110-4d4e-98d1-e189858deb3f___Com.G_SpM_FL 8449.JPG,256,256,1.0,160.12969970703125,49.492393493652344,5208.65087890625,7.383805088317495,162.7664794921875,162.0323486328125,143.41705322265625
PlantVillage Internal,D:\Tomato_Disease_Research\plantvillage\Tomato_Spider_mites_Two_spotted_spider_mite\057ecdbe-a9f1-47ff-8c5e-17ae92ff5670___Com.G_SpM_FL 8427.JPG,256,256,1.0,113.0125961303711,43.07631301879883,3387.181884765625,7.121359620099265,119.4248046875,112.9588623046875,96.47134399414062
PlantVillage Internal,D:\Tomato_Disease_Research\plantvillage\Tomato_Spider_mites_Two_spotted_spider_mite\072a0bb6-de84-4200-8393-9e5b28868a23___Com.G_SpM_FL 1412.JPG,256,256,1.0,125.73811340332031,41.78720474243164,6848.6103515625,7.308535081452017,127.4537353515625,127.10272216796875,114.21185302734375
PlantVillage Internal,D:\Tomato_Disease_Research\plantvillage\Tomato_Spider_mites_Two_spotted_spider_mite\08672d79-7f11-4900-9e12-aad35778f463___Com.G_SpM_FL 8753.JPG,256,256,1.0,103.13114929199219,60.266746520996094,6970.0009765625,7.4803495143091325,107.05351257324219,103.50132751464844,90.9375
PlantVillage Internal,D:\Tomato_Disease_Research\plantvillage\Tomato_Spider_mites_Two_spotted_spider_mite\08f0fd0e-d4b1-400d-9df1-2d61d24c95f0___Com.G_SpM_FL 9397.JPG,256,256,1.0,115.83633422851562,36.3703727722168,2840.376220703125,7.094461398501857,117.11177062988281,115.37960815429688,114.84288024902344
PlantVillage Internal,D:\Tomato_Disease_Research\plantvillage\Tomato_Spider_mites_Two_spotted_spider_mite\0b17e71c-fee6-4b5e-9a7d-8ba44d29215f___Com.G_SpM_FL 8549.JPG,256,256,1.0,116.3523941040039,57.07297134399414,5906.60205078125,7.635149480007531,117.81205749511719,117.29281616210938,107.68167114257812
PlantVillage Internal,D:\Tomato_Disease_Research\plantvillage\Tomato_Spider_mites_Two_spotted_spider_mite\0bc5e91c-637e-4a44-a44d-3ee6c941bb96___Com.G_SpM_FL 1592.JPG,256,256,1.0,138.98606872558594,44.78323745727539,5933.02978515625,7.443862940451895,142.72689819335938,138.41001892089844,132.14077758789062
PlantVillage Internal,D:\Tomato_Disease_Research\plantvillage\Tomato_Spider_mites_Two_spotted_spider_mite\0c2e84df-4d41-46f6-9cf9-05aea349ce18___Com.G_SpM_FL 1142.JPG,256,256,1.0,120.50090789794922,48.655364990234375,7179.5224609375,7.400747609921741,119.23117065429688,122.64566040039062,112.78756713867188
PlantVillage Internal,D:\Tomato_Disease_Research\plantvillage\Tomato_Spider_mites_Two_spotted_spider_mite\0d831ad9-bc2a-4168-bbf2-6030f3f886f2___Com.G_SpM_FL 9419.JPG,256,256,1.0,114.03178405761719,32.3723258972168,2618.77197265625,6.921731956017204,115.55113220214844,113.64971923828125,112.01405334472656
PlantVillage Internal,D:\Tomato_Disease_Research\plantvillage\Tomato_Spider_mites_Two_spotted_spider_mite\0e0d9560-41ee-45cf-8bea-8cddfdc04979___Com.G_SpM_FL 1159.JPG,256,256,1.0,136.4755401611328,44.83414840698242,10912.3359375,7.454543841421788,139.66824340820312,137.0952911376953,124.91050720214844
PlantVillage Internal,D:\Tomato_Disease_Research\plantvillage\Tomato_Spider_mites_Two_spotted_spider_mite\0e20026b-8b12-4c86-bd41-3e10ea0fae44___Com.G_SpM_FL 1668.JPG,256,256,1.0,123.32293701171875,39.66096115112305,7697.23046875,7.259495308407526,125.19439697265625,125.25059509277344,108.48869323730469
PlantVillage Internal,D:\Tomato_Disease_Research\plantvillage\Tomato_Spider_mites_Two_spotted_spider_mite\0f514b75-2c74-4075-b9c7-5d469ab292ba___Com.G_SpM_FL 1205.JPG,256,256,1.0,129.5662841796875,48.747650146484375,8994.560546875,7.435980169376743,133.0601806640625,129.6636962890625,119.90093994140625
PlantVillage Internal,D:\Tomato_Disease_Research\plantvillage\Tomato_Spider_mites_Two_spotted_spider_mite\1001f133-ff3e-48de-b288-5a3802d9f3e1___Com.G_SpM_FL 8621.JPG,256,256,1.0,121.08518981933594,52.2749137878418,4492.3291015625,7.477250206278304,126.02272033691406,121.24673461914062,107.30320739746094
PlantVillage Internal,D:\Tomato_Disease_Research\plantvillage\Tomato_Spider_mites_Two_spotted_spider_mite\105833d3-690a-44fa-abd7-0a8c6245f7b0___Com.G_SpM_FL 1277.JPG,256,256,1.0,132.35494995117188,43.75370788574219,6636.69189453125,7.307041474332563,132.51832580566406,133.3568878173828,126.76730346679688
PlantVillage Internal,D:\Tomato_Disease_Research\plantvillage\Tomato_Spider_mites_Two_spotted_spider_mite\127da090-f2c3-4634-a798-58aeef092d77___Com.G_SpM_FL 1218.JPG,256,256,1.0,113.65571594238281,36.25615692138672,2620.949951171875,7.140933946783445,111.68144226074219,114.00898742675781,117.01483154296875
PlantVillage Internal,D:\Tomato_Disease_Research\plantvillage\Tomato_Spider_mites_Two_spotted_spider_mite\14c0db1b-b549-4b15-82ae-9f88fe857365___Com.G_SpM_FL 9650.JPG,256,256,1.0,126.5312271118164,37.820960998535156,5294.38525390625,7.19434159216153,127.31401062011719,128.04705810546875,116.67294311523438
PlantVillage Internal,D:\Tomato_Disease_Research\plantvillage\Tomato_Spider_mites_Two_spotted_spider_mite\159ef3ee-ef23-4df6-b3bc-a7a8bc01aaa0___Com.G_SpM_FL 8921.JPG,256,256,1.0,102.49349975585938,47.719608306884766,9470.337890625,7.341691100131319,113.77229309082031,100.81010437011719,81.57943725585938
PlantVillage Internal,D:\Tomato_Disease_Research\plantvillage\Tomato_Spider_mites_Two_spotted_spider_mite\16826b8c-034f-4db2-bd96-db82b5b26c67___Com.G_SpM_FL 1551.JPG,256,256,1.0,114.32654571533203,46.7503776550293,9933.7099609375,7.392853431751676,116.28056335449219,115.4129638671875,103.60739135742188
PlantVillage Internal,D:\Tomato_Disease_Research\plantvillage\Tomato_Spider_mites_Two_spotted_spider_mite\16ce6128-f485-4bbf-9cf5-8cab2e872dbe___Com.G_SpM_FL 9342.JPG,256,256,1.0,125.47750854492188,41.17333984375,4044.341552734375,7.112031807432751,130.1075439453125,125.396728515625,113.74980163574219
PlantVillage Internal,D:\Tomato_Disease_Research\plantvillage\Tomato_Spider_mites_Two_spotted_spider_mite\1744606c-1817-494d-bb7c-6ea74c9f07ec___Com.G_SpM_FL 8770.JPG,256,256,1.0,118.20096588134766,49.43226623535156,6506.45751953125,7.4288343863706015,125.26339721679688,118.170166015625,99.83622741699219
PlantVillage Internal,D:\Tomato_Disease_Research\plantvillage\Tomato_Spider_mites_Two_spotted_spider_mite\1747e771-a2c7-43e0-a158-02a78ec13d74___Com.G_SpM_FL 9625.JPG,256,256,1.0,121.05567932128906,35.127532958984375,4238.8349609375,7.044560368553956,122.27536010742188,121.86109924316406,113.70945739746094
PlantVillage Internal,D:\Tomato_Disease_Research\plantvillage\Tomato_Spider_mites_Two_spotted_spider_mite\1767a6b2-2764-49a1-b774-3c411337bb63___Com.G_SpM_FL 1201.JPG,256,256,1.0,129.48959350585938,47.4699821472168,11080.48046875,7.505492358864261,131.56826782226562,129.73291015625,122.78471374511719
PlantVillage Internal,D:\Tomato_Disease_Research\plantvillage\Tomato_Spider_mites_Two_spotted_spider_mite\187be065-ec6f-4e93-a647-e7385dca9272___Com.G_SpM_FL 9305.JPG,256,256,1.0,121.75344848632812,43.21074295043945,4881.216796875,7.400177595871265,125.39772033691406,122.18836975097656,109.955810546875
PlantVillage Internal,D:\Tomato_Disease_Research\plantvillage\Tomato_Spider_mites_Two_spotted_spider_mite\1948cb2f-39fc-44f4-ab8c-00aa77fbe07f___Com.G_SpM_FL 8674.JPG,256,256,1.0,116.04654693603516,48.27779769897461,6296.0908203125,7.496046484181144,123.48507690429688,115.44329833984375,99.64295959472656
PlantVillage Internal,D:\Tomato_Disease_Research\plantvillage\Tomato_Spider_mites_Two_spotted_spider_mite\1954b3c0-6f93-40ee-9618-4efafe5d7b87___Com.G_SpM_FL 8961.JPG,256,256,1.0,108.95829772949219,42.798072814941406,10463.6455078125,7.294381471389057,122.31051635742188,105.67318725585938,90.85350036621094
PlantVillage Internal,D:\Tomato_Disease_Research\plantvillage\Tomato_Spider_mites_Two_spotted_spider_mite\1b184d8e-69bf-4af8-bdb5-22f477d587c0___Com.G_SpM_FL 8993.JPG,256,256,1.0,103.03821563720703,45.526824951171875,7939.92333984375,7.30697146791541,113.27384948730469,101.76249694824219,82.760986328125
PlantVillage Internal,D:\Tomato_Disease_Research\plantvillage\Tomato_Spider_mites_Two_spotted_spider_mite\1b9607e3-1eec-4a0f-876b-f7923515b7e6___Com.G_SpM_FL 9288.JPG,256,256,1.0,128.2196807861328,51.92266845703125,5052.96484375,7.495773021393493,131.7808074951172,128.4650115966797,117.61628723144531
PlantVillage Internal,D:\Tomato_Disease_Research\plantvillage\Tomato_Spider_mites_Two_spotted_spider_mite\1d7350c2-9ca5-42c8-89bd-6c6f94dd6459___Com.G_SpM_FL 8803.JPG,256,256,1.0,111.50437927246094,48.24357223510742,9418.966796875,7.4304336818367425,120.10209655761719,110.86198425292969,92.26199340820312
PlantVillage Internal,D:\Tomato_Disease_Research\plantvillage\Tomato_Spider_mites_Two_spotted_spider_mite\1d7bff81-b441-4f32-8cc0-85dd50b79cf3___Com.G_SpM_FL 1443.JPG,256,256,1.0,113.52024841308594,49.3845329284668,6661.00341796875,7.418178050297113,113.93971252441406,115.8070068359375,100.64530944824219
PlantVillage Internal,D:\Tomato_Disease_Research\plantvillage\Tomato_Spider_mites_Two_spotted_spider_mite\1e06dafa-f977-4354-992e-3271f34a2344___Com.G_SpM_FL 9601.JPG,256,256,1.0,112.97660827636719,39.691837310791016,3776.15478515625,7.220854200233935,113.42948913574219,114.38008117675781,104.5621337890625
PlantVillage Internal,D:\Tomato_Disease_Research\plantvillage\Tomato_Spider_mites_Two_spotted_spider_mite\207097b4-b76a-41dc-b80f-db4f2c9f2616___Com.G_SpM_FL 1408.JPG,256,256,1.0,128.30679321289062,48.50412368774414,7420.0224609375,7.455967726643788,129.2701416015625,129.62738037109375,118.98031616210938
PlantVillage Internal,D:\Tomato_Disease_Research\plantvillage\Tomato_Spider_mites_Two_spotted_spider_mite\20f78207-e650-4e62-8648-f660f5f1eea9___Com.G_SpM_FL 9340.JPG,256,256,1.0,118.33948516845703,40.42517852783203,3822.600830078125,7.059385278475842,121.24433898925781,119.62127685546875,104.12059020996094
PlantVillage Internal,D:\Tomato_Disease_Research\plantvillage\Tomato_Spider_mites_Two_spotted_spider_mite\22b23f84-bbc6-4089-8b83-02d62411f525___Com.G_SpM_FL 8600.JPG,256,256,1.0,126.06214141845703,46.94334411621094,5785.28857421875,7.4193032062544795,132.76181030273438,125.10751342773438,113.4056396484375
PlantVillage Internal,D:\Tomato_Disease_Research\plantvillage\Tomato_Spider_mites_Two_spotted_spider_mite\2323078c-6ad7-4135-8310-e4bc33be299d___Com.G_SpM_FL 9647.JPG,256,256,1.0,125.28515625,34.41020584106445,7015.3251953125,7.0651045929593295,128.52357482910156,124.78704833984375,119.35612487792969
PlantVillage Internal,D:\Tomato_Disease_Research\plantvillage\Tomato_Spider_mites_Two_spotted_spider_mite\2451545c-3a36-49ad-ad97-b81008d9e198___Com.G_SpM_FL 1654.JPG,256,256,1.0,122.79530334472656,46.723541259765625,7800.021484375,7.465108317958151,124.73541259765625,123.60531616210938,113.53585815429688
PlantVillage Internal,D:\Tomato_Disease_Research\plantvillage\Tomato_Spider_mites_Two_spotted_spider_mite\25025d43-973f-4f07-8a3f-0457749ea4e6___Com.G_SpM_FL 9642.JPG,256,256,1.0,121.38015747070312,31.476293563842773,6264.68408203125,6.9517751454062715,125.12715148925781,121.36836242675781,111.61326599121094
PlantVillage Internal,D:\Tomato_Disease_Research\plantvillage\Tomato_Spider_mites_Two_spotted_spider_mite\273ebba7-4f24-41a2-a825-a997dd6cea5f___Com.G_SpM_FL 1521.JPG,256,256,1.0,129.17343139648438,44.13664627075195,10288.00390625,7.453000047028864,129.96519470214844,129.99961853027344,122.84260559082031
PlantVillage Internal,D:\Tomato_Disease_Research\plantvillage\Tomato_Spider_mites_Two_spotted_spider_mite\28bf7171-b342-4e85-95f9-bef10104b93e___Com.G_SpM_FL 1652.JPG,256,256,1.0,122.93863677978516,40.93545913696289,8449.666015625,7.251287245354623,126.69996643066406,123.55638122558594,109.89250183105469
PlantVillage Internal,D:\Tomato_Disease_Research\plantvillage\Tomato_Spider_mites_Two_spotted_spider_mite\28dbca1c-1fc6-4d8f-a1b9-c81314280954___Com.G_SpM_FL 1249.JPG,256,256,1.0,121.46632385253906,52.850040435791016,10899.0234375,7.532700174508128,121.54133605957031,123.71231079101562,109.70475769042969
PlantVillage Internal,D:\Tomato_Disease_Research\plantvillage\Tomato_Spider_mites_Two_spotted_spider_mite\29be21be-a2ed-4ffd-b76a-7c078a9fc017___Com.G_SpM_FL 1446.JPG,256,256,1.0,132.93905639648438,40.89742660522461,7718.98681640625,7.296992209373583,135.98155212402344,133.5463409423828,121.83224487304688
PlantVillage Internal,D:\Tomato_Disease_Research\plantvillage\Tomato_Spider_mites_Two_spotted_spider_mite\2a70c9e6-2c2f-4355-94fb-02afc8141be5___Com.G_SpM_FL 8877.JPG,256,256,1.0,111.40463256835938,50.50130081176758,6912.67578125,7.410458267795411,121.88236999511719,109.94963073730469,91.41555786132812
PlantVillage Internal,D:\Tomato_Disease_Research\plantvillage\Tomato_Spider_mites_Two_spotted_spider_mite\2c2f7f98-8c5b-4981-bb74-f827c5f963fe___Com.G_SpM_FL 8734.JPG,256,256,1.0,114.5196533203125,44.949485778808594,6367.2138671875,7.416995536765863,121.10369873046875,114.41091918945312,97.81089782714844
PlantVillage Internal,D:\Tomato_Disease_Research\plantvillage\Tomato_Spider_mites_Two_spotted_spider_mite\2c3edf31-5e58-4122-a909-be004063db57___Com.G_SpM_FL 8839.JPG,256,256,1.0,95.48410034179688,45.809940338134766,8212.03125,7.345848693410832,102.35321044921875,95.55313110351562,77.11228942871094
PlantVillage Internal,D:\Tomato_Disease_Research\plantvillage\Tomato_Spider_mites_Two_spotted_spider_mite\2ec0c679-521d-455f-8741-067470353fe3___Com.G_SpM_FL 8795.JPG,256,256,1.0,107.108642578125,55.73563766479492,7326.595703125,7.448579482691401,113.71995544433594,107.30831909179688,88.74032592773438
PlantVillage Internal,D:\Tomato_Disease_Research\plantvillage\Tomato_Spider_mites_Two_spotted_spider_mite\3181e984-bdb0-403d-9f58-a259535cb4d4___Com.G_SpM_FL 1405.JPG,256,256,1.0,116.75462341308594,49.81948471069336,9199.9619140625,7.3390529717159865,118.94895935058594,118.0283203125,104.44084167480469
PlantVillage Internal,D:\Tomato_Disease_Research\plantvillage\Tomato_Spider_mites_Two_spotted_spider_mite\333f0683-d52f-4bb8-a7ec-1c0f07164684___Com.G_SpM_FL 1147.JPG,256,256,1.0,125.68462371826172,44.23712921142578,10633.7529296875,7.409742408318133,126.4530029296875,127.02899169921875,116.74699401855469
PlantVillage Internal,D:\Tomato_Disease_Research\plantvillage\Tomato_Spider_mites_Two_spotted_spider_mite\33f539bd-6537-4a8f-93da-8988cb092c56___Com.G_SpM_FL 1258.JPG,256,256,1.0,111.36322021484375,48.8818473815918,8271.232421875,7.405852226284599,113.1865234375,113.16792297363281,97.28842163085938
PlantVillage Internal,D:\Tomato_Disease_Research\plantvillage\Tomato_Spider_mites_Two_spotted_spider_mite\34eec178-d8fe-4a7b-a1d0-c0b107a35964___Com.G_SpM_FL 9502.JPG,256,256,1.0,115.46984100341797,28.546142578125,2869.255859375,6.761066634867933,116.4444580078125,117.15676879882812,104.22743225097656
PlantVillage Internal,D:\Tomato_Disease_Research\plantvillage\Tomato_Spider_mites_Two_spotted_spider_mite\3621f0bd-8e40-4b1b-a6d4-23651e3b2dc2___Com.G_SpM_FL 8696.JPG,256,256,1.0,121.52947998046875,47.0872688293457,5970.46875,7.432491969885796,128.5963897705078,120.7142333984375,107.19206237792969
PlantVillage Internal,D:\Tomato_Disease_Research\plantvillage\Tomato_Spider_mites_Two_spotted_spider_mite\36bc7e45-53e7-4f51-8135-731b80eaf80b___Com.G_SpM_FL 8918.JPG,256,256,1.0,116.24842071533203,40.854087829589844,8214.52734375,7.219827388584371,130.19879150390625,112.59907531738281,98.45022583007812
PlantVillage Internal,D:\Tomato_Disease_Research\plantvillage\Tomato_Spider_mites_Two_spotted_spider_mite\36c530f3-b5e1-414b-ab82-198e8d66ebab___Com.G_SpM_FL 8460.JPG,256,256,1.0,96.08900451660156,36.919708251953125,1564.6300048828125,7.084557322648564,95.58280944824219,96.39710998535156,95.83013916015625
PlantVillage Internal,D:\Tomato_Disease_Research\plantvillage\Tomato_Spider_mites_Two_spotted_spider_mite\38f3dbaa-0878-434a-ac6c-d558f6bb91a8___Com.G_SpM_FL 1206.JPG,256,256,1.0,123.94379425048828,51.151123046875,9343.04296875,7.356974392740781,127.12648010253906,124.56509399414062,112.39707946777344
PlantVillage Internal,D:\Tomato_Disease_Research\plantvillage\Tomato_Spider_mites_Two_spotted_spider_mite\3a2b3d76-060b-41c2-b6e5-44149f209b73___Com.G_SpM_FL 1321.JPG,256,256,1.0,136.63983154296875,41.98522186279297,9084.7802734375,7.320707015157987,137.90780639648438,137.57696533203125,128.4887237548828
PlantVillage Internal,D:\Tomato_Disease_Research\plantvillage\Tomato_Spider_mites_Two_spotted_spider_mite\3b90769e-82f9-4b5f-93dd-6c2666f3c952___Com.G_SpM_FL 8924.JPG,256,256,1.0,117.77516174316406,46.77554702758789,5600.7109375,7.307644316520957,128.61940002441406,116.32911682128906,96.77876281738281
PlantVillage Internal,D:\Tomato_Disease_Research\plantvillage\Tomato_Spider_mites_Two_spotted_spider_mite\3dcda958-8c55-4ef5-a7fa-f166bb69ad38___Com.G_SpM_FL 8582.JPG,256,256,1.0,115.67289733886719,44.899654388427734,6357.806640625,7.398226147798,122.47174072265625,115.00535583496094,101.27809143066406
PlantVillage Internal,D:\Tomato_Disease_Research\plantvillage\Tomato_Spider_mites_Two_spotted_spider_mite\3e8c5090-c278-4726-80db-a1d21e6c7e06___Com.G_SpM_FL 8719.JPG,256,256,1.0,104.03938293457031,53.921382904052734,8021.421875,7.356727392645999,111.61674499511719,103.42268371582031,87.34097290039062
PlantVillage Internal,D:\Tomato_Disease_Research\plantvillage\Tomato_Spider_mites_Two_spotted_spider_mite\3f364683-faa4-490f-b512-1f78010fcbe8___Com.G_SpM_FL 1164.JPG,256,256,1.0,128.1420440673828,49.58900833129883,7467.6181640625,7.32316349016613,130.10247802734375,129.58209228515625,115.58512878417969
PlantVillage Internal,D:\Tomato_Disease_Research\plantvillage\Tomato_Spider_mites_Two_spotted_spider_mite\3f3b3e8c-9b45-4f68-ae3c-a3b3a12f69a1___Com.G_SpM_FL 1679.JPG,256,256,1.0,123.20527648925781,40.205013275146484,9297.5625,7.314217001290811,125.20906066894531,124.38742065429688,111.86270141601562
PlantVillage Internal,D:\Tomato_Disease_Research\plantvillage\Tomato_Spider_mites_Two_spotted_spider_mite\3ff572ac-0f2f-494a-9c64-99ae63d318ef___Com.G_SpM_FL 1242.JPG,256,256,1.0,118.86984252929688,46.64115524291992,10970.873046875,7.453333577085471,121.79425048828125,119.66604614257812,107.09988403320312
PlantVillage Internal,D:\Tomato_Disease_Research\plantvillage\Tomato_Spider_mites_Two_spotted_spider_mite\410683ba-d91f-4494-b19c-1a39f142e54b___Com.G_SpM_FL 8556.JPG,256,256,1.0,115.8175048828125,53.57464599609375,4780.0771484375,7.502114338289131,119.93669128417969,115.98918151855469,104.12973022460938
PlantVillage Internal,D:\Tomato_Disease_Research\plantvillage\Tomato_Spider_mites_Two_spotted_spider_mite\418da11b-7ab4-404a-8179-555235e3f283___Com.G_SpM_FL 1514.JPG,256,256,1.0,121.4681167602539,38.42164611816406,9222.8173828125,7.185260280749901,123.93327331542969,123.13522338867188,106.41828918457031
PlantVillage Internal,D:\Tomato_Disease_Research\plantvillage\Tomato_Spider_mites_Two_spotted_spider_mite\41f98f75-b866-4393-8b0b-f72c008fe250___Com.G_SpM_FL 8468.JPG,256,256,1.0,114.37005615234375,47.10060119628906,3186.0751953125,7.29706766300026,117.89363098144531,113.37760925292969,110.2386474609375
PlantVillage Internal,D:\Tomato_Disease_Research\plantvillage\Tomato_Spider_mites_Two_spotted_spider_mite\4208e77f-2ca2-4a3f-ab56-89e2d4a1fb59___Com.G_SpM_FL 1745.JPG,256,256,1.0,125.81816101074219,46.1369514465332,8838.751953125,7.318052811267977,128.57818603515625,126.15029907226562,116.86892700195312
PlantVillage Internal,D:\Tomato_Disease_Research\plantvillage\Tomato_Spider_mites_Two_spotted_spider_mite\42338037-ae62-45f9-a040-ea9e900272a9___Com.G_SpM_FL 8464.JPG,256,256,1.0,101.68154907226562,35.027076721191406,2131.580322265625,7.034400674967954,102.98329162597656,101.28916931152344,100.28773498535156
PlantVillage Internal,D:\Tomato_Disease_Research\plantvillage\Tomato_Spider_mites_Two_spotted_spider_mite\42aab48c-ad58-42b6-adaa-2dc72364288a___Com.G_SpM_FL 1222.JPG,256,256,1.0,121.59439086914062,41.89369201660156,11640.44140625,7.318525772445922,126.18814086914062,122.42057800292969,105.291748046875
PlantVillage Internal,D:\Tomato_Disease_Research\plantvillage\Tomato_Spider_mites_Two_spotted_spider_mite\44051fdf-8fde-4c5a-8580-119c129b45b1___Com.G_SpM_FL 8945.JPG,256,256,1.0,102.29730987548828,52.37150573730469,7897.08984375,7.39702474134616,113.19219970703125,100.74806213378906,81.69941711425781
PlantVillage Internal,D:\Tomato_Disease_Research\plantvillage\Tomato_Spider_mites_Two_spotted_spider_mite\44276721-fa2c-44b1-a44c-bbe408bd129e___Com.G_SpM_FL 8496.JPG,256,256,1.0,128.25823974609375,46.031394958496094,4954.32568359375,7.257145632760474,133.7650909423828,127.29847717285156,118.75672912597656
PlantVillage Internal,D:\Tomato_Disease_Research\plantvillage\Tomato_Spider_mites_Two_spotted_spider_mite\447b1188-b4f6-4bc6-9d93-ab730340e2d2___Com.G_SpM_FL 1693.JPG,256,256,1.0,114.73262786865234,43.037681579589844,9392.2333984375,7.366212204894332,117.5810546875,116.06503295898438,100.40103149414062
PlantVillage Internal,D:\Tomato_Disease_Research\plantvillage\Tomato_Spider_mites_Two_spotted_spider_mite\44dce7b4-5da6-4f1f-8e5d-9e3e5df7b1af___Com.G_SpM_FL 1687.JPG,256,256,1.0,123.74810791015625,41.50400161743164,6872.7099609375,7.314654534446375,127.07994079589844,125.32614135742188,106.88386535644531
PlantVillage Internal,D:\Tomato_Disease_Research\plantvillage\Tomato_Spider_mites_Two_spotted_spider_mite\45248234-50eb-465e-a7e1-7b80140db3d3___Com.G_SpM_FL 9509.JPG,256,256,1.0,120.46915435791016,35.56464767456055,1025.791748046875,6.9074980780552195,121.00350952148438,121.13404846191406,115.64396667480469
PlantVillage Internal,D:\Tomato_Disease_Research\plantvillage\Tomato_Spider_mites_Two_spotted_spider_mite\45973ec2-c906-4cc3-8b38-59a4ae2fb381___Com.G_SpM_FL 8653.JPG,256,256,1.0,93.5229263305664,47.77827453613281,7218.55224609375,7.151747468603631,99.19781494140625,94.04814147949219,75.93438720703125
PlantVillage Internal,D:\Tomato_Disease_Research\plantvillage\Tomato_Spider_mites_Two_spotted_spider_mite\45ff7721-483b-4737-9645-db7bc14f451f___Com.G_SpM_FL 1190.JPG,256,256,1.0,124.50017547607422,42.31370162963867,10165.39453125,7.33870105488059,123.25900268554688,127.55836486816406,112.008544921875
PlantVillage Internal,D:\Tomato_Disease_Research\plantvillage\Tomato_Spider_mites_Two_spotted_spider_mite\46cc7a8f-9849-43c1-86f4-8edd643629a5___Com.G_SpM_FL 8928.JPG,256,256,1.0,113.91227722167969,45.36431884765625,7613.923828125,7.369367733084676,125.99250793457031,111.89718627929688,92.60409545898438
PlantVillage Internal,D:\Tomato_Disease_Research\plantvillage\Tomato_Spider_mites_Two_spotted_spider_mite\46e61286-24ed-4992-8d88-83ec62602374___Com.G_SpM_FL 1733.JPG,256,256,1.0,126.19465637207031,41.531654357910156,7204.78125,7.263906063694688,129.26351928710938,126.38401794433594,117.17056274414062
PlantVillage Internal,D:\Tomato_Disease_Research\plantvillage\Tomato_Spider_mites_Two_spotted_spider_mite\476ed525-ff16-4980-88e0-eb39f0fd4670___Com.G_SpM_FL 9593.JPG,256,256,1.0,122.90938568115234,34.65563201904297,6644.91796875,7.135448110629924,125.314453125,123.30621337890625,114.55802917480469
PlantVillage Internal,D:\Tomato_Disease_Research\plantvillage\Tomato_Spider_mites_Two_spotted_spider_mite\4795bf1b-66bd-43ce-9a81-a8b391cf157a___Com.G_SpM_FL 1421.JPG,256,256,1.0,129.00827026367188,44.50286102294922,7402.134765625,7.380675176033518,131.0060577392578,128.8112030029297,124.78318786621094
PlantVillage Internal,D:\Tomato_Disease_Research\plantvillage\Tomato_Spider_mites_Two_spotted_spider_mite\49d75a64-a635-4ad0-bb8d-09678e63fd02___Com.G_SpM_FL 1736.JPG,256,256,1.0,122.45526123046875,44.2817268371582,8677.9794921875,7.372399448983982,124.92190551757812,123.15672302246094,112.37380981445312
PlantVillage Internal,D:\Tomato_Disease_Research\plantvillage\Tomato_Spider_mites_Two_spotted_spider_mite\4c2524a6-1d2b-4a5a-b3f6-3e3b1dc587e9___Com.G_SpM_FL 8521.JPG,256,256,1.0,107.70594787597656,53.706092834472656,2844.01513671875,7.311068014850688,110.72297668457031,108.67294311523438,94.81364440917969
PlantVillage Internal,D:\Tomato_Disease_Research\plantvillage\Tomato_Spider_mites_Two_spotted_spider_mite\4cf2d9a3-ae18-426a-a455-526aed2167a0___Com.G_SpM_FL 1260.JPG,256,256,1.0,105.28826904296875,44.43096160888672,12894.02734375,7.349329002660641,109.58734130859375,104.69593811035156,97.0626220703125
PlantVillage Internal,D:\Tomato_Disease_Research\plantvillage\Tomato_Spider_mites_Two_spotted_spider_mite\4d6d5c99-09de-4dea-a9af-802ce6a095b8___Com.G_SpM_FL 9649.JPG,256,256,1.0,125.68236541748047,38.05003356933594,6259.98583984375,7.141986943362182,129.3111114501953,126.41578674316406,112.38844299316406
PlantVillage Internal,D:\Tomato_Disease_Research\plantvillage\Tomato_Spider_mites_Two_spotted_spider_mite\4db4942d-464a-462e-ba03-306587f0275f___Com.G_SpM_FL 9585.JPG,256,256,1.0,126.160400390625,36.572021484375,3056.24365234375,7.09457159636793,128.56138610839844,126.74800109863281,116.8375244140625
PlantVillage Internal,D:\Tomato_Disease_Research\plantvillage\Tomato_Spider_mites_Two_spotted_spider_mite\4eb820b8-435d-45c4-a23b-29a375d58bea___Com.G_SpM_FL 8971.JPG,256,256,1.0,118.50605010986328,50.28200149536133,8888.09765625,7.481842645361056,128.6053466796875,117.02680969238281,99.63435363769531
PlantVillage Internal,D:\Tomato_Disease_Research\plantvillage\Tomato_Spider_mites_Two_spotted_spider_mite\4f267ed7-b6f7-48f0-9741-8660f78c4507___Com.G_SpM_FL 9421.JPG,256,256,1.0,114.19577026367188,34.28639221191406,2140.916015625,6.960012601484705,114.6729736328125,114.74662780761719,110.10775756835938
PlantVillage Internal,D:\Tomato_Disease_Research\plantvillage\Tomato_Spider_mites_Two_spotted_spider_mite\4f2684bf-6392-4ce6-9e5a-4b37f44483be___Com.G_SpM_FL 9406.JPG,256,256,1.0,106.57977294921875,27.077545166015625,1825.048095703125,6.737482125637632,107.40516662597656,107.36810302734375,100.355712890625
PlantVillage Internal,D:\Tomato_Disease_Research\plantvillage\Tomato_Spider_mites_Two_spotted_spider_mite\4f44e677-ae55-48f2-a439-11d162fcfe3e___Com.G_SpM_FL 8599.JPG,256,256,1.0,106.38211059570312,48.27754211425781,7406.43701171875,7.445803289950268,109.71786499023438,107.11753845214844,93.84625244140625
PlantVillage Internal,D:\Tomato_Disease_Research\plantvillage\Tomato_Spider_mites_Two_spotted_spider_mite\504b03b4-c056-4468-a6ce-19fa79243071___Com.G_SpM_FL 8965.JPG,256,256,1.0,108.83345031738281,42.613712310791016,9576.298828125,7.337567275441501,120.5443115234375,106.99723815917969,87.57305908203125
PlantVillage Internal,D:\Tomato_Disease_Research\plantvillage\Tomato_Spider_mites_Two_spotted_spider_mite\50f99657-4955-4199-a9c9-640045a7b4aa___Com.G_SpM_FL 1262.JPG,256,256,1.0,129.04910278320312,52.83167266845703,7847.451171875,7.465059644583151,127.46907043457031,131.5865478515625,120.12754821777344
PlantVillage Internal,D:\Tomato_Disease_Research\plantvillage\Tomato_Spider_mites_Two_spotted_spider_mite\525fdf85-b46e-41f4-a96e-8667d3afb605___Com.G_SpM_FL 8970.JPG,256,256,1.0,117.53048706054688,41.83762741088867,8672.96484375,7.334565432127832,130.02740478515625,114.99407958984375,97.81379699707031
PlantVillage Internal,D:\Tomato_Disease_Research\plantvillage\Tomato_Spider_mites_Two_spotted_spider_mite\527b81a0-f304-40ec-bfb3-987bbdde36b3___Com.G_SpM_FL 9459.JPG,256,256,1.0,114.87074279785156,31.944725036621094,2279.37939453125,6.85927960310996,115.07064819335938,115.1453857421875,112.93217468261719
PlantVillage Internal,D:\Tomato_Disease_Research\plantvillage\Tomato_Spider_mites_Two_spotted_spider_mite\551162cb-5559-4805-9ab9-a2c597df47b4___Com.G_SpM_FL 1274.JPG,256,256,1.0,123.46202087402344,48.20134735107422,9166.1181640625,7.431940494225391,122.6092529296875,126.0565185546875,112.33924865722656
PlantVillage Internal,D:\Tomato_Disease_Research\plantvillage\Tomato_Spider_mites_Two_spotted_spider_mite\591766a1-bce5-433c-a33c-4c9d6fd1f27a___Com.G_SpM_FL 9413.JPG,256,256,1.0,112.79681396484375,38.65633010864258,5458.83740234375,7.149173920342563,115.38258361816406,112.30484008789062,108.54804992675781
PlantVillage Internal,D:\Tomato_Disease_Research\plantvillage\Tomato_Spider_mites_Two_spotted_spider_mite\5a1d60e3-82e6-468f-8d84-790842a54590___Com.G_SpM_FL 8692.JPG,256,256,1.0,131.140869140625,45.76640701293945,7036.171875,7.349403865480168,138.994140625,130.24539184570312,115.15412902832031
PlantVillage Internal,D:\Tomato_Disease_Research\plantvillage\Tomato_Spider_mites_Two_spotted_spider_mite\5a227441-a1a8-4538-b79f-c637fa8e25e1___Com.G_SpM_FL 1648.JPG,256,256,1.0,120.83731079101562,47.41281509399414,6800.673828125,7.3476528701925705,123.71293640136719,121.50823974609375,109.84036254882812
PlantVillage Internal,D:\Tomato_Disease_Research\plantvillage\Tomato_Spider_mites_Two_spotted_spider_mite\5ba81aa5-31af-4494-8805-ab9d38716626___Com.G_SpM_FL 1309.JPG,256,256,1.0,128.51210021972656,41.338706970214844,7063.63671875,7.320367539634047,128.64537048339844,130.3446502685547,118.72647094726562
PlantVillage Internal,D:\Tomato_Disease_Research\plantvillage\Tomato_Spider_mites_Two_spotted_spider_mite\5d0e79cc-2a50-49cf-9d1c-d5dc064545f3___Com.G_SpM_FL 9306.JPG,256,256,1.0,109.5927734375,48.96263885498047,4133.861328125,7.442850039392905,111.11891174316406,111.50128173828125,95.76286315917969
PlantVillage Internal,D:\Tomato_Disease_Research\plantvillage\Tomato_Spider_mites_Two_spotted_spider_mite\5d765559-4d4d-4afd-8b17-73abc109cb13___Com.G_SpM_FL 8800.JPG,256,256,1.0,121.56639099121094,43.63153839111328,7241.939453125,7.325249700568741,130.17886352539062,120.44639587402344,104.74446105957031
PlantVillage Internal,D:\Tomato_Disease_Research\plantvillage\Tomato_Spider_mites_Two_spotted_spider_mite\5f8babef-d17a-45da-b633-34288cb66dc1___Com.G_SpM_FL 8493.JPG,256,256,1.0,114.07262420654297,51.18121337890625,5351.5263671875,7.444120934727799,116.31753540039062,114.92179870605469,103.81207275390625
PlantVillage Internal,D:\Tomato_Disease_Research\plantvillage\Tomato_Spider_mites_Two_spotted_spider_mite\611deddf-d544-425c-add1-718133b0a3d2___Com.G_SpM_FL 8810.JPG,256,256,1.0,114.10577392578125,47.29423141479492,6195.083984375,7.351520097820005,121.11981201171875,114.52589416503906,93.54605102539062
PlantVillage Internal,D:\Tomato_Disease_Research\plantvillage\Tomato_Spider_mites_Two_spotted_spider_mite\6196f47e-2051-40fa-b556-c800bcfb5ef2___Com.G_SpM_FL 8935.JPG,256,256,1.0,124.55241394042969,45.26499557495117,8427.248046875,7.328662150010018,136.6702423095703,122.77645874023438,101.91426086425781
PlantVillage Internal,D:\Tomato_Disease_Research\plantvillage\Tomato_Spider_mites_Two_spotted_spider_mite\629cdfbf-12bb-4f71-a0b5-3a6a7bdf634a___Com.G_SpM_FL 9488.JPG,256,256,1.0,108.93540954589844,35.233253479003906,2945.16015625,6.987714336258241,111.103759765625,109.05633544921875,102.62564086914062
PlantVillage Internal,D:\Tomato_Disease_Research\plantvillage\Tomato_Spider_mites_Two_spotted_spider_mite\631b49b5-5e69-4428-a583-e623abb1d311___Com.G_SpM_FL 1647.JPG,256,256,1.0,128.3460235595703,40.633934020996094,7367.40625,7.250242271286389,132.42129516601562,128.14271545410156,118.70419311523438
PlantVillage Internal,D:\Tomato_Disease_Research\plantvillage\Tomato_Spider_mites_Two_spotted_spider_mite\63384c82-1527-482a-93e4-51841ad0506c___Com.G_SpM_FL 1373.JPG,256,256,1.0,131.6738739013672,46.287818908691406,6703.0595703125,7.386116124954693,130.98268127441406,133.81509399414062,122.4613037109375
PlantVillage Internal,D:\Tomato_Disease_Research\plantvillage\Tomato_Spider_mites_Two_spotted_spider_mite\639ad6fc-8e42-4a84-ac80-a40d9661bbae___Com.G_SpM_FL 8466.JPG,256,256,1.0,98.47256469726562,35.06926727294922,1945.57275390625,7.039676226705054,99.43804931640625,98.54100036621094,95.58795166015625
PlantVillage Internal,D:\Tomato_Disease_Research\plantvillage\Tomato_Spider_mites_Two_spotted_spider_mite\66c3cfc2-4a91-4517-ab9a-b92ec79b47c5___Com.G_SpM_FL 9351.JPG,256,256,1.0,111.01183319091797,34.21391296386719,5444.7197265625,7.031141406553917,113.04341125488281,111.44808959960938,103.43704223632812
PlantVillage Internal,D:\Tomato_Disease_Research\plantvillage\Tomato_Spider_mites_Two_spotted_spider_mite\68ccf56d-4bd7-4538-ae95-9915fe8d5886___Com.G_SpM_FL 9500.JPG,256,256,1.0,119.40501403808594,29.949514389038086,3002.322021484375,6.855840014224827,122.0003662109375,119.21710205078125,113.56552124023438
PlantVillage Internal,D:\Tomato_Disease_Research\plantvillage\Tomato_Spider_mites_Two_spotted_spider_mite\698e12a2-2a49-43aa-a47a-21420001e5ef___Com.G_SpM_FL 1356.JPG,256,256,1.0,128.11318969726562,44.29062271118164,8698.8291015625,7.394660092007083,130.2318878173828,129.18772888183594,117.02336120605469
PlantVillage Internal,D:\Tomato_Disease_Research\plantvillage\Tomato_Spider_mites_Two_spotted_spider_mite\6acdfc27-7fc5-47c9-bbe9-153ac4a3b797___Com.G_SpM_FL 9014.JPG,256,256,1.0,123.60343170166016,46.555477142333984,7141.23388671875,7.38453075531588,135.66990661621094,121.3338623046875,103.64169311523438
PlantVillage Internal,D:\Tomato_Disease_Research\plantvillage\Tomato_Spider_mites_Two_spotted_spider_mite\6af48596-04c6-4c72-9c6b-665ae0ca9781___Com.G_SpM_FL 9388.JPG,256,256,1.0,121.83714294433594,42.48481750488281,3351.781494140625,7.268661443283638,121.87350463867188,123.98283386230469,110.693359375
PlantVillage Internal,D:\Tomato_Disease_Research\plantvillage\Tomato_Spider_mites_Two_spotted_spider_mite\6d855825-b3fb-4e2a-ab5c-ceb3b8b85e9f___Com.G_SpM_FL 1199.JPG,256,256,1.0,128.84024047851562,46.34991455078125,13059.181640625,7.506623719840062,134.4453582763672,128.135986328125,117.76533508300781
PlantVillage Internal,D:\Tomato_Disease_Research\plantvillage\Tomato_Spider_mites_Two_spotted_spider_mite\6e5b18bd-8144-40cd-ab73-56e2f6810d31___Com.G_SpM_FL 1460.JPG,256,256,1.0,134.1709442138672,49.3840217590332,5884.4208984375,7.555794312200012,135.46961975097656,134.98867797851562,126.55416870117188
PlantVillage Internal,D:\Tomato_Disease_Research\plantvillage\Tomato_Spider_mites_Two_spotted_spider_mite\70d6d93b-0c77-4181-8d38-0e3fc988e884___Com.G_SpM_FL 9292.JPG,256,256,1.0,123.04995727539062,43.392757415771484,4381.9072265625,7.395921527230655,126.22714233398438,122.41642761230469,117.97897338867188
PlantVillage Internal,D:\Tomato_Disease_Research\plantvillage\Tomato_Spider_mites_Two_spotted_spider_mite\70d81d89-74a0-43bc-ae4f-61bd0d9cc6af___Com.G_SpM_FL 1323.JPG,256,256,1.0,135.53506469726562,42.62098693847656,7920.4765625,7.3308001700472945,137.32235717773438,136.35684204101562,126.61590576171875
PlantVillage Internal,D:\Tomato_Disease_Research\plantvillage\Tomato_Spider_mites_Two_spotted_spider_mite\72e9c57b-b2c7-4ce2-a2c8-e5fbb1524a1e___Com.G_SpM_FL 1293.JPG,256,256,1.0,131.61447143554688,47.84365463256836,7917.876953125,7.488927894731855,131.99072265625,133.8453369140625,119.14073181152344
PlantVillage Internal,D:\Tomato_Disease_Research\plantvillage\Tomato_Spider_mites_Two_spotted_spider_mite\766b7b10-3fb4-4c65-80bc-488715e321e6___Com.G_SpM_FL 1488.JPG,256,256,1.0,133.16159057617188,41.67494201660156,8192.1845703125,7.304060148927326,136.39813232421875,133.13951110839844,124.78645324707031
PlantVillage Internal,D:\Tomato_Disease_Research\plantvillage\Tomato_Spider_mites_Two_spotted_spider_mite\76d8575b-d10f-42d2-9efb-8a122056ec86___Com.G_SpM_FL 1457.JPG,256,256,1.0,130.21487426757812,43.564842224121094,7715.806640625,7.345919847054329,131.52452087402344,132.9662628173828,112.61268615722656
PlantVillage Internal,D:\Tomato_Disease_Research\plantvillage\Tomato_Spider_mites_Two_spotted_spider_mite\771c1ccc-fa2f-436c-bf70-bd474f49bbc1___Com.G_SpM_FL 9257.JPG,256,256,1.0,123.47826385498047,48.68708419799805,2228.26416015625,7.333917403532309,126.17306518554688,124.02220153808594,113.60943603515625
PlantVillage Internal,D:\Tomato_Disease_Research\plantvillage\Tomato_Spider_mites_Two_spotted_spider_mite\7a44f68b-8741-4977-a2e8-ca0a42f846b4___Com.G_SpM_FL 8623.JPG,256,256,1.0,116.00515747070312,53.97880554199219,9440.3271484375,7.583608273110018,120.36149597167969,116.40573120117188,102.51667785644531
PlantVillage Internal,D:\Tomato_Disease_Research\plantvillage\Tomato_Spider_mites_Two_spotted_spider_mite\7a47822b-4724-4ecc-94ef-61d05836bef7___Com.G_SpM_FL 8620.JPG,256,256,1.0,118.10025024414062,52.178157806396484,6044.57275390625,7.585534809227918,120.73382568359375,118.80155944824219,107.58180236816406
PlantVillage Internal,D:\Tomato_Disease_Research\plantvillage\Tomato_Spider_mites_Two_spotted_spider_mite\7a4ac14c-d097-4a03-aa13-46e47a3d6bef___Com.G_SpM_FL 1298.JPG,256,256,1.0,111.99760437011719,38.932701110839844,4983.263671875,7.233112130235076,107.48542785644531,113.63227844238281,115.41506958007812
PlantVillage Internal,D:\Tomato_Disease_Research\plantvillage\Tomato_Spider_mites_Two_spotted_spider_mite\7aa0221d-b673-413d-a089-05fe33d9d78a___Com.G_SpM_FL 8714.JPG,256,256,1.0,114.05972290039062,50.933353424072266,5515.599609375,7.520687131546254,118.27305603027344,113.86956787109375,103.98809814453125
PlantVillage Internal,D:\Tomato_Disease_Research\plantvillage\Tomato_Spider_mites_Two_spotted_spider_mite\7b6c80e6-15fe-47ed-978a-087ab7b49bb0___Com.G_SpM_FL 9009.JPG,256,256,1.0,108.93644714355469,55.13347244262695,8462.46875,7.538779360008603,117.42167663574219,108.30584716796875,89.92842102050781
PlantVillage Internal,D:\Tomato_Disease_Research\plantvillage\Tomato_Spider_mites_Two_spotted_spider_mite\7c7755cb-8fad-44b0-a525-373c5840f1c3___Com.G_SpM_FL 1486.JPG,256,256,1.0,128.7373046875,41.62349319458008,7979.36865234375,7.255162858328196,132.94471740722656,128.5063018798828,118.89151000976562
PlantVillage Internal,D:\Tomato_Disease_Research\plantvillage\Tomato_Spider_mites_Two_spotted_spider_mite\7ee4836e-8c31-4c01-bd17-382df20083dc___Com.G_SpM_FL 9493.JPG,256,256,1.0,102.22994232177734,30.128908157348633,2139.39208984375,6.880600777845226,104.29777526855469,102.03216552734375,97.82481384277344
PlantVillage Internal,D:\Tomato_Disease_Research\plantvillage\Tomato_Spider_mites_Two_spotted_spider_mite\7fc9f1bc-6fe9-4248-af53-22b41f756ca1___Com.G_SpM_FL 9586.JPG,256,256,1.0,125.51880645751953,35.273250579833984,4353.810546875,7.027506242140316,128.53297424316406,126.22137451171875,113.99565124511719
PlantVillage Internal,D:\Tomato_Disease_Research\plantvillage\Tomato_Spider_mites_Two_spotted_spider_mite\7ffe157d-d78c-433f-8272-a5dace87ef5f___Com.G_SpM_FL 8903.JPG,256,256,1.0,114.22091674804688,54.75578308105469,8271.751953125,7.5194356873732335,122.67839050292969,113.29820251464844,96.78974914550781
PlantVillage Internal,D:\Tomato_Disease_Research\plantvillage\Tomato_Spider_mites_Two_spotted_spider_mite\815f01f8-4e09-47ee-abfb-a8035a86a080___Com.G_SpM_FL 8590.JPG,256,256,1.0,117.76917266845703,49.189552307128906,4356.8095703125,7.542716334334971,121.2259521484375,118.63963317871094,104.2205810546875
PlantVillage Internal,D:\Tomato_Disease_Research\plantvillage\Tomato_Spider_mites_Two_spotted_spider_mite\81a64bc5-d1d1-49bb-b9a7-0981f75613ce___Com.G_SpM_FL 8477.JPG,256,256,1.0,102.7459716796875,59.22956466674805,5136.5615234375,7.505208474006146,103.90151977539062,103.82852172851562,94.14103698730469
PlantVillage Internal,D:\Tomato_Disease_Research\plantvillage\Tomato_Spider_mites_Two_spotted_spider_mite\82ba3fda-2d9e-43cf-85d6-c9af53f54370___Com.G_SpM_FL 8474.JPG,256,256,1.0,114.3622055053711,54.14683151245117,4046.06640625,7.568972703825261,116.60707092285156,114.28817749023438,108.85549926757812
PlantVillage Internal,D:\Tomato_Disease_Research\plantvillage\Tomato_Spider_mites_Two_spotted_spider_mite\84399e4f-1c78-4e26-8e7b-961ee21fa3c2___Com.G_SpM_FL 1586.JPG,256,256,1.0,123.99347686767578,39.08689498901367,10451.701171875,7.287408067066923,125.41789245605469,125.76066589355469,111.157958984375
PlantVillage Internal,D:\Tomato_Disease_Research\plantvillage\Tomato_Spider_mites_Two_spotted_spider_mite\843caa57-9dc8-4737-8de7-ce70f07d5470___Com.G_SpM_FL 8990.JPG,256,256,1.0,114.65986633300781,44.289268493652344,8204.8583984375,7.390339600087743,126.476806640625,112.47166442871094,94.93363952636719
PlantVillage Internal,D:\Tomato_Disease_Research\plantvillage\Tomato_Spider_mites_Two_spotted_spider_mite\85013fcf-15cc-4365-8536-735de6d9be7b___Com.G_SpM_FL 1576.JPG,256,256,1.0,128.50057983398438,47.43002700805664,8731.52734375,7.409671996005851,128.5487518310547,130.01792907714844,120.56123352050781
PlantVillage Internal,D:\Tomato_Disease_Research\plantvillage\Tomato_Spider_mites_Two_spotted_spider_mite\8515b72f-6c10-416c-8cdb-95673b3dbf46___Com.G_SpM_FL 9423.JPG,256,256,1.0,112.11773681640625,33.78685760498047,2240.32763671875,7.014929339036852,112.73670959472656,112.60136413574219,108.00399780273438
PlantVillage Internal,D:\Tomato_Disease_Research\plantvillage\Tomato_Spider_mites_Two_spotted_spider_mite\85bb0ebc-4b7f-4081-99e8-76f7764ded11___Com.G_SpM_FL 1449.JPG,256,256,1.0,125.80327606201172,45.92943572998047,7302.57275390625,7.4104611846135215,127.00889587402344,127.64498901367188,113.15792846679688
PlantVillage Internal,D:\Tomato_Disease_Research\plantvillage\Tomato_Spider_mites_Two_spotted_spider_mite\861a37d6-fd5d-4f50-b36a-7758bb468ee2___Com.G_SpM_FL 8944.JPG,256,256,1.0,109.57601165771484,52.39625930786133,6667.78125,7.45060663654071,119.85333251953125,108.09202575683594,90.2618408203125
PlantVillage Internal,D:\Tomato_Disease_Research\plantvillage\Tomato_Spider_mites_Two_spotted_spider_mite\86219f47-e739-479c-890d-622d000bcee1___Com.G_SpM_FL 1333.JPG,256,256,1.0,124.3642349243164,50.64838790893555,8425.21484375,7.508230332359194,122.64524841308594,126.94291687011719,115.59486389160156
PlantVillage Internal,D:\Tomato_Disease_Research\plantvillage\Tomato_Spider_mites_Two_spotted_spider_mite\88edbc3c-7373-46fd-b08b-e99408ea58db___Com.G_SpM_FL 1569.JPG,256,256,1.0,119.02104187011719,46.305442810058594,8405.7265625,7.339362316777287,119.63316345214844,121.25030517578125,105.93684387207031
PlantVillage Internal,D:\Tomato_Disease_Research\plantvillage\Tomato_Spider_mites_Two_spotted_spider_mite\8979cbcd-62c9-4891-a428-f01bd2d177fa___Com.G_SpM_FL 9259.JPG,256,256,1.0,128.91305541992188,49.19646453857422,3158.32080078125,7.3442039030712145,129.97091674804688,129.9385223388672,120.85829162597656
PlantVillage Internal,D:\Tomato_Disease_Research\plantvillage\Tomato_Spider_mites_Two_spotted_spider_mite\8a247db8-8b37-48a7-8ea4-fa6fa1483e5a___Com.G_SpM_FL 8976.JPG,256,256,1.0,106.20521545410156,40.07060241699219,6975.056640625,7.217357280791127,117.08450317382812,104.06890869140625,88.67106628417969
PlantVillage Internal,D:\Tomato_Disease_Research\plantvillage\Tomato_Spider_mites_Two_spotted_spider_mite\8b68b534-a29f-4b0d-b5b4-c398a5635f0a___Com.G_SpM_FL 8773.JPG,256,256,1.0,115.2000732421875,51.11650466918945,8183.10302734375,7.4218525453584485,123.50163269042969,114.47195434570312,97.1759033203125
PlantVillage Internal,D:\Tomato_Disease_Research\plantvillage\Tomato_Spider_mites_Two_spotted_spider_mite\8ed14c2a-042c-419c-b215-3779e73cfbf9___Com.G_SpM_FL 8687.JPG,256,256,1.0,109.45079040527344,50.238121032714844,6876.35009765625,7.352186942716424,117.09149169921875,108.26321411132812,95.525634765625
PlantVillage Internal,D:\Tomato_Disease_Research\plantvillage\Tomato_Spider_mites_Two_spotted_spider_mite\8f53750b-2b3f-4e1c-87ae-dd9659976129___Com.G_SpM_FL 8962.JPG,256,256,1.0,115.03472900390625,42.03239440917969,10078.7412109375,7.328221885403076,128.03323364257812,112.0321044921875,96.40309143066406
PlantVillage Internal,D:\Tomato_Disease_Research\plantvillage\Tomato_Spider_mites_Two_spotted_spider_mite\8f95a0cc-1a3c-477d-8872-8638f1df5361___Com.G_SpM_FL 8833.JPG,256,256,1.0,104.70657348632812,44.73953628540039,11436.037109375,7.411127469253324,113.42465209960938,103.92472839355469,85.86654663085938
PlantVillage Internal,D:\Tomato_Disease_Research\plantvillage\Tomato_Spider_mites_Two_spotted_spider_mite\8fd420fe-6e79-46a5-917e-4cfaca97bd5a___Com.G_SpM_FL 8900.JPG,256,256,1.0,106.4537353515625,46.97295379638672,3275.049072265625,7.207539501648466,115.22941589355469,105.13945007324219,90.2042236328125
PlantVillage Internal,D:\Tomato_Disease_Research\plantvillage\Tomato_Spider_mites_Two_spotted_spider_mite\91e2b204-69a4-4170-82bd-fb9cb8b1407d___Com.G_SpM_FL 8973.JPG,256,256,1.0,110.13825988769531,43.46852493286133,10134.490234375,7.341255942797692,121.7777099609375,108.4046630859375,88.53675842285156
PlantVillage Internal,D:\Tomato_Disease_Research\plantvillage\Tomato_Spider_mites_Two_spotted_spider_mite\92d215ce-c6b4-44fd-9492-306d470b9801___Com.G_SpM_FL 8872.JPG,256,256,1.0,113.24911499023438,47.57905197143555,7103.09375,7.444950339152692,121.21714782714844,112.30787658691406,97.19708251953125
PlantVillage Internal,D:\Tomato_Disease_Research\plantvillage\Tomato_Spider_mites_Two_spotted_spider_mite\988ee8f8-285f-4b88-a37d-2876d964d07a___Com.G_SpM_FL 8652.JPG,256,256,1.0,113.96369171142578,50.912681579589844,3754.9443359375,7.230672861647026,117.36399841308594,114.130859375,104.1845703125
PlantVillage Internal,D:\Tomato_Disease_Research\plantvillage\Tomato_Spider_mites_Two_spotted_spider_mite\9b55aea9-85fc-418b-b1a7-ae919f37d2fc___Com.G_SpM_FL 9401.JPG,256,256,1.0,118.63468933105469,36.53310012817383,2554.81298828125,7.040428405758702,119.10227966308594,119.06979370117188,115.16793823242188
PlantVillage Internal,D:\Tomato_Disease_Research\plantvillage\Tomato_Spider_mites_Two_spotted_spider_mite\9c680c37-b94e-498d-bbb3-b727ad6c6c0a___Com.G_SpM_FL 9514.JPG,256,256,1.0,112.06488800048828,32.9522705078125,3572.52001953125,6.944817695330274,114.01719665527344,113.34297180175781,100.36338806152344
PlantVillage Internal,D:\Tomato_Disease_Research\plantvillage\Tomato_Spider_mites_Two_spotted_spider_mite\9d9c09bb-3998-4e4d-be42-ac5ff1742a74___Com.G_SpM_FL 8463.JPG,256,256,1.0,98.87203216552734,43.95134353637695,2856.970703125,7.265273420959822,98.63079833984375,98.95468139648438,99.07917785644531
PlantVillage Internal,D:\Tomato_Disease_Research\plantvillage\Tomato_Spider_mites_Two_spotted_spider_mite\9dd75aef-3604-468b-9a5b-53442aae8303___Com.G_SpM_FL 9512.JPG,256,256,1.0,125.32106018066406,36.01981735229492,3339.957275390625,7.061801453420261,126.6053466796875,125.63618469238281,120.32998657226562
PlantVillage Internal,D:\Tomato_Disease_Research\plantvillage\Tomato_Spider_mites_Two_spotted_spider_mite\9e0c8ec8-f525-444d-8657-32b668771b2f___Com.G_SpM_FL 1451.JPG,256,256,1.0,124.84970092773438,47.821685791015625,7500.0390625,7.360822991972796,124.5899658203125,126.97164916992188,114.60481262207031
PlantVillage Internal,D:\Tomato_Disease_Research\plantvillage\Tomato_Spider_mites_Two_spotted_spider_mite\9e4b3cc6-afd7-49a2-9609-ec1bbd92b92d___Com.G_SpM_FL 1683.JPG,256,256,1.0,118.89639282226562,51.56831359863281,7069.9912109375,7.552131939988339,120.940185546875,120.44369506835938,105.568603515625
PlantVillage Internal,D:\Tomato_Disease_Research\plantvillage\Tomato_Spider_mites_Two_spotted_spider_mite\9ebfbe4c-8615-4aa4-8288-3855e9555fb5___Com.G_SpM_FL 9588.JPG,256,256,1.0,125.08209228515625,37.40739059448242,3501.71826171875,7.101069078203484,128.19338989257812,125.54251098632812,114.55094909667969
PlantVillage Internal,D:\Tomato_Disease_Research\plantvillage\Tomato_Spider_mites_Two_spotted_spider_mite\9fb18019-23c3-482e-9cdf-a9520238cf29___Com.G_SpM_FL 9617.JPG,256,256,1.0,117.89567565917969,38.88432693481445,5718.0419921875,7.268708959731769,119.92878723144531,118.23434448242188,110.81930541992188
PlantVillage Internal,D:\Tomato_Disease_Research\plantvillage\Tomato_Spider_mites_Two_spotted_spider_mite\9fd01a9c-be59-4d02-aca8-7d28170ea727___Com.G_SpM_FL 1588.JPG,256,256,1.0,129.7209014892578,39.66864013671875,8782.1015625,7.2890995400134555,131.7022247314453,130.58853149414062,120.056640625
PlantVillage Internal,D:\Tomato_Disease_Research\plantvillage\Tomato_Spider_mites_Two_spotted_spider_mite\9fd7933b-4bf4-4e0d-b81b-6ee87326480c___Com.G_SpM_FL 9583.JPG,256,256,1.0,128.4789581298828,33.040008544921875,5457.2138671875,7.028006281750473,130.75181579589844,129.27830505371094,118.4017333984375
PlantVillage Internal,D:\Tomato_Disease_Research\plantvillage\Tomato_Spider_mites_Two_spotted_spider_mite\a0120655-58c5-4e0d-820a-9ebc3ba45717___Com.G_SpM_FL 8925.JPG,256,256,1.0,111.00454711914062,49.943111419677734,5227.48583984375,7.194266521702601,122.81634521484375,109.36187744140625,88.48280334472656
PlantVillage Internal,D:\Tomato_Disease_Research\plantvillage\Tomato_Spider_mites_Two_spotted_spider_mite\a2b2e11f-9078-4fad-9629-e1f94e66611a___Com.G_SpM_FL 8424.JPG,256,256,1.0,119.61851501464844,44.21558380126953,4307.8310546875,7.047555382888173,123.30244445800781,120.37144470214844,106.079345703125
PlantVillage Internal,D:\Tomato_Disease_Research\plantvillage\Tomato_Spider_mites_Two_spotted_spider_mite\a3e550eb-e6e8-4ec5-a2c3-9e7f34fb6292___Com.G_SpM_FL 8540.JPG,256,256,1.0,118.29167938232422,44.56317901611328,2068.001220703125,7.384032959988641,118.78550720214844,118.1328125,117.81448364257812
PlantVillage Internal,D:\Tomato_Disease_Research\plantvillage\Tomato_Spider_mites_Two_spotted_spider_mite\a4875bbb-41eb-440b-bb04-fb6549bfaff6___Com.G_SpM_FL 8794.JPG,256,256,1.0,114.71055603027344,49.68437957763672,6197.0869140625,7.457435769522299,121.09394836425781,113.7034912109375,103.15357971191406
PlantVillage Internal,D:\Tomato_Disease_Research\plantvillage\Tomato_Spider_mites_Two_spotted_spider_mite\a516c588-16a6-405c-ba03-21a2f8bc400e___Com.G_SpM_FL 1508.JPG,256,256,1.0,131.0803680419922,42.751617431640625,7405.541015625,7.350658027722094,132.0264434814453,132.95176696777344,118.96292114257812
PlantVillage Internal,D:\Tomato_Disease_Research\plantvillage\Tomato_Spider_mites_Two_spotted_spider_mite\a80f6d23-395d-4a7e-bd55-805e723f2b45___Com.G_SpM_FL 9622.JPG,256,256,1.0,123.91239929199219,35.5830192565918,4238.83642578125,7.110585480406886,125.617919921875,124.51290893554688,116.34703063964844
PlantVillage Internal,D:\Tomato_Disease_Research\plantvillage\Tomato_Spider_mites_Two_spotted_spider_mite\a90a575f-937a-4975-a750-b83ea905900d___Com.G_SpM_FL 9337.JPG,256,256,1.0,122.12604522705078,37.963829040527344,4926.6318359375,7.212183989831818,126.99246215820312,121.21453857421875,114.05586242675781
PlantVillage Internal,D:\Tomato_Disease_Research\plantvillage\Tomato_Spider_mites_Two_spotted_spider_mite\ab555ffb-819e-40fa-b21c-d5a6bde16100___Com.G_SpM_FL 9609.JPG,256,256,1.0,122.42420196533203,40.1134147644043,5411.5478515625,7.175230867125554,125.22303771972656,122.55827331542969,114.39303588867188
PlantVillage Internal,D:\Tomato_Disease_Research\plantvillage\Tomato_Spider_mites_Two_spotted_spider_mite\ab795780-b8d3-485d-a60c-0a8fd091af16___Com.G_SpM_FL 1257.JPG,256,256,1.0,127.49813079833984,42.38154983520508,12924.037109375,7.416664717953742,130.76206970214844,128.04086303710938,116.142822265625
PlantVillage Internal,D:\Tomato_Disease_Research\plantvillage\Tomato_Spider_mites_Two_spotted_spider_mite\acd53505-84a0-48da-924a-5ea032f52388___Com.G_SpM_FL 1252.JPG,256,256,1.0,118.19480895996094,49.76703643798828,11706.861328125,7.531703176561557,119.07203674316406,119.37876892089844,109.79768371582031
PlantVillage Internal,D:\Tomato_Disease_Research\plantvillage\Tomato_Spider_mites_Two_spotted_spider_mite\ad45886f-4eae-4abd-b4c5-a933efe7218e___Com.G_SpM_FL 1324.JPG,256,256,1.0,130.08233642578125,45.38693618774414,9174.48828125,7.38513722832863,131.32688903808594,131.11927795410156,121.47892761230469
PlantVillage Internal,D:\Tomato_Disease_Research\plantvillage\Tomato_Spider_mites_Two_spotted_spider_mite\adbd213f-90ad-4a26-900d-e91fde64539e___Com.G_SpM_FL 1772.JPG,256,256,1.0,116.95123291015625,44.41747283935547,9071.45703125,7.286922575084806,121.76155090332031,116.6590576171875,105.83909606933594
PlantVillage Internal,D:\Tomato_Disease_Research\plantvillage\Tomato_Spider_mites_Two_spotted_spider_mite\ae12c3dc-3dd3-4741-bf9a-55904738086d___Com.G_SpM_FL 1265.JPG,256,256,1.0,134.4212646484375,46.370384216308594,7127.029296875,7.451782215632832,135.34036254882812,135.73382568359375,125.25198364257812
PlantVillage Internal,D:\Tomato_Disease_Research\plantvillage\Tomato_Spider_mites_Two_spotted_spider_mite\ae60fb8a-1774-422b-a141-869d27d74e22___Com.G_SpM_FL 9378.JPG,256,256,1.0,132.5703125,40.979732513427734,4552.48681640625,7.274658705312317,134.0829315185547,133.94699096679688,121.51431274414062
PlantVillage Internal,D:\Tomato_Disease_Research\plantvillage\Tomato_Spider_mites_Two_spotted_spider_mite\aeae9e3c-ec84-4fa5-8c52-ab488c6a81f7___Com.G_SpM_FL 8765.JPG,256,256,1.0,121.36652374267578,44.011478424072266,8929.0771484375,7.281426135624265,130.4781494140625,120.14816284179688,103.74198913574219
PlantVillage Internal,D:\Tomato_Disease_Research\plantvillage\Tomato_Spider_mites_Two_spotted_spider_mite\aee44f04-6634-41ee-9208-56838fbbc822___Com.G_SpM_FL 9278.JPG,256,256,1.0,105.35566711425781,36.34066390991211,1799.8955078125,7.142855580425929,106.87525939941406,104.87490844726562,103.84561157226562
PlantVillage Internal,D:\Tomato_Disease_Research\plantvillage\Tomato_Spider_mites_Two_spotted_spider_mite\af0d2ecc-72f9-40ca-ad16-b3ef9419e9ec___Com.G_SpM_FL 9559.JPG,256,256,1.0,110.40290832519531,31.937538146972656,3938.330322265625,6.97116534187594,113.35765075683594,110.26896667480469,103.34278869628906
PlantVillage Internal,D:\Tomato_Disease_Research\plantvillage\Tomato_Spider_mites_Two_spotted_spider_mite\b0b458de-2ce8-46a1-815f-db2e513130fc___Com.G_SpM_FL 1416.JPG,256,256,1.0,130.53416442871094,46.41596221923828,6275.6298828125,7.432229678960681,131.52047729492188,131.46437072753906,123.157470703125
PlantVillage Internal,D:\Tomato_Disease_Research\plantvillage\Tomato_Spider_mites_Two_spotted_spider_mite\b129abcf-f10f-49b0-8dc3-d5c3d4dbde16___Com.G_SpM_FL 8855.JPG,256,256,1.0,89.37307739257812,44.13737106323242,6413.24853515625,7.252981752515887,99.611083984375,88.65487670898438,66.21884155273438
PlantVillage Internal,D:\Tomato_Disease_Research\plantvillage\Tomato_Spider_mites_Two_spotted_spider_mite\b313c827-af8b-4b98-af86-a7b07bf20dc1___Com.G_SpM_FL 9307.JPG,256,256,1.0,130.0247802734375,43.28474044799805,5507.19921875,7.338177116117993,129.9971160888672,131.2134552001953,123.97683715820312
PlantVillage Internal,D:\Tomato_Disease_Research\plantvillage\Tomato_Spider_mites_Two_spotted_spider_mite\b329dfc5-3ec0-4d9b-a4d7-d78d50af9366___Com.G_SpM_FL 8712.JPG,256,256,1.0,118.5229721069336,56.50270462036133,4947.173828125,7.628941508141561,122.20310974121094,119.08247375488281,105.98970031738281
PlantVillage Internal,D:\Tomato_Disease_Research\plantvillage\Tomato_Spider_mites_Two_spotted_spider_mite\b5c3bebf-69d4-4ca3-9849-72237505c184___Com.G_SpM_FL 8563.JPG,256,256,1.0,114.56769561767578,58.71992111206055,4168.7099609375,7.543461458818264,118.79801940917969,114.68171691894531,102.88526916503906
PlantVillage Internal,D:\Tomato_Disease_Research\plantvillage\Tomato_Spider_mites_Two_spotted_spider_mite\b6989b70-a94f-4f48-a00a-2277f8ace6c6___Com.G_SpM_FL 8841.JPG,256,256,1.0,113.29530334472656,48.58266067504883,10335.26953125,7.507704539330161,121.45417785644531,114.374267578125,86.3404541015625
PlantVillage Internal,D:\Tomato_Disease_Research\plantvillage\Tomato_Spider_mites_Two_spotted_spider_mite\b7de2f62-330a-4ea0-91d1-d69f9629e150___Com.G_SpM_FL 8780.JPG,256,256,1.0,113.07656860351562,54.53437805175781,6438.8984375,7.4414959662659435,118.2301025390625,113.43211364746094,97.72901916503906
PlantVillage Internal,D:\Tomato_Disease_Research\plantvillage\Tomato_Spider_mites_Two_spotted_spider_mite\b9b00f29-ad37-4286-8229-504bc5921c44___Com.G_SpM_FL 1268.JPG,256,256,1.0,122.63893127441406,53.041717529296875,8301.9111328125,7.439896758240604,121.92335510253906,125.60745239257812,109.23042297363281
PlantVillage Internal,D:\Tomato_Disease_Research\plantvillage\Tomato_Spider_mites_Two_spotted_spider_mite\bacb5257-5987-4eb2-af91-4d555df8b390___Com.G_SpM_FL 1744.JPG,256,256,1.0,121.25825500488281,48.56854248046875,8375.76171875,7.416783132747002,123.807373046875,121.55419921875,113.04853820800781
PlantVillage Internal,D:\Tomato_Disease_Research\plantvillage\Tomato_Spider_mites_Two_spotted_spider_mite\bb1743d4-c84b-4945-93cf-705eead70b21___Com.G_SpM_FL 8491.JPG,256,256,1.0,116.86984252929688,54.61326217651367,4597.15625,7.407606110109849,120.17552185058594,116.94821166992188,107.79611206054688
PlantVillage Internal,D:\Tomato_Disease_Research\plantvillage\Tomato_Spider_mites_Two_spotted_spider_mite\bc38c469-2936-464a-a799-4251615e380e___Com.G_SpM_FL 8716.JPG,256,256,1.0,115.0870132446289,49.80430603027344,6314.09716796875,7.392894199856192,123.21748352050781,113.84719848632812,100.14633178710938
PlantVillage Internal,D:\Tomato_Disease_Research\plantvillage\Tomato_Spider_mites_Two_spotted_spider_mite\bc4f7252-fbc8-4c31-9d62-5371e7073c7d___Com.G_SpM_FL 8461.JPG,256,256,1.0,102.60122680664062,46.05118179321289,1956.310546875,7.251265246383629,101.49327087402344,103.814697265625,99.25883483886719
PlantVillage Internal,D:\Tomato_Disease_Research\plantvillage\Tomato_Spider_mites_Two_spotted_spider_mite\bc67ad59-d7a0-4382-96dd-e05a19f7efb2___Com.G_SpM_FL 1552.JPG,256,256,1.0,133.3642578125,46.9976921081543,6103.7080078125,7.444151254895635,133.2726593017578,135.65383911132812,121.81510925292969
PlantVillage Internal,D:\Tomato_Disease_Research\plantvillage\Tomato_Spider_mites_Two_spotted_spider_mite\bc6b5283-1225-40f3-b386-6e600f13ac98___Com.G_SpM_FL 1253.JPG,256,256,1.0,128.05242919921875,49.20133590698242,9848.1533203125,7.480863865159094,128.40953063964844,129.47862243652344,119.77207946777344
PlantVillage Internal,D:\Tomato_Disease_Research\plantvillage\Tomato_Spider_mites_Two_spotted_spider_mite\bcbe4259-2fbd-4cb2-b0cd-b1798b917b5c___Com.G_SpM_FL 8825.JPG,256,256,1.0,109.44651794433594,51.14043045043945,9628.314453125,7.469668268365142,117.57405090332031,108.62655639648438,92.35163879394531
PlantVillage Internal,D:\Tomato_Disease_Research\plantvillage\Tomato_Spider_mites_Two_spotted_spider_mite\bcca5917-17c5-4b38-ac89-233eec6a4ddb___Com.G_SpM_FL 9540.JPG,256,256,1.0,123.74256896972656,41.72111511230469,4221.77978515625,7.314063512904257,124.90414428710938,125.48757934570312,111.71067810058594
PlantVillage Internal,D:\Tomato_Disease_Research\plantvillage\Tomato_Spider_mites_Two_spotted_spider_mite\bdb1071d-586d-4cdf-a792-a15af76ed9cf___Com.G_SpM_FL 8670.JPG,256,256,1.0,105.12447357177734,49.25685501098633,5180.447265625,7.4945055624525905,110.00994873046875,105.57040405273438,90.01469421386719
PlantVillage Internal,D:\Tomato_Disease_Research\plantvillage\Tomato_Spider_mites_Two_spotted_spider_mite\be731b6f-179f-436f-93eb-851f833575a9___Com.G_SpM_FL 1291.JPG,256,256,1.0,131.50906372070312,42.40211868286133,7527.9462890625,7.309785739135666,133.45639038085938,132.7884521484375,119.81390380859375
PlantVillage Internal,D:\Tomato_Disease_Research\plantvillage\Tomato_Spider_mites_Two_spotted_spider_mite\bf36d28e-7feb-460c-a26d-75619b819157___Com.G_SpM_FL 8604.JPG,256,256,1.0,114.7235336303711,54.35097885131836,5007.09228515625,7.585688131994377,119.43533325195312,114.03982543945312,105.88594055175781
PlantVillage Internal,D:\Tomato_Disease_Research\plantvillage\Tomato_Spider_mites_Two_spotted_spider_mite\c3586675-5908-4830-b952-0418aabc79e5___Com.G_SpM_FL 1480.JPG,256,256,1.0,127.17694854736328,46.698543548583984,7252.4228515625,7.393250919423687,129.99217224121094,126.90716552734375,121.18232727050781
PlantVillage Internal,D:\Tomato_Disease_Research\plantvillage\Tomato_Spider_mites_Two_spotted_spider_mite\c39c2991-99d9-4fd9-be42-97c0ec41d59e___Com.G_SpM_FL 8960.JPG,256,256,1.0,109.71385192871094,45.55616760253906,9272.5537109375,7.3984636580756895,120.16827392578125,107.79934692382812,92.15196228027344
PlantVillage Internal,D:\Tomato_Disease_Research\plantvillage\Tomato_Spider_mites_Two_spotted_spider_mite\c5b6b543-1fe9-4607-94c2-3342dcc92043___Com.G_SpM_FL 1289.JPG,256,256,1.0,134.92662048339844,41.2191276550293,6197.6748046875,7.282737458584068,136.7921600341797,135.67713928222656,126.16920471191406
PlantVillage Internal,D:\Tomato_Disease_Research\plantvillage\Tomato_Spider_mites_Two_spotted_spider_mite\c6623b0e-ec12-4e31-a2db-75cd77166ded___Com.G_SpM_FL 1657.JPG,256,256,1.0,126.03390502929688,42.18574142456055,7829.02099609375,7.339523119363661,128.23199462890625,126.85748291015625,116.02799987792969
PlantVillage Internal,D:\Tomato_Disease_Research\plantvillage\Tomato_Spider_mites_Two_spotted_spider_mite\c74d0a3b-24f8-41a1-9235-3841f19dc358___Com.G_SpM_FL 9505.JPG,256,256,1.0,117.0112075805664,32.44231033325195,2117.9814453125,6.860246952070703,118.55464172363281,117.37155151367188,111.10763549804688
PlantVillage Internal,D:\Tomato_Disease_Research\plantvillage\Tomato_Spider_mites_Two_spotted_spider_mite\c89a6ab4-59ab-4267-921d-cc39cb65af36___Com.G_SpM_FL 8418.JPG,256,256,1.0,98.14854431152344,55.70393371582031,3095.93798828125,7.14930725556599,100.41850280761719,98.83265686035156,88.67225646972656
PlantVillage Internal,D:\Tomato_Disease_Research\plantvillage\Tomato_Spider_mites_Two_spotted_spider_mite\cad4659e-efce-4151-8db9-5c2799c6fdb3___Com.G_SpM_FL 9475.JPG,256,256,1.0,105.40087127685547,31.80527687072754,4748.8173828125,6.993720532566389,108.41314697265625,104.41748046875,102.56388854980469
PlantVillage Internal,D:\Tomato_Disease_Research\plantvillage\Tomato_Spider_mites_Two_spotted_spider_mite\cb50c515-6885-4fc5-903e-b9fbac229a37___Com.G_SpM_FL 1667.JPG,256,256,1.0,129.5291748046875,36.778656005859375,6939.2587890625,7.169252647514783,132.3607940673828,130.80760192871094,115.5196533203125
PlantVillage Internal,D:\Tomato_Disease_Research\plantvillage\Tomato_Spider_mites_Two_spotted_spider_mite\cbae876b-3e8f-4fd7-9244-374a08b6d8de___Com.G_SpM_FL 8619.JPG,256,256,1.0,115.2113265991211,52.77054977416992,8363.42578125,7.485908721189302,122.72384643554688,114.72541809082031,98.00946044921875
PlantVillage Internal,D:\Tomato_Disease_Research\plantvillage\Tomato_Spider_mites_Two_spotted_spider_mite\cd129e3c-c287-47c0-8fb8-ff7eccc971ba___Com.G_SpM_FL 8878.JPG,256,256,1.0,112.3543472290039,46.696720123291016,6944.9736328125,7.384331388487071,122.77371215820312,110.76112365722656,93.23001098632812
PlantVillage Internal,D:\Tomato_Disease_Research\plantvillage\Tomato_Spider_mites_Two_spotted_spider_mite\ce05bc05-0c4c-4290-903c-f46ab2ba1f53___Com.G_SpM_FL 9283.JPG,256,256,1.0,128.88241577148438,47.746036529541016,3783.626708984375,7.355802510721631,131.3758544921875,128.35215759277344,125.07296752929688
PlantVillage Internal,D:\Tomato_Disease_Research\plantvillage\Tomato_Spider_mites_Two_spotted_spider_mite\d387a33f-e424-45d2-bf4d-2344a9708129___Com.G_SpM_FL 9352.JPG,256,256,1.0,130.44671630859375,43.85719299316406,5083.77001953125,7.336207764931993,133.01719665527344,130.32582092285156,124.32742309570312
PlantVillage Internal,D:\Tomato_Disease_Research\plantvillage\Tomato_Spider_mites_Two_spotted_spider_mite\d39a5841-b206-4eb3-a84d-1df91c7205aa___Com.G_SpM_FL 9641.JPG,256,256,1.0,125.40558624267578,36.780921936035156,6580.7060546875,7.061877694342934,129.23544311523438,125.17005920410156,116.5733642578125
PlantVillage Internal,D:\Tomato_Disease_Research\plantvillage\Tomato_Spider_mites_Two_spotted_spider_mite\d56e9013-62c8-4678-95ae-6b9f7e2e16bf___Com.G_SpM_FL 9627.JPG,256,256,1.0,132.32290649414062,36.275550842285156,4770.986328125,7.11250942949402,134.59471130371094,132.8843994140625,123.47317504882812
PlantVillage Internal,D:\Tomato_Disease_Research\plantvillage\Tomato_Spider_mites_Two_spotted_spider_mite\d6016818-1e71-4bb2-a10b-35ef305b5dfb___Com.G_SpM_FL 1396.JPG,256,256,1.0,138.8943328857422,44.444602966308594,6720.677734375,7.359506616175538,139.86988830566406,139.9650421142578,130.8224334716797
PlantVillage Internal,D:\Tomato_Disease_Research\plantvillage\Tomato_Spider_mites_Two_spotted_spider_mite\d6742063-9b9e-42b7-9ac4-bda7e2eeb12d___Com.G_SpM_FL 8813.JPG,256,256,1.0,109.7126235961914,51.23411560058594,9059.08203125,7.41189576289041,113.20890808105469,111.72259521484375,90.19293212890625
PlantVillage Internal,D:\Tomato_Disease_Research\plantvillage\Tomato_Spider_mites_Two_spotted_spider_mite\d82b4325-1b29-4378-92b8-8440c8bd1f00___Com.G_SpM_FL 8598.JPG,256,256,1.0,120.12910461425781,45.45833969116211,6478.751953125,7.427294915959919,122.25103759765625,121.18302917480469,109.1368408203125
PlantVillage Internal,D:\Tomato_Disease_Research\plantvillage\Tomato_Spider_mites_Two_spotted_spider_mite\d8a1b62d-7ea5-417c-aceb-b466f7822690___Com.G_SpM_FL 9487.JPG,256,256,1.0,116.29129028320312,28.53801155090332,1457.7286376953125,6.714869075749423,119.47145080566406,115.40444946289062,112.51683044433594
PlantVillage Internal,D:\Tomato_Disease_Research\plantvillage\Tomato_Spider_mites_Two_spotted_spider_mite\daa3aaa8-41a1-4b46-9b3e-3363ac2fb737___Com.G_SpM_FL 1210.JPG,256,256,1.0,129.93099975585938,51.03803634643555,8627.353515625,7.437876592091417,130.81878662109375,130.69239807128906,123.68190002441406
PlantVillage Internal,D:\Tomato_Disease_Research\plantvillage\Tomato_Spider_mites_Two_spotted_spider_mite\db594718-ad38-4d28-969c-c4bac1b5bbe1___Com.G_SpM_FL 8443.JPG,256,256,1.0,123.194580078125,41.87250900268555,5996.22265625,7.1808798216548935,129.0029296875,122.70649719238281,110.47352600097656
PlantVillage Internal,D:\Tomato_Disease_Research\plantvillage\Tomato_Spider_mites_Two_spotted_spider_mite\dbdc03e7-aed5-415b-9b93-2e47ef27f1c3___Com.G_SpM_FL 8498.JPG,256,256,1.0,113.33122253417969,48.5241813659668,4403.1875,7.386392413959026,117.49333190917969,113.20729064941406,103.05293273925781
PlantVillage Internal,D:\Tomato_Disease_Research\plantvillage\Tomato_Spider_mites_Two_spotted_spider_mite\dbf92257-e88c-45b3-b5c4-0731bab518e3___Com.G_SpM_FL 1297.JPG,256,256,1.0,111.01666259765625,37.8443717956543,5825.6650390625,7.196539095701154,106.62196350097656,112.75984191894531,113.5672607421875
PlantVillage Internal,D:\Tomato_Disease_Research\plantvillage\Tomato_Spider_mites_Two_spotted_spider_mite\dc37a0ac-c1ae-4f42-9e49-622af4cfa1cc___Com.G_SpM_FL 8939.JPG,256,256,1.0,108.0011215209961,45.21757125854492,8879.912109375,7.3559649444340955,119.16938781738281,106.51188659667969,86.37716674804688
PlantVillage Internal,D:\Tomato_Disease_Research\plantvillage\Tomato_Spider_mites_Two_spotted_spider_mite\dcfe0418-3991-4d0d-9722-dd14eb59f20e___Com.G_SpM_FL 8737.JPG,256,256,1.0,113.7391357421875,47.221282958984375,6902.0615234375,7.478045404735449,117.95654296875,113.65641784667969,103.10354614257812
PlantVillage Internal,D:\Tomato_Disease_Research\plantvillage\Tomato_Spider_mites_Two_spotted_spider_mite\dd65aea5-06e3-4e06-b3e0-3466c629c389___Com.G_SpM_FL 9001.JPG,256,256,1.0,122.43561553955078,50.58765411376953,6445.46875,7.337559407579442,134.20669555664062,121.52998352050781,96.22560119628906
PlantVillage Internal,D:\Tomato_Disease_Research\plantvillage\Tomato_Spider_mites_Two_spotted_spider_mite\dde082cf-6127-4818-8b41-7b3b2298d964___Com.G_SpM_FL 8927.JPG,256,256,1.0,116.88227081298828,52.74036407470703,6622.83544921875,7.402684537703598,128.86561584472656,115.28244018554688,93.69001770019531
PlantVillage Internal,D:\Tomato_Disease_Research\plantvillage\Tomato_Spider_mites_Two_spotted_spider_mite\ddee4e2d-6500-4bb7-baa8-e938dae78751___Com.G_SpM_FL 1504.JPG,256,256,1.0,125.31428527832031,43.75126266479492,8181.45458984375,7.308167298660922,128.5860137939453,125.71127319335938,114.68894958496094
PlantVillage Internal,D:\Tomato_Disease_Research\plantvillage\Tomato_Spider_mites_Two_spotted_spider_mite\de70ab7d-d4fc-48c1-8fbb-fbb4f0d75c63___Com.G_SpM_FL 1651.JPG,256,256,1.0,132.12933349609375,38.88956069946289,6899.0380859375,7.225458350333207,135.88958740234375,132.8721923828125,118.44180297851562
PlantVillage Internal,D:\Tomato_Disease_Research\plantvillage\Tomato_Spider_mites_Two_spotted_spider_mite\df453659-9691-44cb-9808-6a554ad92e10___Com.G_SpM_FL 1533.JPG,256,256,1.0,137.3619384765625,40.094078063964844,7361.39306640625,7.264052796404982,139.41796875,137.62501525878906,130.61459350585938
PlantVillage Internal,D:\Tomato_Disease_Research\plantvillage\Tomato_Spider_mites_Two_spotted_spider_mite\df5b37b7-f3aa-4659-85c7-fef204ad110e___Com.G_SpM_FL 1585.JPG,256,256,1.0,123.27900695800781,44.172874450683594,10844.0751953125,7.386814392063964,124.43971252441406,125.5174560546875,108.7086181640625
PlantVillage Internal,D:\Tomato_Disease_Research\plantvillage\Tomato_Spider_mites_Two_spotted_spider_mite\dfa0fb4a-f4c7-4e2f-b8d1-45a6aea110cc___Com.G_SpM_FL 8622.JPG,256,256,1.0,131.32110595703125,48.32881546020508,1639.558349609375,7.476576628319537,137.21710205078125,131.65890502929688,114.11766052246094
PlantVillage Internal,D:\Tomato_Disease_Research\plantvillage\Tomato_Spider_mites_Two_spotted_spider_mite\e0e80890-02b8-4cce-80fa-cb60e72b42c7___Com.G_SpM_FL 1659.JPG,256,256,1.0,119.89714050292969,42.0367317199707,8181.61474609375,7.372756868691907,120.92869567871094,121.63694763183594,108.23306274414062
PlantVillage Internal,D:\Tomato_Disease_Research\plantvillage\Tomato_Spider_mites_Two_spotted_spider_mite\e1b3535e-675c-4021-a14f-75da349d6127___Com.G_SpM_FL 8757.JPG,256,256,1.0,109.92918395996094,51.916507720947266,8212.349609375,7.510196057092762,114.56674194335938,109.72834777832031,98.79986572265625
PlantVillage Internal,D:\Tomato_Disease_Research\plantvillage\Tomato_Spider_mites_Two_spotted_spider_mite\e346d87d-cd42-425f-a7a0-8fca01cb6f75___Com.G_SpM_FL 8550.JPG,256,256,1.0,118.66224670410156,54.6065559387207,5169.0888671875,7.639811998655728,121.96427917480469,118.56524658203125,110.50108337402344
PlantVillage Internal,D:\Tomato_Disease_Research\plantvillage\Tomato_Spider_mites_Two_spotted_spider_mite\e4f581da-1a38-430b-9a91-fe00308afd4f___Com.G_SpM_FL 9469.JPG,256,256,1.0,106.87458801269531,28.998336791992188,2529.867431640625,6.786962673230795,109.53729248046875,105.75555419921875,105.65290832519531
PlantVillage Internal,D:\Tomato_Disease_Research\plantvillage\Tomato_Spider_mites_Two_spotted_spider_mite\e5465236-4d0d-44e8-b6fa-9d3c908306c2___Com.G_SpM_FL 1601.JPG,256,256,1.0,115.40093994140625,47.8011474609375,8446.5703125,7.393430821190321,117.36920166015625,116.80287170410156,103.01988220214844
PlantVillage Internal,D:\Tomato_Disease_Research\plantvillage\Tomato_Spider_mites_Two_spotted_spider_mite\e6ebca7a-cacc-4ca4-bf8b-1c5f63f847dc___Com.G_SpM_FL 1511.JPG,256,256,1.0,128.1781768798828,39.097076416015625,7716.42138671875,7.231114860012017,129.49830627441406,130.4059600830078,113.24456787109375
PlantVillage Internal,D:\Tomato_Disease_Research\plantvillage\Tomato_Spider_mites_Two_spotted_spider_mite\ea697bbb-9f03-4415-980e-9966f66f1e8c___Com.G_SpM_FL 8678.JPG,256,256,1.0,124.079345703125,51.78858184814453,5791.896484375,7.463581577158306,129.16806030273438,123.28683471679688,114.81333923339844
PlantVillage Internal,D:\Tomato_Disease_Research\plantvillage\Tomato_Spider_mites_Two_spotted_spider_mite\ec2742ac-9e83-449c-8f1f-9e53e07d5da5___Com.G_SpM_FL 8526.JPG,256,256,1.0,110.30319213867188,47.26798629760742,3682.902099609375,7.3672836189231,113.83123779296875,110.66050720214844,99.20997619628906
PlantVillage Internal,D:\Tomato_Disease_Research\plantvillage\Tomato_Spider_mites_Two_spotted_spider_mite\ef3fd109-228e-4e7b-8b22-277e41a79335___Com.G_SpM_FL 9542.JPG,256,256,1.0,107.244384765625,42.21004867553711,7854.92578125,7.243049099264052,111.65010070800781,106.28652954101562,100.62118530273438
PlantVillage Internal,D:\Tomato_Disease_Research\plantvillage\Tomato_Spider_mites_Two_spotted_spider_mite\f18824ce-b2f5-4320-8984-340fdc1416c9___Com.G_SpM_FL 9591.JPG,256,256,1.0,129.23460388183594,37.39379119873047,4081.19921875,7.174971142881759,130.27699279785156,130.48793029785156,120.04716491699219
PlantVillage Internal,D:\Tomato_Disease_Research\plantvillage\Tomato_Spider_mites_Two_spotted_spider_mite\f47ddff5-50f1-4eb0-b8bf-6980fe776162___Com.G_SpM_FL 1695.JPG,256,256,1.0,124.95487213134766,42.97140884399414,9908.564453125,7.368971366180734,129.18948364257812,125.26133728027344,112.27021789550781
PlantVillage Internal,D:\Tomato_Disease_Research\plantvillage\Tomato_Spider_mites_Two_spotted_spider_mite\f5cf6938-855e-479f-b909-a9bc12fcb76c___Com.G_SpM_FL 8733.JPG,256,256,1.0,106.99563598632812,48.283023834228516,8055.7314453125,7.466676299945847,111.64111328125,107.24496459960938,93.52760314941406
PlantVillage Internal,D:\Tomato_Disease_Research\plantvillage\Tomato_Spider_mites_Two_spotted_spider_mite\f7676e6d-a9f2-4c4e-b15c-305f9f16aaa1___Com.G_SpM_FL 9415.JPG,256,256,1.0,120.6795654296875,38.91686248779297,5216.2314453125,7.164487155556033,122.18331909179688,120.77493286132812,116.24435424804688
PlantVillage Internal,D:\Tomato_Disease_Research\plantvillage\Tomato_Spider_mites_Two_spotted_spider_mite\f82052fb-163c-4ef6-acf0-49543f500f72___Com.G_SpM_FL 8494.JPG,256,256,1.0,121.78657531738281,47.20712661743164,3856.79443359375,7.335349166265782,124.57351684570312,122.35324096679688,111.55912780761719
PlantVillage Internal,D:\Tomato_Disease_Research\plantvillage\Tomato_Spider_mites_Two_spotted_spider_mite\f8505395-0291-442f-a735-f98b806f896e___Com.G_SpM_FL 1271.JPG,256,256,1.0,130.46820068359375,44.29548263549805,7369.8037109375,7.353747493229868,131.19483947753906,132.74740600585938,116.82661437988281
PlantVillage Internal,D:\Tomato_Disease_Research\plantvillage\Tomato_Spider_mites_Two_spotted_spider_mite\f87dde9f-b0ca-4b96-a065-545d707d72a6___Com.G_SpM_FL 8946.JPG,256,256,1.0,112.66038513183594,45.468421936035156,7902.73486328125,7.3382485460857545,125.25556945800781,110.22317504882812,92.17521667480469
PlantVillage Internal,D:\Tomato_Disease_Research\plantvillage\Tomato_Spider_mites_Two_spotted_spider_mite\f8f05d07-a357-4cb6-8306-f6a8fcf87f04___Com.G_SpM_FL 1559.JPG,256,256,1.0,125.41169738769531,51.11323928833008,7056.1103515625,7.371206308343057,126.11616516113281,127.24667358398438,114.11552429199219
PlantVillage Internal,D:\Tomato_Disease_Research\plantvillage\Tomato_Spider_mites_Two_spotted_spider_mite\fa497010-52f0-46df-90ab-c40e1d9bb34b___Com.G_SpM_FL 8542.JPG,256,256,1.0,107.35987091064453,36.785762786865234,2467.848388671875,7.198149051785505,110.32914733886719,106.2177734375,105.45283508300781
PlantVillage Internal,D:\Tomato_Disease_Research\plantvillage\Tomato_Spider_mites_Two_spotted_spider_mite\fb7d1c6e-6d3c-4f03-b8dd-9c51740ed23a___Com.G_SpM_FL 1681.JPG,256,256,1.0,115.76722717285156,54.49725341796875,5713.7783203125,7.489701669766838,116.10026550292969,118.2537841796875,102.09024047851562
PlantVillage Internal,D:\Tomato_Disease_Research\plantvillage\Tomato_Spider_mites_Two_spotted_spider_mite\fbc3d1d5-cffd-4362-83c7-c88f56697060___Com.G_SpM_FL 9532.JPG,256,256,1.0,115.23971557617188,43.03744125366211,3978.950439453125,7.2364350729057865,116.83413696289062,116.13224792480469,106.46205139160156
PlantVillage Internal,D:\Tomato_Disease_Research\plantvillage\Tomato_Spider_mites_Two_spotted_spider_mite\fe1c35cf-8f9d-4986-b8b3-6d116bc8b388___Com.G_SpM_FL 8633.JPG,256,256,1.0,105.37141418457031,51.26804733276367,7241.26123046875,7.52925414920213,108.64126586914062,106.17787170410156,92.64263916015625
PlantVillage Internal,D:\Tomato_Disease_Research\plantvillage\Tomato_Spider_mites_Two_spotted_spider_mite\ff9a52b5-b200-4f23-9e0d-629b1a0e89db___Com.G_SpM_FL 8634.JPG,256,256,1.0,110.70560455322266,47.48778533935547,5690.1044921875,7.481958234114168,113.48748779296875,111.41108703613281,99.77662658691406
PlantVillage Internal,D:\Tomato_Disease_Research\plantvillage\Tomato__Target_Spot\0118c27a-f34a-41e1-8b2f-d2c564f83c5c___Com.G_TgS_FL 0013.JPG,256,256,1.0,120.06242370605469,42.45530319213867,4291.8935546875,7.361548413668516,122.20970153808594,120.19035339355469,113.77177429199219
PlantVillage Internal,D:\Tomato_Disease_Research\plantvillage\Tomato__Target_Spot\02b891ad-b252-4f46-8618-89a0c36193c2___Com.G_TgS_FL 0038.JPG,256,256,1.0,114.50778198242188,36.446929931640625,4018.79052734375,7.142869009226969,114.41242980957031,116.02351379394531,106.9532470703125
PlantVillage Internal,D:\Tomato_Disease_Research\plantvillage\Tomato__Target_Spot\03002b91-afe3-4c72-86b8-31028913434e___Com.G_TgS_FL 0682.JPG,256,256,1.0,124.84693908691406,44.084049224853516,7322.22998046875,7.3535193059462705,122.58329772949219,126.48951721191406,122.32621765136719
PlantVillage Internal,D:\Tomato_Disease_Research\plantvillage\Tomato__Target_Spot\04877a47-d7e8-461d-b943-00099f3a2a95___Com.G_TgS_FL 0838.JPG,256,256,1.0,121.90574645996094,51.2596549987793,7251.580078125,7.468402611517133,118.86882019042969,125.61836242675781,110.75428771972656
PlantVillage Internal,D:\Tomato_Disease_Research\plantvillage\Tomato__Target_Spot\05afadf4-12e7-478e-bb0c-334e2bf553f3___Com.G_TgS_FL 0744.JPG,256,256,1.0,131.78565979003906,45.80537414550781,7345.2265625,7.370301038802708,129.89439392089844,133.16909790039062,129.6226348876953
PlantVillage Internal,D:\Tomato_Disease_Research\plantvillage\Tomato__Target_Spot\06ddddf1-c107-4e34-9546-676f00f52254___Com.G_TgS_FL 8070.JPG,256,256,1.0,124.02631378173828,48.768402099609375,5500.962890625,7.387236838597012,122.69993591308594,125.29141235351562,120.99102783203125
PlantVillage Internal,D:\Tomato_Disease_Research\plantvillage\Tomato__Target_Spot\0982f241-41b3-4905-83b9-f8c6cf846688___Com.G_TgS_FL 0034.JPG,256,256,1.0,124.90647888183594,39.03245544433594,5209.828125,7.2631145471334575,124.69046020507812,126.21296691894531,118.74588012695312
PlantVillage Internal,D:\Tomato_Disease_Research\plantvillage\Tomato__Target_Spot\0c80eea7-7c6f-4f3c-be3d-6cca9ec30c1b___Com.G_TgS_FL 0991.JPG,256,256,1.0,117.61276245117188,45.162330627441406,8572.880859375,7.460903054770434,117.66944885253906,119.69613647460938,106.73649597167969
PlantVillage Internal,D:\Tomato_Disease_Research\plantvillage\Tomato__Target_Spot\0cb83b4d-281d-4b8f-a52a-8178fa8af907___Com.G_TgS_FL 7928.JPG,256,256,1.0,127.94876861572266,49.9072265625,3878.157958984375,7.489620061981768,125.65888977050781,129.9545135498047,123.62684631347656
PlantVillage Internal,D:\Tomato_Disease_Research\plantvillage\Tomato__Target_Spot\0fe7d644-dc8b-49f7-9a41-33ec029f6437___Com.G_TgS_FL 8274.JPG,256,256,1.0,121.01318359375,43.592742919921875,9802.38671875,7.386481904318295,124.78793334960938,119.78591918945312,117.43202209472656
PlantVillage Internal,D:\Tomato_Disease_Research\plantvillage\Tomato__Target_Spot\1078fabc-a383-469b-a3ae-6ab9688224f1___Com.G_TgS_FL 0790.JPG,256,256,1.0,121.66801452636719,48.65284729003906,8413.26953125,7.450650799836247,119.1134033203125,124.10104370117188,115.84024047851562
PlantVillage Internal,D:\Tomato_Disease_Research\plantvillage\Tomato__Target_Spot\120190ab-fc78-47d6-94da-bc524d9e9c9a___Com.G_TgS_FL 7954.JPG,256,256,1.0,116.39256286621094,53.13671112060547,7238.1376953125,7.540743647105304,116.927978515625,117.33790588378906,110.12054443359375
PlantVillage Internal,D:\Tomato_Disease_Research\plantvillage\Tomato__Target_Spot\12c492b4-fb79-47c4-9bdd-720c1361a355___Com.G_TgS_FL 8224.JPG,256,256,1.0,129.27349853515625,51.11726760864258,5133.751953125,7.244157969536795,126.29208374023438,132.38980102539062,121.04685974121094
PlantVillage Internal,D:\Tomato_Disease_Research\plantvillage\Tomato__Target_Spot\14f4965f-3d48-49a6-9399-f6f3d7646630___Com.G_TgS_FL 7963.JPG,256,256,1.0,106.00523376464844,44.430171966552734,4221.064453125,7.281267680174738,101.88380432128906,109.85623168945312,96.98576354980469
PlantVillage Internal,D:\Tomato_Disease_Research\plantvillage\Tomato__Target_Spot\1618e9b6-dbf3-4d92-a9bb-0460f121015b___Com.G_TgS_FL 9754.JPG,256,256,1.0,124.216552734375,37.46775817871094,6532.85498046875,7.114962354453772,128.1770477294922,123.37220764160156,118.17657470703125
PlantVillage Internal,D:\Tomato_Disease_Research\plantvillage\Tomato__Target_Spot\17b9c917-6c33-4f94-a976-64812727073c___Com.G_TgS_FL 7875.JPG,256,256,1.0,101.27626037597656,44.77276611328125,4012.94091796875,7.269906519025376,101.18511962890625,102.32453918457031,96.11767578125
PlantVillage Internal,D:\Tomato_Disease_Research\plantvillage\Tomato__Target_Spot\18aec9e4-7df5-42ff-8465-748a8231ab0a___Com.G_TgS_FL 8101.JPG,256,256,1.0,110.91926574707031,50.386009216308594,5017.376953125,7.484884999991335,108.64918518066406,114.2515869140625,99.71469116210938
PlantVillage Internal,D:\Tomato_Disease_Research\plantvillage\Tomato__Target_Spot\191ce103-d383-4bee-8418-e885e048e001___Com.G_TgS_FL 8248.JPG,256,256,1.0,123.50469970703125,51.02859878540039,9437.7255859375,7.361294383022898,123.39456176757812,124.42233276367188,119.06851196289062
PlantVillage Internal,D:\Tomato_Disease_Research\plantvillage\Tomato__Target_Spot\1a94e7be-a54f-42e2-ac9c-7242ea9d0fb0___Com.G_TgS_FL 9852.JPG,256,256,1.0,100.3218765258789,31.171489715576172,4714.0751953125,6.932515907654198,101.83433532714844,99.89883422851562,98.53330993652344
PlantVillage Internal,D:\Tomato_Disease_Research\plantvillage\Tomato__Target_Spot\1bc7877c-d674-4242-bc37-a77b5e7d7dc6___Com.G_TgS_FL 8263.JPG,256,256,1.0,116.73412322998047,52.20402908325195,9141.8974609375,7.489485092060631,114.68557739257812,118.95318603515625,110.68081665039062
PlantVillage Internal,D:\Tomato_Disease_Research\plantvillage\Tomato__Target_Spot\1c986ad6-8c08-4b6e-ac23-184d3d8d84fa___Com.G_TgS_FL 8083.JPG,256,256,1.0,113.79651641845703,47.499969482421875,6525.2744140625,7.3411568001573695,112.31881713867188,116.63993835449219,103.03111267089844
PlantVillage Internal,D:\Tomato_Disease_Research\plantvillage\Tomato__Target_Spot\1cc31c92-0fbd-488a-b0a2-ef25f985bf13___Com.G_TgS_FL 9840.JPG,256,256,1.0,111.94464111328125,32.478248596191406,3126.640625,6.975768474323619,111.82846069335938,113.19036865234375,105.83497619628906
PlantVillage Internal,D:\Tomato_Disease_Research\plantvillage\Tomato__Target_Spot\225b37a6-449f-4436-92be-ae3299f968a4___Com.G_TgS_FL 8197.JPG,256,256,1.0,115.6688232421875,45.8072395324707,9079.5595703125,7.305790816525416,115.59144592285156,116.52262878417969,111.47543334960938
PlantVillage Internal,D:\Tomato_Disease_Research\plantvillage\Tomato__Target_Spot\242cf310-927e-4933-85b6-d4d019ae6db1___Com.G_TgS_FL 0017.JPG,256,256,1.0,108.74308013916016,38.238162994384766,4196.54736328125,7.241437811255306,109.45315551757812,109.68550109863281,102.028076171875
PlantVillage Internal,D:\Tomato_Disease_Research\plantvillage\Tomato__Target_Spot\2914d8c0-09ba-4a50-a075-738c4a63e288___Com.G_TgS_FL 8119.JPG,256,256,1.0,124.95758056640625,37.17494201660156,2553.41552734375,7.081643258883665,126.17945861816406,125.5469970703125,118.71778869628906
PlantVillage Internal,D:\Tomato_Disease_Research\plantvillage\Tomato__Target_Spot\2a71aaa1-bbbc-4d44-a8b6-8ef1f0ebd8ff___Com.G_TgS_FL 1102.JPG,256,256,1.0,121.9361343383789,45.96991729736328,8949.9140625,7.480772126723861,123.61878967285156,122.66297912597656,113.78024291992188
PlantVillage Internal,D:\Tomato_Disease_Research\plantvillage\Tomato__Target_Spot\30e99558-7eac-4fbc-a9dc-7f2af1d8ee23___Com.G_TgS_FL 0782.JPG,256,256,1.0,128.09646606445312,38.647560119628906,9324.431640625,7.228576478545751,125.99325561523438,129.9005584716797,124.32330322265625
PlantVillage Internal,D:\Tomato_Disease_Research\plantvillage\Tomato__Target_Spot\31dff38a-b7d1-47b7-af46-2dcef29f4e0e___Com.G_TgS_FL 1077.JPG,256,256,1.0,118.88020324707031,56.02947998046875,7050.11865234375,7.544909459111631,122.95533752441406,119.35606384277344,105.74166870117188
PlantVillage Internal,D:\Tomato_Disease_Research\plantvillage\Tomato__Target_Spot\34c49f9c-0733-44d6-ad40-d97d7d655d0d___Com.G_TgS_FL 0714.JPG,256,256,1.0,130.83351135253906,44.73044967651367,2679.0234375,7.268328613749358,124.66282653808594,136.72450256347656,116.6845703125
PlantVillage Internal,D:\Tomato_Disease_Research\plantvillage\Tomato__Target_Spot\356ff048-7937-4c55-b0d4-f831c7cb80e4___Com.G_TgS_FL 0680.JPG,256,256,1.0,126.3080825805664,36.321903228759766,12289.873046875,7.143114296585723,123.98954772949219,128.0493621826172,123.42303466796875
PlantVillage Internal,D:\Tomato_Disease_Research\plantvillage\Tomato__Target_Spot\35b0ec56-80f9-4fee-bbf4-b80f782ad37b___Com.G_TgS_FL 9985.JPG,256,256,1.0,133.52349853515625,35.10042190551758,4075.01171875,7.093318548983356,137.2909698486328,135.2665252685547,114.6671142578125
PlantVillage Internal,D:\Tomato_Disease_Research\plantvillage\Tomato__Target_Spot\36356b7e-0d6b-4ead-af0d-2c2125406086___Com.G_TgS_FL 0882.JPG,256,256,1.0,121.71768951416016,44.49606704711914,8854.455078125,7.392925782737484,121.90133666992188,122.41844177246094,117.62773132324219
PlantVillage Internal,D:\Tomato_Disease_Research\plantvillage\Tomato__Target_Spot\37a012b0-0bf4-4e52-a933-2e422f54fd3e___Com.G_TgS_FL 0669.JPG,256,256,1.0,120.95219421386719,49.52559280395508,7505.431640625,7.5187040785595,116.68411254882812,124.16334533691406,115.6119384765625
PlantVillage Internal,D:\Tomato_Disease_Research\plantvillage\Tomato__Target_Spot\38351f40-e395-478b-a6b0-e3012dae1497___Com.G_TgS_FL 8328.JPG,256,256,1.0,119.66252899169922,46.829219818115234,11123.6455078125,7.431175999492217,121.31526184082031,119.9771728515625,113.70758056640625
PlantVillage Internal,D:\Tomato_Disease_Research\plantvillage\Tomato__Target_Spot\3919bfe9-902a-439d-b3db-3027ef2f59f2___Com.G_TgS_FL 0849.JPG,256,256,1.0,117.61626434326172,48.028778076171875,8876.8623046875,7.384374588627014,116.90673828125,119.51246643066406,109.71342468261719
PlantVillage Internal,D:\Tomato_Disease_Research\plantvillage\Tomato__Target_Spot\3a2dbdb1-188c-4499-acff-1bcc3b377320___Com.G_TgS_FL 8206.JPG,256,256,1.0,116.02503967285156,43.602386474609375,10571.390625,7.389662948539046,114.68524169921875,117.41226196289062,112.39605712890625
PlantVillage Internal,D:\Tomato_Disease_Research\plantvillage\Tomato__Target_Spot\3a8eb501-7b8f-458b-8c61-ae581f5a68b9___Com.G_TgS_FL 8031.JPG,256,256,1.0,108.44503784179688,44.2591667175293,3846.67529296875,7.242335735012594,109.36253356933594,108.61619567871094,105.15728759765625
PlantVillage Internal,D:\Tomato_Disease_Research\plantvillage\Tomato__Target_Spot\3daec3cc-fd1d-495e-ac1b-8aaa30013d7b___Com.G_TgS_FL 8064.JPG,256,256,1.0,119.78695678710938,45.185298919677734,8512.359375,7.32332505596113,118.51904296875,122.37324523925781,109.79537963867188
PlantVillage Internal,D:\Tomato_Disease_Research\plantvillage\Tomato__Target_Spot\3f273e21-2b93-4327-ad8f-d1d94766b63a___Com.G_TgS_FL 9874.JPG,256,256,1.0,116.401123046875,31.28901481628418,2464.5048828125,6.883752759277485,120.83453369140625,115.59042358398438,108.94760131835938
PlantVillage Internal,D:\Tomato_Disease_Research\plantvillage\Tomato__Target_Spot\41048a22-282d-4809-b0cf-7ce721d0bc77___Com.G_TgS_FL 0691.JPG,256,256,1.0,125.8849105834961,44.4525032043457,9866.8515625,7.330627358994634,120.94038391113281,128.99693298339844,122.8292236328125
PlantVillage Internal,D:\Tomato_Disease_Research\plantvillage\Tomato__Target_Spot\41bb6805-695e-4c35-854c-ce4ed54388b3___Com.G_TgS_FL 9907.JPG,256,256,1.0,88.37762451171875,33.2982292175293,3483.92333984375,7.006422878339807,89.82426452636719,88.38040161132812,84.56898498535156
PlantVillage Internal,D:\Tomato_Disease_Research\plantvillage\Tomato__Target_Spot\422f18d4-03d3-410c-97f0-f92590db890a___Com.G_TgS_FL 8085.JPG,256,256,1.0,113.87051391601562,36.447547912597656,6464.6201171875,7.121463424563958,116.97293090820312,112.50987243652344,112.73963928222656
PlantVillage Internal,D:\Tomato_Disease_Research\plantvillage\Tomato__Target_Spot\430e6f3e-b03e-44db-8f0b-2269c0a74ef3___Com.G_TgS_FL 8261.JPG,256,256,1.0,117.98683166503906,51.63439178466797,11156.5283203125,7.519204307920367,115.71504211425781,120.41960144042969,111.41868591308594
PlantVillage Internal,D:\Tomato_Disease_Research\plantvillage\Tomato__Target_Spot\44a9131e-6f2a-408d-ab7e-ccd0a935cdcc___Com.G_TgS_FL 9934.JPG,256,256,1.0,121.87991333007812,34.644771575927734,6577.888671875,7.098927223989822,123.21693420410156,122.588134765625,114.7264404296875
PlantVillage Internal,D:\Tomato_Disease_Research\plantvillage\Tomato__Target_Spot\475c75ea-145e-4942-af28-0278cfaedd05___Com.G_TgS_FL 9949.JPG,256,256,1.0,113.20265197753906,33.77176284790039,4333.53271484375,7.054043272444711,115.86114501953125,113.09556579589844,106.78135681152344
PlantVillage Internal,D:\Tomato_Disease_Research\plantvillage\Tomato__Target_Spot\4a38d0a4-e08d-41f5-94bd-aec70894c52e___Com.G_TgS_FL 7999.JPG,256,256,1.0,108.79368591308594,46.7023811340332,4284.8369140625,7.372535290416989,109.96778869628906,108.84136962890625,105.46865844726562
PlantVillage Internal,D:\Tomato_Disease_Research\plantvillage\Tomato__Target_Spot\4b98528b-25af-4f6d-b094-9b69eac52082___Com.G_TgS_FL 0932.JPG,256,256,1.0,126.52861022949219,54.95083999633789,7989.2421875,7.553313001271961,126.16917419433594,127.95259094238281,120.13906860351562
PlantVillage Internal,D:\Tomato_Disease_Research\plantvillage\Tomato__Target_Spot\4cb457d8-e493-414a-967a-f2b8ac0d3758___Com.G_TgS_FL 1093.JPG,256,256,1.0,115.97111511230469,47.7852897644043,11226.3408203125,7.490499562605018,120.73216247558594,115.31988525390625,106.83709716796875
PlantVillage Internal,D:\Tomato_Disease_Research\plantvillage\Tomato__Target_Spot\4cf7fd8f-f605-41c6-93ab-76da0119d40a___Com.G_TgS_FL 8162.JPG,256,256,1.0,118.74913024902344,40.93391799926758,7000.57373046875,7.152492952097592,117.04037475585938,121.028564453125,111.49380493164062
PlantVillage Internal,D:\Tomato_Disease_Research\plantvillage\Tomato__Target_Spot\4da7287d-0928-413c-8dbe-965e6db6c8bd___Com.G_TgS_FL 9666.JPG,256,256,1.0,119.50967407226562,34.196964263916016,3589.405517578125,7.070611822268377,119.28810119628906,120.16416931152344,116.72076416015625
PlantVillage Internal,D:\Tomato_Disease_Research\plantvillage\Tomato__Target_Spot\4dd67eba-381f-4733-9fde-2263b4da5dd0___Com.G_TgS_FL 9947.JPG,256,256,1.0,112.59839630126953,33.32644271850586,3155.07177734375,7.059608555719629,115.08279418945312,112.44677734375,106.86302185058594
PlantVillage Internal,D:\Tomato_Disease_Research\plantvillage\Tomato__Target_Spot\5084c5f1-06fe-49de-acb1-504005946047___Com.G_TgS_FL 0036.JPG,256,256,1.0,108.55630493164062,35.00314712524414,4304.1123046875,7.141274706079293,108.74510192871094,109.81442260742188,101.58293151855469
PlantVillage Internal,D:\Tomato_Disease_Research\plantvillage\Tomato__Target_Spot\50d1f78e-2d2d-41f4-ae65-c0888b4f6c1a___Com.G_TgS_FL 0914.JPG,256,256,1.0,123.23947143554688,47.759788513183594,8116.49169921875,7.478734043502168,122.9677734375,125.55641174316406,112.02186584472656
PlantVillage Internal,D:\Tomato_Disease_Research\plantvillage\Tomato__Target_Spot\51d654f9-ba95-4e86-babe-ad3373593c45___Com.G_TgS_FL 0730.JPG,256,256,1.0,126.93603515625,49.68540573120117,7763.064453125,7.412714560651768,125.29489135742188,128.84278869628906,121.42227172851562
PlantVillage Internal,D:\Tomato_Disease_Research\plantvillage\Tomato__Target_Spot\5294d092-ad0f-4b6c-908d-36a09d76afff___Com.G_TgS_FL 8024.JPG,256,256,1.0,98.51692199707031,41.268558502197266,5221.78466796875,7.243389628636549,100.28294372558594,98.48304748535156,94.05937194824219
PlantVillage Internal,D:\Tomato_Disease_Research\plantvillage\Tomato__Target_Spot\53ea7721-f2ca-44d7-b4f7-ca1d897210f5___Com.G_TgS_FL 0014.JPG,256,256,1.0,116.48031616210938,40.729942321777344,3737.76123046875,7.286756063046452,118.36137390136719,116.95281982421875,109.11373901367188
PlantVillage Internal,D:\Tomato_Disease_Research\plantvillage\Tomato__Target_Spot\540358b3-4832-42fb-92d0-d270e61cb9da___Com.G_TgS_FL 8066.JPG,256,256,1.0,118.19766235351562,46.617923736572266,4807.8037109375,7.430853097100686,115.66313171386719,121.59025573730469,107.37638854980469
PlantVillage Internal,D:\Tomato_Disease_Research\plantvillage\Tomato__Target_Spot\56292fd3-f213-48db-9255-0e5db12840e8___Com.G_TgS_FL 0794.JPG,256,256,1.0,124.76342010498047,55.505802154541016,7208.7587890625,7.617589443619654,121.63288879394531,128.3244171142578,114.63809204101562
PlantVillage Internal,D:\Tomato_Disease_Research\plantvillage\Tomato__Target_Spot\57a771b8-27b3-4473-97bb-cba353ba52a4___Com.G_TgS_FL 1100.JPG,256,256,1.0,110.54351806640625,48.13117218017578,9047.365234375,7.492720937149533,112.13005065917969,111.63650512695312,100.75448608398438
PlantVillage Internal,D:\Tomato_Disease_Research\plantvillage\Tomato__Target_Spot\581d4912-6d16-4275-a26d-6c77cd109484___Com.G_TgS_FL 0940.JPG,256,256,1.0,127.07473754882812,48.00050735473633,7530.7392578125,7.477717861364421,128.13978576660156,128.3581085205078,117.67308044433594
PlantVillage Internal,D:\Tomato_Disease_Research\plantvillage\Tomato__Target_Spot\586a0ee5-3dec-49b2-b1d0-0eb71b166f9e___Com.G_TgS_FL 0681.JPG,256,256,1.0,125.3741455078125,42.439918518066406,9261.6259765625,7.286789838605079,123.5081787109375,126.76866149902344,123.08767700195312
PlantVillage Internal,D:\Tomato_Disease_Research\plantvillage\Tomato__Target_Spot\58a5c7b3-241c-4bb5-b059-825a8da439b8___Com.G_TgS_FL 8264.JPG,256,256,1.0,117.84672546386719,46.303104400634766,12606.771484375,7.396598504478274,120.31608581542969,117.14839172363281,114.96592712402344
PlantVillage Internal,D:\Tomato_Disease_Research\plantvillage\Tomato__Target_Spot\58d63675-d19d-45c7-9b75-3a28fbb2a22b___Com.G_TgS_FL 9727.JPG,256,256,1.0,126.8902816772461,41.56984329223633,5701.9296875,7.2818286552152465,128.92193603515625,127.91773986816406,116.27107238769531
PlantVillage Internal,D:\Tomato_Disease_Research\plantvillage\Tomato__Target_Spot\5a084ee2-7a6d-445e-a269-a26e50bd8883___Com.G_TgS_FL 9673.JPG,256,256,1.0,127.33006286621094,41.3375358581543,8263.310546875,7.318049834164616,132.7530517578125,125.93341064453125,120.29814147949219
PlantVillage Internal,D:\Tomato_Disease_Research\plantvillage\Tomato__Target_Spot\5b9d911c-97d2-4a47-99d1-356dd365e213___Com.G_TgS_FL 8073.JPG,256,256,1.0,115.53608703613281,46.23703384399414,7694.3017578125,7.2666034354063225,119.765380859375,114.48764038085938,109.84197998046875
PlantVillage Internal,D:\Tomato_Disease_Research\plantvillage\Tomato__Target_Spot\5bf86a15-b1e5-47be-9b76-8678a54d89f4___Com.G_TgS_FL 0875.JPG,256,256,1.0,118.7423095703125,54.63578414916992,8635.76953125,7.601620885573856,117.4613037109375,120.63557434082031,112.35348510742188
PlantVillage Internal,D:\Tomato_Disease_Research\plantvillage\Tomato__Target_Spot\5cbe1c45-081e-4fac-a3ac-988bace7c8b6___Com.G_TgS_FL 8084.JPG,256,256,1.0,109.87124633789062,52.91263198852539,6409.88427734375,7.537019680579223,109.37693786621094,111.44194030761719,103.08004760742188
PlantVillage Internal,D:\Tomato_Disease_Research\plantvillage\Tomato__Target_Spot\62b9fcc7-a7fe-474c-b036-8a3359465a0e___Com.G_TgS_FL 8106.JPG,256,256,1.0,114.11041259765625,45.695465087890625,7068.8193359375,7.422621635838699,114.58712768554688,115.12896728515625,107.61540222167969
PlantVillage Internal,D:\Tomato_Disease_Research\plantvillage\Tomato__Target_Spot\65fc846a-ffd1-49ca-9f1e-1050ac94c196___Com.G_TgS_FL 8093.JPG,256,256,1.0,117.7544174194336,42.10866928100586,10189.810546875,7.348272808993535,118.461669921875,118.35702514648438,112.79652404785156
PlantVillage Internal,D:\Tomato_Disease_Research\plantvillage\Tomato__Target_Spot\6733bfc5-dea6-45de-ae97-bdc9a44b1d61___Com.G_TgS_FL 0863.JPG,256,256,1.0,118.64556121826172,49.60771560668945,8603.990234375,7.456960515366947,115.65501403808594,121.12196350097656,113.73785400390625
PlantVillage Internal,D:\Tomato_Disease_Research\plantvillage\Tomato__Target_Spot\673e781f-05e7-4ad4-bd44-ec339161868e___Com.G_TgS_FL 9755.JPG,256,256,1.0,129.8087615966797,36.08502960205078,6644.94140625,7.0709034506687445,132.9518280029297,129.509033203125,123.10845947265625
PlantVillage Internal,D:\Tomato_Disease_Research\plantvillage\Tomato__Target_Spot\67428adc-ca72-4ad8-b042-2663d6efb864___Com.G_TgS_FL 1127.JPG,256,256,1.0,126.43502807617188,54.55146026611328,9936.38671875,7.624526821131899,131.40985107421875,125.84822082519531,116.4085693359375
PlantVillage Internal,D:\Tomato_Disease_Research\plantvillage\Tomato__Target_Spot\67d9c882-7661-4315-b9ca-d1f32e91205a___Com.G_TgS_FL 8193.JPG,256,256,1.0,116.41911315917969,47.83298110961914,10383.96875,7.374355485795948,115.63435363769531,118.16487121582031,109.48826599121094
PlantVillage Internal,D:\Tomato_Disease_Research\plantvillage\Tomato__Target_Spot\6882e052-a4d1-47e6-b57e-3376108e37f9___Com.G_TgS_FL 0701.JPG,256,256,1.0,111.90254211425781,52.71635437011719,7148.54150390625,7.369606676066875,107.33015441894531,116.44691467285156,100.49542236328125
PlantVillage Internal,D:\Tomato_Disease_Research\plantvillage\Tomato__Target_Spot\68cb6347-4fb9-42e8-8620-837a3c9d44b3___Com.G_TgS_FL 0751.JPG,256,256,1.0,116.76692962646484,54.201148986816406,9668.583984375,7.590774685262254,111.68081665039062,120.42935180664062,111.24858093261719
PlantVillage Internal,D:\Tomato_Disease_Research\plantvillage\Tomato__Target_Spot\6a512ebc-696c-43a8-b03a-23acabaa5b52___Com.G_TgS_FL 9738.JPG,256,256,1.0,116.2308120727539,43.399131774902344,7818.310546875,7.265567268771202,119.47657775878906,115.83102416992188,109.77635192871094
PlantVillage Internal,D:\Tomato_Disease_Research\plantvillage\Tomato__Target_Spot\6bd21bee-4648-43fc-b481-dc4913a8c9be___Com.G_TgS_FL 0841.JPG,256,256,1.0,122.44256591796875,48.727149963378906,10259.51953125,7.418123173565588,119.81640625,124.87162780761719,116.82290649414062
PlantVillage Internal,D:\Tomato_Disease_Research\plantvillage\Tomato__Target_Spot\6c750a22-e196-4476-a5da-f4eeab43d9b0___Com.G_TgS_FL 8052.JPG,256,256,1.0,112.75297546386719,48.94057083129883,7459.17333984375,7.505675204816718,111.6322021484375,114.31585693359375,107.64509582519531
PlantVillage Internal,D:\Tomato_Disease_Research\plantvillage\Tomato__Target_Spot\6d8550bb-b43d-4e66-a5fc-f320110ad625___Com.G_TgS_FL 9905.JPG,256,256,1.0,123.67505645751953,33.21160125732422,6172.751953125,7.06292931138149,125.64710998535156,125.16889953613281,110.81077575683594
PlantVillage Internal,D:\Tomato_Disease_Research\plantvillage\Tomato__Target_Spot\6db16a45-1060-4ba5-924e-183ce273410a___Com.G_TgS_FL 8124.JPG,256,256,1.0,125.73637390136719,46.201847076416016,5804.3759765625,7.336493552496186,125.61543273925781,128.39561462402344,112.36083984375
PlantVillage Internal,D:\Tomato_Disease_Research\plantvillage\Tomato__Target_Spot\6eddf6dc-415f-4e8d-b6b6-3080370e228b___Com.G_TgS_FL 0659.JPG,256,256,1.0,126.85252380371094,45.518924713134766,9453.400390625,7.426781220442589,122.00131225585938,129.94810485839844,123.63681030273438
PlantVillage Internal,D:\Tomato_Disease_Research\plantvillage\Tomato__Target_Spot\6ef6ef8a-dde4-4255-9541-8f11c961f06b___Com.G_TgS_FL 8067.JPG,256,256,1.0,111.73725891113281,44.6730842590332,5594.267578125,7.31000156704346,111.15727233886719,112.8760986328125,107.39450073242188
PlantVillage Internal,D:\Tomato_Disease_Research\plantvillage\Tomato__Target_Spot\6f37e2ac-cd3a-420e-8525-7225500c8e34___Com.G_TgS_FL 0802.JPG,256,256,1.0,127.83991241455078,46.45541000366211,6736.72265625,7.389543550426024,126.53671264648438,129.06661987304688,124.94145202636719
PlantVillage Internal,D:\Tomato_Disease_Research\plantvillage\Tomato__Target_Spot\6f8c6299-56d3-4477-8c5a-53211bdb8678___Com.G_TgS_FL 0793.JPG,256,256,1.0,124.63752746582031,54.679229736328125,7189.1787109375,7.50777803627166,122.20774841308594,127.01057434082031,118.791259765625
PlantVillage Internal,D:\Tomato_Disease_Research\plantvillage\Tomato__Target_Spot\6fa8c523-7ee3-483c-b35c-c34fa517e75b___Com.G_TgS_FL 0978.JPG,256,256,1.0,113.75613403320312,44.59690475463867,6178.7685546875,7.314566048709688,113.66154479980469,115.81825256347656,103.38613891601562
PlantVillage Internal,D:\Tomato_Disease_Research\plantvillage\Tomato__Target_Spot\70640fa6-e8ff-416c-a8a1-256e754c9f2c___Com.G_TgS_FL 0947.JPG,256,256,1.0,122.26914978027344,43.28929138183594,10542.9599609375,7.2985000527303985,123.84495544433594,122.88996887207031,114.93946838378906
PlantVillage Internal,D:\Tomato_Disease_Research\plantvillage\Tomato__Target_Spot\70f5bc00-6c82-4051-b616-e33417ac8c82___Com.G_TgS_FL 9689.JPG,256,256,1.0,125.02777099609375,42.68623733520508,6533.40625,7.252539679643501,129.08900451660156,124.45205688476562,117.34028625488281
PlantVillage Internal,D:\Tomato_Disease_Research\plantvillage\Tomato__Target_Spot\717676cd-f92b-4bc6-b330-651c1c1d21a0___Com.G_TgS_FL 9925.JPG,256,256,1.0,121.31621551513672,40.776344299316406,5763.291015625,7.274362591565448,121.52761840820312,123.00337219238281,112.07435607910156
PlantVillage Internal,D:\Tomato_Disease_Research\plantvillage\Tomato__Target_Spot\74aecabd-84ee-44f2-8a1f-695f17e15530___Com.G_TgS_FL 1076.JPG,256,256,1.0,107.97315216064453,52.0265007019043,7161.662109375,7.506293107089776,110.27107238769531,109.2735595703125,95.25016784667969
PlantVillage Internal,D:\Tomato_Disease_Research\plantvillage\Tomato__Target_Spot\76cefc70-6454-4dd0-bd4d-fddb3d129bed___Com.G_TgS_FL 1057.JPG,256,256,1.0,110.75467681884766,51.50643539428711,12864.0361328125,7.5900018866224555,112.1400146484375,112.34568786621094,98.92890930175781
PlantVillage Internal,D:\Tomato_Disease_Research\plantvillage\Tomato__Target_Spot\78439c09-8b69-42ff-8df3-a0eb65b42786___Com.G_TgS_FL 7978.JPG,256,256,1.0,98.24706268310547,45.905052185058594,4850.29248046875,7.435802916193531,96.46250915527344,100.35853576660156,92.055419921875
PlantVillage Internal,D:\Tomato_Disease_Research\plantvillage\Tomato__Target_Spot\79016043-851a-459e-85ee-2c321a5217ce___Com.G_TgS_FL 0725.JPG,256,256,1.0,123.89977264404297,52.941612243652344,8273.638671875,7.437690056367989,120.21627807617188,126.79519653320312,118.65200805664062
PlantVillage Internal,D:\Tomato_Disease_Research\plantvillage\Tomato__Target_Spot\7cc08946-55de-40df-a26c-b1320e55b96e___Com.G_TgS_FL 9808.JPG,256,256,1.0,128.71414184570312,37.171546936035156,5843.43359375,7.184501433804087,132.12680053710938,128.68905639648438,119.89265441894531
PlantVillage Internal,D:\Tomato_Disease_Research\plantvillage\Tomato__Target_Spot\7cd468c6-69dd-43a2-a5b5-b9b38fffd6b3___Com.G_TgS_FL 0732.JPG,256,256,1.0,128.62857055664062,50.13694763183594,7815.58935546875,7.446662217724882,127.11102294921875,130.34503173828125,123.77052307128906
PlantVillage Internal,D:\Tomato_Disease_Research\plantvillage\Tomato__Target_Spot\7dee92b9-b5b8-4ef7-b2de-81b83e4451e0___Com.G_TgS_FL 7946.JPG,256,256,1.0,112.76839447021484,47.868873596191406,5764.958984375,7.446244634202086,109.61935424804688,115.59074401855469,106.49513244628906
PlantVillage Internal,D:\Tomato_Disease_Research\plantvillage\Tomato__Target_Spot\8112bd1c-156b-4780-9a5d-deb028740899___Com.G_TgS_FL 8187.JPG,256,256,1.0,116.44236755371094,47.85177230834961,8509.8251953125,7.419563430268045,115.59207153320312,118.18260192871094,109.7117919921875
PlantVillage Internal,D:\Tomato_Disease_Research\plantvillage\Tomato__Target_Spot\8189289c-4db4-491f-9b44-e2d3d32fad79___Com.G_TgS_FL 9877.JPG,256,256,1.0,113.04080200195312,32.681514739990234,5258.31201171875,7.009266778152373,118.88970947265625,111.40821838378906,106.10670471191406
PlantVillage Internal,D:\Tomato_Disease_Research\plantvillage\Tomato__Target_Spot\8313b39e-fbf5-466f-b5ca-5830e0b06d73___Com.G_TgS_FL 7865.JPG,256,256,1.0,128.23878479003906,46.33677291870117,9403.724609375,7.373714833062542,129.95913696289062,126.61843872070312,132.07000732421875
PlantVillage Internal,D:\Tomato_Disease_Research\plantvillage\Tomato__Target_Spot\84545584-1b1b-4134-bcfd-f71187b6e54a___Com.G_TgS_FL 0734.JPG,256,256,1.0,119.01058959960938,51.843685150146484,7123.22705078125,7.532442198379272,116.65202331542969,121.0137939453125,114.8819580078125
PlantVillage Internal,D:\Tomato_Disease_Research\plantvillage\Tomato__Target_Spot\896ad268-fc74-45f5-b80b-ebf70336ef65___Com.G_TgS_FL 7994.JPG,256,256,1.0,118.60406494140625,44.563690185546875,6332.8779296875,7.434513045893556,117.31024169921875,120.328125,113.12013244628906
PlantVillage Internal,D:\Tomato_Disease_Research\plantvillage\Tomato__Target_Spot\8a3a6a39-5774-4a98-a6a5-9544e425d418___Com.G_TgS_FL 8155.JPG,256,256,1.0,121.19552612304688,39.670650482177734,11358.841796875,7.260277948023294,121.03305053710938,122.42837524414062,115.27362060546875
PlantVillage Internal,D:\Tomato_Disease_Research\plantvillage\Tomato__Target_Spot\8a4995ff-d091-47bc-90d6-eb0c6da66fcf___Com.G_TgS_FL 7876.JPG,256,256,1.0,92.08092498779297,50.03963851928711,3602.87744140625,7.147475056340579,92.05477905273438,92.73353576660156,88.78912353515625
PlantVillage Internal,D:\Tomato_Disease_Research\plantvillage\Tomato__Target_Spot\8b0db49a-127f-47e5-b942-a869a028903a___Com.G_TgS_FL 0717.JPG,256,256,1.0,117.9313735961914,48.007850646972656,9477.251953125,7.467184966156188,113.45713806152344,121.23361206054688,112.66279602050781
PlantVillage Internal,D:\Tomato_Disease_Research\plantvillage\Tomato__Target_Spot\8bf33883-751c-4b5c-b50f-a955a4e0d8b7___Com.G_TgS_FL 1116.JPG,256,256,1.0,120.04084014892578,52.7598762512207,10494.3984375,7.596942439828296,124.07102966308594,120.08958435058594,109.21937561035156
PlantVillage Internal,D:\Tomato_Disease_Research\plantvillage\Tomato__Target_Spot\8d1245f0-fee1-4673-ba24-592d447d1163___Com.G_TgS_FL 0992.JPG,256,256,1.0,116.01126098632812,46.94441223144531,6536.48388671875,7.482879262359782,115.32368469238281,118.93132019042969,102.77886962890625
PlantVillage Internal,D:\Tomato_Disease_Research\plantvillage\Tomato__Target_Spot\8d5ad6d9-7070-4022-a423-6812a09823f5___Com.G_TgS_FL 1029.JPG,256,256,1.0,115.6807861328125,51.49699401855469,7600.29638671875,7.485575098200753,118.33572387695312,116.28610229492188,105.60055541992188
PlantVillage Internal,D:\Tomato_Disease_Research\plantvillage\Tomato__Target_Spot\8dd3f665-f683-427d-9435-2e62a2650cfd___Com.G_TgS_FL 9879.JPG,256,256,1.0,107.27519226074219,36.60124206542969,4759.0517578125,7.1362663520712,108.66169738769531,108.27180480957031,98.50698852539062
PlantVillage Internal,D:\Tomato_Disease_Research\plantvillage\Tomato__Target_Spot\8ef53996-d440-40b6-8665-2e3acf4f6b7b___Com.G_TgS_FL 9875.JPG,256,256,1.0,114.70115661621094,34.032325744628906,3777.39892578125,6.968120947457539,118.63424682617188,114.08941650390625,107.535400390625
PlantVillage Internal,D:\Tomato_Disease_Research\plantvillage\Tomato__Target_Spot\902b00e9-f2b1-45e3-bd13-4f4428fd0833___Com.G_TgS_FL 0871.JPG,256,256,1.0,123.81175994873047,45.64906692504883,9978.501953125,7.449876586710106,121.0040283203125,126.13003540039062,119.23881530761719
PlantVillage Internal,D:\Tomato_Disease_Research\plantvillage\Tomato__Target_Spot\90eecef5-da97-4905-8144-e4ad2f2680b1___Com.G_TgS_FL 9937.JPG,256,256,1.0,124.93437957763672,38.227272033691406,4550.8603515625,7.186186493324699,122.8779296875,128.24012756347656,113.30625915527344
PlantVillage Internal,D:\Tomato_Disease_Research\plantvillage\Tomato__Target_Spot\91d62856-1ead-4c8a-9257-220883b2e508___Com.G_TgS_FL 9789.JPG,256,256,1.0,125.45930480957031,35.125938415527344,8833.5458984375,7.026336382124543,131.01344299316406,124.71339416503906,114.732666015625
PlantVillage Internal,D:\Tomato_Disease_Research\plantvillage\Tomato__Target_Spot\9246e5ab-5329-4b96-8718-0909998f4531___Com.G_TgS_FL 7975.JPG,256,256,1.0,126.1585693359375,47.96635818481445,5070.71826171875,7.378883324330009,123.20089721679688,128.9170684814453,119.71212768554688
PlantVillage Internal,D:\Tomato_Disease_Research\plantvillage\Tomato__Target_Spot\942dbcb4-7c9e-4ec7-beea-cd11383c7d83___Com.G_TgS_FL 0835.JPG,256,256,1.0,117.89419555664062,54.05516052246094,6993.7685546875,7.4665116993133465,115.0599365234375,121.08749389648438,108.88516235351562
PlantVillage Internal,D:\Tomato_Disease_Research\plantvillage\Tomato__Target_Spot\94f680e4-21b1-4cf1-965b-139c967534ab___Com.G_TgS_FL 0853.JPG,256,256,1.0,123.35816192626953,46.30552673339844,9992.439453125,7.384445432823227,120.328857421875,126.33665466308594,115.96681213378906
PlantVillage Internal,D:\Tomato_Disease_Research\plantvillage\Tomato__Target_Spot\95c4cd26-0d05-410a-b61e-6fd459a4be56___Com.G_TgS_FL 1121.JPG,256,256,1.0,107.54908752441406,50.37300109863281,8871.630859375,7.482860240028165,110.07864379882812,108.64921569824219,95.24990844726562
PlantVillage Internal,D:\Tomato_Disease_Research\plantvillage\Tomato__Target_Spot\9719a548-125a-449c-8f7b-018f795e74c0___Com.G_TgS_FL 1063.JPG,256,256,1.0,115.70674133300781,52.582496643066406,12526.876953125,7.551390012978641,118.61856079101562,115.83683776855469,107.39968872070312
PlantVillage Internal,D:\Tomato_Disease_Research\plantvillage\Tomato__Target_Spot\994414de-c6a6-4d55-8a61-eb0cd8d930c0___Com.G_TgS_FL 8367.JPG,256,256,1.0,115.18963623046875,47.514652252197266,10084.095703125,7.453298514879258,116.90742492675781,115.85601806640625,107.25297546386719
PlantVillage Internal,D:\Tomato_Disease_Research\plantvillage\Tomato__Target_Spot\9a8a98fe-5fd4-4630-bd49-35cfd3672e8b___Com.G_TgS_FL 9706.JPG,256,256,1.0,126.88533782958984,39.028621673583984,4428.576171875,7.184254034632783,131.4960174560547,126.37098693847656,117.44087219238281
PlantVillage Internal,D:\Tomato_Disease_Research\plantvillage\Tomato__Target_Spot\9a9c60f1-1991-4a5d-93b9-d546f75e8b03___Com.G_TgS_FL 9858.JPG,256,256,1.0,110.031494140625,35.78081130981445,2817.9072265625,7.05079426413815,111.35203552246094,110.94540405273438,101.8621826171875
PlantVillage Internal,D:\Tomato_Disease_Research\plantvillage\Tomato__Target_Spot\9ab320dc-b7f4-42ef-82ed-77c6431d0468___Com.G_TgS_FL 0817.JPG,256,256,1.0,138.9652557373047,47.31421661376953,9375.8427734375,7.374354303955894,136.84951782226562,140.25608825683594,137.86773681640625
PlantVillage Internal,D:\Tomato_Disease_Research\plantvillage\Tomato__Target_Spot\9af07afd-a597-4c46-918b-6d6061e93edc___Com.G_TgS_FL 1059.JPG,256,256,1.0,111.10660552978516,56.4096565246582,12574.6376953125,7.637913173082254,111.70510864257812,112.80470275878906,100.79315185546875
PlantVillage Internal,D:\Tomato_Disease_Research\plantvillage\Tomato__Target_Spot\9b2c3687-231d-456a-9b3a-df24481f9c12___Com.G_TgS_FL 8177.JPG,256,256,1.0,111.64094543457031,47.200923919677734,9283.08984375,7.378365001118302,110.56053161621094,112.95320129394531,107.71766662597656
PlantVillage Internal,D:\Tomato_Disease_Research\plantvillage\Tomato__Target_Spot\a06e2b19-8e8d-4803-b78a-91c6b0ffd868___Com.G_TgS_FL 0020.JPG,256,256,1.0,111.25624084472656,37.226566314697266,3559.544677734375,7.135787164276322,112.66229248046875,111.43167114257812,106.66510009765625
PlantVillage Internal,D:\Tomato_Disease_Research\plantvillage\Tomato__Target_Spot\a11d867b-0cb9-4bc8-a96a-98dad0085c09___Com.G_TgS_FL 0653.JPG,256,256,1.0,121.78721618652344,49.99045944213867,7187.958984375,7.478782231706531,117.86781311035156,124.04226684570312,120.45550537109375
PlantVillage Internal,D:\Tomato_Disease_Research\plantvillage\Tomato__Target_Spot\a13d28b1-7cdf-4d10-bd16-e01cefbe9e0e___Com.G_TgS_FL 9779.JPG,256,256,1.0,122.54937744140625,41.49214172363281,6878.6318359375,7.322340376789244,124.18614196777344,122.86653137207031,116.62335205078125
PlantVillage Internal,D:\Tomato_Disease_Research\plantvillage\Tomato__Target_Spot\a22aa3d8-3856-459b-8b96-f520c3969743___Com.G_TgS_FL 0951.JPG,256,256,1.0,118.94770812988281,49.56742477416992,5779.6611328125,7.37151067503063,121.119140625,119.52659606933594,110.271728515625
PlantVillage Internal,D:\Tomato_Disease_Research\plantvillage\Tomato__Target_Spot\a489da29-b369-4bae-a001-f9fe8f2348cc___Com.G_TgS_FL 0735.JPG,256,256,1.0,119.22039794921875,55.48434829711914,6598.0068359375,7.421399074426848,117.86911010742188,120.72203063964844,115.03245544433594
PlantVillage Internal,D:\Tomato_Disease_Research\plantvillage\Tomato__Target_Spot\a6dd65af-e40e-4dfd-84ed-ba527ae1b9b5___Com.G_TgS_FL 0650.JPG,256,256,1.0,120.35220336914062,48.541202545166016,7720.15234375,7.228322082225514,117.81582641601562,121.23161315917969,122.47647094726562
PlantVillage Internal,D:\Tomato_Disease_Research\plantvillage\Tomato__Target_Spot\a992283a-d489-4622-b90d-aef3b7e30811___Com.G_TgS_FL 9969.JPG,256,256,1.0,127.40890502929688,41.233375549316406,5780.4873046875,7.271945550841566,132.2217559814453,127.36862182617188,114.9931640625
PlantVillage Internal,D:\Tomato_Disease_Research\plantvillage\Tomato__Target_Spot\a9d36db4-6b58-402d-9e7b-174073f0df3b___Com.G_TgS_FL 1090.JPG,256,256,1.0,117.18004608154297,51.66630935668945,8977.8408203125,7.582237259798143,119.10586547851562,118.40200805664062,105.83699035644531
PlantVillage Internal,D:\Tomato_Disease_Research\plantvillage\Tomato__Target_Spot\ab7126ed-6e91-4175-b552-e26756c54b3e___Com.G_TgS_FL 8341.JPG,256,256,1.0,109.32777404785156,48.736907958984375,9564.0400390625,7.464878180408109,110.35029602050781,110.77545166015625,99.19163513183594
PlantVillage Internal,D:\Tomato_Disease_Research\plantvillage\Tomato__Target_Spot\ac946977-3f2b-4500-8920-607173e37def___Com.G_TgS_FL 7901.JPG,256,256,1.0,108.98006439208984,51.03567123413086,8753.818359375,7.534882070428352,107.90165710449219,109.64344787597656,108.39265441894531
PlantVillage Internal,D:\Tomato_Disease_Research\plantvillage\Tomato__Target_Spot\acad7d53-5c67-48e9-a383-af6ced180029___Com.G_TgS_FL 8150.JPG,256,256,1.0,130.18385314941406,45.964656829833984,9987.6708984375,7.378419879474635,129.58103942871094,130.88919067382812,128.13304138183594
PlantVillage Internal,D:\Tomato_Disease_Research\plantvillage\Tomato__Target_Spot\ae240844-37fa-4111-86e0-7d7def9416b6___Com.G_TgS_FL 8322.JPG,256,256,1.0,116.94645690917969,50.525882720947266,8684.791015625,7.49018650221098,116.71865844726562,118.91949462890625,107.38447570800781
PlantVillage Internal,D:\Tomato_Disease_Research\plantvillage\Tomato__Target_Spot\b101a4be-e7c4-4237-8e2f-e256b2d4371d___Com.G_TgS_FL 8139.JPG,256,256,1.0,113.55128479003906,43.61699676513672,9895.576171875,7.31118429415129,112.45494079589844,114.71870422363281,110.41563415527344
PlantVillage Internal,D:\Tomato_Disease_Research\plantvillage\Tomato__Target_Spot\b2bf7586-9182-403a-b639-2eb26a2440b4___Com.G_TgS_FL 9688.JPG,256,256,1.0,127.15574645996094,38.86455154418945,5267.03125,7.238020853833037,130.74656677246094,126.79818725585938,119.57879638671875
PlantVillage Internal,D:\Tomato_Disease_Research\plantvillage\Tomato__Target_Spot\b43bda6d-5066-4143-884b-533c0aedf6e7___Com.G_TgS_FL 9942.JPG,256,256,1.0,134.73294067382812,42.65220260620117,6207.9765625,7.105293982123801,138.6400146484375,134.37596130371094,126.32356262207031
PlantVillage Internal,D:\Tomato_Disease_Research\plantvillage\Tomato__Target_Spot\b7ed22d3-7ade-479b-a6f0-9d140ced1b37___Com.G_TgS_FL 9898.JPG,256,256,1.0,115.98391723632812,38.493408203125,5285.76806640625,7.104732905352863,117.713623046875,117.35343933105469,104.39535522460938
PlantVillage Internal,D:\Tomato_Disease_Research\plantvillage\Tomato__Target_Spot\b89c4c2d-5392-4d70-816f-2580956f4e8a___Com.G_TgS_FL 0005.JPG,256,256,1.0,127.17227935791016,46.65801239013672,6937.24365234375,7.374506811513351,130.7486114501953,127.27110290527344,117.28340148925781
PlantVillage Internal,D:\Tomato_Disease_Research\plantvillage\Tomato__Target_Spot\b9319e7d-c5c1-4281-8e0b-aa642f91b8cc___Com.G_TgS_FL 8361.JPG,256,256,1.0,115.02156066894531,40.60536193847656,9950.7275390625,7.2630469659725305,117.39254760742188,115.45538330078125,106.56916809082031
PlantVillage Internal,D:\Tomato_Disease_Research\plantvillage\Tomato__Target_Spot\b9ca3f45-dbc3-43ac-b345-4b81c5fcb2b6___Com.G_TgS_FL 7916.JPG,256,256,1.0,96.36595153808594,52.06532287597656,5615.0849609375,7.393005164653207,97.43711853027344,96.92794799804688,90.66267395019531
PlantVillage Internal,D:\Tomato_Disease_Research\plantvillage\Tomato__Target_Spot\bb78af9f-9975-4ce5-86a0-0f966b2b6d69___Com.G_TgS_FL 7936.JPG,256,256,1.0,115.10771179199219,38.401058197021484,6425.3388671875,7.263424992293935,109.84735107421875,119.15748596191406,108.05181884765625
PlantVillage Internal,D:\Tomato_Disease_Research\plantvillage\Tomato__Target_Spot\be2eec45-119a-4902-b432-6bbd3933d204___Com.G_TgS_FL 0781.JPG,256,256,1.0,122.37179565429688,42.31325912475586,11588.2138671875,7.364304126365271,118.56800842285156,125.11848449707031,118.20530700683594
PlantVillage Internal,D:\Tomato_Disease_Research\plantvillage\Tomato__Target_Spot\bf0b7a23-f141-4d5d-a62a-5959b8333ec1___Com.G_TgS_FL 8039.JPG,256,256,1.0,126.33055114746094,38.15137481689453,4761.89453125,7.17437739769815,123.8546142578125,129.2135772705078,117.97940063476562
PlantVillage Internal,D:\Tomato_Disease_Research\plantvillage\Tomato__Target_Spot\c015a82f-bd85-4e21-bd6d-641f21156103___Com.G_TgS_FL 0652.JPG,256,256,1.0,114.95710754394531,54.639366149902344,9070.5771484375,7.466771659478068,110.96099853515625,117.21665954589844,113.80342102050781
PlantVillage Internal,D:\Tomato_Disease_Research\plantvillage\Tomato__Target_Spot\c13a16d9-d079-4fb5-8316-dcc589a88cf0___Com.G_TgS_FL 9930.JPG,256,256,1.0,100.27420043945312,30.404232025146484,5913.0009765625,6.960603724811026,101.32403564453125,100.79747009277344,94.82627868652344
PlantVillage Internal,D:\Tomato_Disease_Research\plantvillage\Tomato__Target_Spot\c190c3ef-31e1-4d88-bb28-c6e747d4ff1f___Com.G_TgS_FL 9838.JPG,256,256,1.0,112.02336120605469,35.35004806518555,2603.52001953125,6.991272296547874,110.40428161621094,114.39840698242188,104.04052734375
PlantVillage Internal,D:\Tomato_Disease_Research\plantvillage\Tomato__Target_Spot\c47c2e46-e1ec-4359-ae0b-5e8b89dbd32f___Com.G_TgS_FL 9795.JPG,256,256,1.0,120.96319580078125,40.67420959472656,6362.373046875,7.308546340892173,119.46861267089844,123.99998474121094,109.24639892578125
PlantVillage Internal,D:\Tomato_Disease_Research\plantvillage\Tomato__Target_Spot\c5af6691-91a3-41a3-85ad-4b9bf717819e___Com.G_TgS_FL 9712.JPG,256,256,1.0,121.51084899902344,41.805809020996094,5962.431640625,7.352435387617426,121.43316650390625,124.43751525878906,106.64482116699219
PlantVillage Internal,D:\Tomato_Disease_Research\plantvillage\Tomato__Target_Spot\c656883a-6fb2-497e-ac61-bd6416444325___Com.G_TgS_FL 1103.JPG,256,256,1.0,122.79320526123047,47.21123123168945,11640.3369140625,7.468200350671998,124.3673095703125,123.72212219238281,113.88153076171875
PlantVillage Internal,D:\Tomato_Disease_Research\plantvillage\Tomato__Target_Spot\c66b04ac-ccad-45d7-bc89-d2280090a2a9___Com.G_TgS_FL 9864.JPG,256,256,1.0,102.21148681640625,30.554481506347656,1317.437255859375,6.8360236508923595,103.30827331542969,103.04336547851562,95.05146789550781
PlantVillage Internal,D:\Tomato_Disease_Research\plantvillage\Tomato__Target_Spot\c6bb63a5-8698-4a14-8f32-195b355cc9dd___Com.G_TgS_FL 9801.JPG,256,256,1.0,128.90036010742188,45.53882598876953,5475.2451171875,7.400890469225422,130.2738800048828,129.63595581054688,121.51022338867188
PlantVillage Internal,D:\Tomato_Disease_Research\plantvillage\Tomato__Target_Spot\c81e92a8-0665-45ac-8887-b8b749a033da___Com.G_TgS_FL 8277.JPG,256,256,1.0,118.20811462402344,52.88182830810547,9809.68359375,7.540607146000401,118.72761535644531,119.42436218261719,110.5830078125
PlantVillage Internal,D:\Tomato_Disease_Research\plantvillage\Tomato__Target_Spot\c83ff0f8-5747-4a29-a562-63fd4c21385a___Com.G_TgS_FL 9951.JPG,256,256,1.0,134.0526123046875,35.480655670166016,4381.24462890625,7.097038246293353,135.57176208496094,136.1409149169922,119.31512451171875
PlantVillage Internal,D:\Tomato_Disease_Research\plantvillage\Tomato__Target_Spot\c848bd9d-1639-4ca5-ac87-8d2342138764___Com.G_TgS_FL 8380.JPG,256,256,1.0,103.46278381347656,45.11111831665039,8568.7412109375,7.357859382006673,104.92239379882812,103.94584655761719,97.1470947265625
PlantVillage Internal,D:\Tomato_Disease_Research\plantvillage\Tomato__Target_Spot\c883bf3a-7ad1-428c-aaa7-cecc51ddbd5d___Com.G_TgS_FL 9702.JPG,256,256,1.0,126.8301010131836,38.54938888549805,5263.3974609375,7.168206446810689,130.44102478027344,126.20121765136719,120.59759521484375
PlantVillage Internal,D:\Tomato_Disease_Research\plantvillage\Tomato__Target_Spot\c8b59053-241f-4119-aa1f-9f01f2931f4b___Com.G_TgS_FL 8280.JPG,256,256,1.0,114.28532409667969,50.76249694824219,8736.5390625,7.446668925139148,116.33927917480469,115.19149780273438,104.23223876953125
PlantVillage Internal,D:\Tomato_Disease_Research\plantvillage\Tomato__Target_Spot\c9ab967a-4bf7-4a19-bab0-8b5a616be23c___Com.G_TgS_FL 9914.JPG,256,256,1.0,116.19689178466797,40.7604866027832,4343.1240234375,7.218358200571592,116.50477600097656,116.82907104492188,112.13417053222656
PlantVillage Internal,D:\Tomato_Disease_Research\plantvillage\Tomato__Target_Spot\c9f65975-c39a-4d7c-9056-298de8e72317___Com.G_TgS_FL 1017.JPG,256,256,1.0,114.91476440429688,55.612125396728516,10516.9306640625,7.665925450083339,116.41615295410156,115.63533020019531,107.26666259765625
PlantVillage Internal,D:\Tomato_Disease_Research\plantvillage\Tomato__Target_Spot\ca331f9c-d7f3-4fc0-8e75-9e1366e9ad71___Com.G_TgS_FL 8386.JPG,256,256,1.0,114.0978012084961,46.7800407409668,9462.0771484375,7.470820047655732,115.63850402832031,113.92001342773438,110.97227478027344
PlantVillage Internal,D:\Tomato_Disease_Research\plantvillage\Tomato__Target_Spot\ca7de317-7f03-4223-a880-b4e37f5be25a___Com.G_TgS_FL 8203.JPG,256,256,1.0,116.51106262207031,40.34105682373047,6064.18115234375,7.199758689153986,116.50810241699219,117.19557189941406,112.99423217773438
PlantVillage Internal,D:\Tomato_Disease_Research\plantvillage\Tomato__Target_Spot\cbcc8f5b-35a7-437f-85fc-7f12f72b1575___Com.G_TgS_FL 0958.JPG,256,256,1.0,112.31221771240234,52.94579315185547,6793.7353515625,7.524200387824152,113.40684509277344,114.31394958496094,99.13406372070312
PlantVillage Internal,D:\Tomato_Disease_Research\plantvillage\Tomato__Target_Spot\cec49ee8-8ed3-40c6-80e5-d7ebff28dd45___Com.G_TgS_FL 8340.JPG,256,256,1.0,113.28773498535156,49.02455139160156,10094.701171875,7.463002955337103,114.99815368652344,114.11143493652344,104.56036376953125
PlantVillage Internal,D:\Tomato_Disease_Research\plantvillage\Tomato__Target_Spot\d0c861e0-aae7-4847-84cc-880ecc5a8aa1___Com.G_TgS_FL 8005.JPG,256,256,1.0,110.48118591308594,44.96751022338867,5408.79443359375,7.342292840139885,109.3837890625,112.65696716308594,102.15609741210938
PlantVillage Internal,D:\Tomato_Disease_Research\plantvillage\Tomato__Target_Spot\d1d9b1b4-ec57-4a50-8797-326b452d68cc___Com.G_TgS_FL 8310.JPG,256,256,1.0,116.35580444335938,48.29778289794922,6298.478515625,7.46385329547231,116.63346862792969,117.34703063964844,110.52357482910156
PlantVillage Internal,D:\Tomato_Disease_Research\plantvillage\Tomato__Target_Spot\d256a215-0bb3-4269-abbd-521f98ec06e4___Com.G_TgS_FL 0756.JPG,256,256,1.0,131.1005859375,50.5050048828125,7920.8671875,7.511449021129698,129.4453887939453,132.58224487304688,127.8126220703125
PlantVillage Internal,D:\Tomato_Disease_Research\plantvillage\Tomato__Target_Spot\d2fbf6aa-07fb-4ae1-8e82-2980be399705___Com.G_TgS_FL 0767.JPG,256,256,1.0,115.62588500976562,48.250545501708984,9295.169921875,7.374332486302655,110.84925842285156,119.95034790039062,105.8868408203125
PlantVillage Internal,D:\Tomato_Disease_Research\plantvillage\Tomato__Target_Spot\d36367e0-e34d-4d67-804d-c5d466a5eb9c___Com.G_TgS_FL 0896.JPG,256,256,1.0,136.2003936767578,47.456546783447266,7134.349609375,7.474190103770075,138.3510284423828,135.95155334472656,131.8410186767578
PlantVillage Internal,D:\Tomato_Disease_Research\plantvillage\Tomato__Target_Spot\d3d9fe25-5624-4799-8632-bd52bfa759f5___Com.G_TgS_FL 8185.JPG,256,256,1.0,120.56486511230469,53.73989486694336,8131.630859375,7.389446563245272,119.75837707519531,122.00001525878906,115.29034423828125
PlantVillage Internal,D:\Tomato_Disease_Research\plantvillage\Tomato__Target_Spot\d55566ba-9716-42ea-a474-9850db0811d6___Com.G_TgS_FL 0895.JPG,256,256,1.0,123.59144592285156,44.60629653930664,6768.85546875,7.377190374111518,123.62936401367188,125.33857727050781,114.49577331542969
PlantVillage Internal,D:\Tomato_Disease_Research\plantvillage\Tomato__Target_Spot\d7568e5a-2ce8-4851-85db-bcf229d1ab5f___Com.G_TgS_FL 9961.JPG,256,256,1.0,125.01237487792969,37.389251708984375,5587.935546875,7.164604979777401,128.19979858398438,125.12834167480469,116.05528259277344
PlantVillage Internal,D:\Tomato_Disease_Research\plantvillage\Tomato__Target_Spot\d8479d6b-e3c4-41d9-80f1-02d6abf8adb5___Com.G_TgS_FL 7869.JPG,256,256,1.0,115.77452087402344,43.36275863647461,6499.8203125,7.344539885783871,113.82722473144531,117.18788146972656,113.60433959960938
PlantVillage Internal,D:\Tomato_Disease_Research\plantvillage\Tomato__Target_Spot\d8dd0e85-7719-43e2-b886-052356deb7ff___Com.G_TgS_FL 0661.JPG,256,256,1.0,128.3572998046875,44.883277893066406,8653.048828125,7.357547116796877,124.61079406738281,130.4869842529297,127.21762084960938
PlantVillage Internal,D:\Tomato_Disease_Research\plantvillage\Tomato__Target_Spot\d9d2d7ca-3301-4174-aec5-b4578682b0d9___Com.G_TgS_FL 8181.JPG,256,256,1.0,117.890625,47.0164680480957,9562.6572265625,7.396252422755197,115.96699523925781,120.14686584472656,111.31828308105469
PlantVillage Internal,D:\Tomato_Disease_Research\plantvillage\Tomato__Target_Spot\da8c3dd0-743a-4251-a2f3-87329fd633cf___Com.G_TgS_FL 8138.JPG,256,256,1.0,117.47772216796875,45.49669647216797,11452.017578125,7.431850312957,116.53485107421875,118.5860595703125,114.24366760253906
PlantVillage Internal,D:\Tomato_Disease_Research\plantvillage\Tomato__Target_Spot\dbde19fe-bc70-417b-9852-ee624dd7fe7c___Com.G_TgS_FL 9845.JPG,256,256,1.0,126.94532012939453,34.47391128540039,4544.51171875,7.0666230408313275,125.36715698242188,129.3028564453125,118.94532775878906
PlantVillage Internal,D:\Tomato_Disease_Research\plantvillage\Tomato__Target_Spot\dcccd1d5-958f-4ea9-9d04-a067275f137d___Com.G_TgS_FL 9846.JPG,256,256,1.0,107.7379150390625,37.330894470214844,2823.63525390625,7.136323277856217,108.288818359375,108.56581115722656,102.03007507324219
PlantVillage Internal,D:\Tomato_Disease_Research\plantvillage\Tomato__Target_Spot\de3db84e-e8a6-482e-b06d-3ebc28876ec1___Com.G_TgS_FL 8163.JPG,256,256,1.0,121.69007110595703,42.96910858154297,7908.541015625,7.291279680656961,119.20791625976562,124.44326782226562,114.02369689941406
PlantVillage Internal,D:\Tomato_Disease_Research\plantvillage\Tomato__Target_Spot\debfce8a-5cf0-47c4-992e-c019799d4e3a___Com.G_TgS_FL 1026.JPG,256,256,1.0,125.14203643798828,50.469051361083984,5868.703125,7.537017259467854,127.06828308105469,126.82554626464844,111.42123413085938
PlantVillage Internal,D:\Tomato_Disease_Research\plantvillage\Tomato__Target_Spot\df21c246-c0bd-41b0-b28f-7e53b48758e9___Com.G_TgS_FL 9856.JPG,256,256,1.0,104.93701171875,33.72319793701172,1943.54296875,7.064587747186799,102.3375244140625,107.40934753417969,99.024658203125
PlantVillage Internal,D:\Tomato_Disease_Research\plantvillage\Tomato__Target_Spot\e0305b9d-488b-4fe0-8472-8bbd9dfe6bc4___Com.G_TgS_FL 7895.JPG,256,256,1.0,121.87165832519531,45.56610107421875,6804.56494140625,7.3909374016367035,123.02656555175781,121.3636474609375,121.45829772949219
PlantVillage Internal,D:\Tomato_Disease_Research\plantvillage\Tomato__Target_Spot\e0fd3533-d5af-4090-a0d2-0507791d3926___Com.G_TgS_FL 8020.JPG,256,256,1.0,109.51316833496094,44.47223663330078,7558.10693359375,7.3722280796978605,108.26791381835938,110.90266418457031,105.62455749511719
PlantVillage Internal,D:\Tomato_Disease_Research\plantvillage\Tomato__Target_Spot\e3f15fee-d0d1-4702-b209-f4eb967821a1___Com.G_TgS_FL 9700.JPG,256,256,1.0,133.146728515625,43.577117919921875,5602.5244140625,7.329326030315611,135.1492156982422,133.53671264648438,125.88656616210938
PlantVillage Internal,D:\Tomato_Disease_Research\plantvillage\Tomato__Target_Spot\e463ac05-4bd5-45a2-9739-79517670017a___Com.G_TgS_FL 9991.JPG,256,256,1.0,120.9728012084961,42.319908142089844,5978.19873046875,7.333935176019103,125.90544128417969,120.76969909667969,109.08128356933594
PlantVillage Internal,D:\Tomato_Disease_Research\plantvillage\Tomato__Target_Spot\e4ad9ac7-fe25-4ef0-b605-d5d7f5c6c329___Com.G_TgS_FL 7913.JPG,256,256,1.0,119.64445495605469,48.43448257446289,5672.154296875,7.459154880446871,120.17654418945312,119.64982604980469,118.22125244140625
PlantVillage Internal,D:\Tomato_Disease_Research\plantvillage\Tomato__Target_Spot\e5a78940-7b50-4677-bdb4-b62812e5638c___Com.G_TgS_FL 9859.JPG,256,256,1.0,104.59898376464844,36.274375915527344,3063.8681640625,7.094664270904859,105.40303039550781,106.03779602050781,95.08152770996094
PlantVillage Internal,D:\Tomato_Disease_Research\plantvillage\Tomato__Target_Spot\e5ddbfad-a3f5-4700-bf35-f8ed4120d1ec___Com.G_TgS_FL 0922.JPG,256,256,1.0,113.79563903808594,49.42921447753906,8155.78759765625,7.588744169460233,111.63812255859375,117.670654296875,99.50143432617188
PlantVillage Internal,D:\Tomato_Disease_Research\plantvillage\Tomato__Target_Spot\e6efb6e3-7e58-441d-808f-bdb535f8ad70___Com.G_TgS_FL 9764.JPG,256,256,1.0,128.91162109375,43.05021667480469,6500.78076171875,7.287861195034718,130.41282653808594,130.09832763671875,118.86369323730469
PlantVillage Internal,D:\Tomato_Disease_Research\plantvillage\Tomato__Target_Spot\e752f821-9c22-4ec5-992a-088fa1c8352c___Com.G_TgS_FL 9902.JPG,256,256,1.0,124.31658935546875,41.940101623535156,7043.71044921875,7.250018218659621,127.9039306640625,124.05667114257812,116.24598693847656
PlantVillage Internal,D:\Tomato_Disease_Research\plantvillage\Tomato__Target_Spot\e8fae6c5-9d62-4f65-81a0-807e3082ea8d___Com.G_TgS_FL 0641.JPG,256,256,1.0,129.94830322265625,44.80775833129883,6305.900390625,7.311763701395815,128.52337646484375,131.27297973632812,126.86466979980469
PlantVillage Internal,D:\Tomato_Disease_Research\plantvillage\Tomato__Target_Spot\e920317d-f75e-4fc1-a276-7c6a6837a0fd___Com.G_TgS_FL 0942.JPG,256,256,1.0,119.87159729003906,47.20357131958008,6692.68310546875,7.451398159739396,120.25572204589844,121.79100036621094,108.98092651367188
PlantVillage Internal,D:\Tomato_Disease_Research\plantvillage\Tomato__Target_Spot\ea1a98f6-8ec2-434e-9e48-537378734029___Com.G_TgS_FL 0028.JPG,256,256,1.0,112.25273132324219,31.97710609436035,2878.927490234375,6.90949185369338,112.63175964355469,113.413818359375,105.27993774414062
PlantVillage Internal,D:\Tomato_Disease_Research\plantvillage\Tomato__Target_Spot\ea2f32ba-1bc3-4f8b-abbf-64902bce680d___Com.G_TgS_FL 0823.JPG,256,256,1.0,116.45531463623047,49.22388458251953,9304.1787109375,7.479273193042523,112.98240661621094,119.67231750488281,108.99931335449219
PlantVillage Internal,D:\Tomato_Disease_Research\plantvillage\Tomato__Target_Spot\eaf057ea-2195-4a6c-9bcf-1f5bcad4b430___Com.G_TgS_FL 9848.JPG,256,256,1.0,108.73309326171875,35.8238410949707,3201.205078125,7.13352969575537,110.80294799804688,108.83840942382812,102.76197814941406
PlantVillage Internal,D:\Tomato_Disease_Research\plantvillage\Tomato__Target_Spot\ec6bc457-a4d9-4deb-8f1b-5605637e6c99___Com.G_TgS_FL 9799.JPG,256,256,1.0,125.40046691894531,45.26429748535156,4439.548828125,7.381640625856754,126.33799743652344,126.44630432128906,117.55632019042969
PlantVillage Internal,D:\Tomato_Disease_Research\plantvillage\Tomato__Target_Spot\ee03c96e-d088-4054-8448-27894f7d9609___Com.G_TgS_FL 0979.JPG,256,256,1.0,119.53559112548828,49.33974838256836,7688.8916015625,7.467369490664288,118.28176879882812,122.41171264648438,108.01466369628906
PlantVillage Internal,D:\Tomato_Disease_Research\plantvillage\Tomato__Target_Spot\efa8a3d8-caf5-438e-bcce-ad8ed2f2929f___Com.G_TgS_FL 7881.JPG,256,256,1.0,110.55596923828125,42.62466812133789,6025.3193359375,7.267183853682018,110.01609802246094,112.20878601074219,103.46142578125
PlantVillage Internal,D:\Tomato_Disease_Research\plantvillage\Tomato__Target_Spot\f02e6633-416e-4eb1-bfaa-26b4ede06758___Com.G_TgS_FL 1085.JPG,256,256,1.0,122.3177719116211,50.14434814453125,8509.4677734375,7.502789767189476,126.1728515625,121.7882080078125,114.9334716796875
PlantVillage Internal,D:\Tomato_Disease_Research\plantvillage\Tomato__Target_Spot\f2977510-dab7-46cf-9953-2f898c61151f___Com.G_TgS_FL 0724.JPG,256,256,1.0,120.82734680175781,47.57845687866211,7854.7265625,7.381570675993851,117.92143249511719,123.31272888183594,115.65138244628906
PlantVillage Internal,D:\Tomato_Disease_Research\plantvillage\Tomato__Target_Spot\f2e0f0c8-503c-4889-b39a-c5b2acbce17e___Com.G_TgS_FL 0929.JPG,256,256,1.0,111.38996124267578,41.82439041137695,6677.7490234375,7.326336963759106,111.38630676269531,112.79655456542969,104.15681457519531
PlantVillage Internal,D:\Tomato_Disease_Research\plantvillage\Tomato__Target_Spot\f36508ae-5375-40da-b127-17f3ee0fd837___Com.G_TgS_FL 8369.JPG,256,256,1.0,116.4832534790039,51.878662109375,9498.1279296875,7.5763946538226445,116.32701110839844,117.8282470703125,109.96754455566406
PlantVillage Internal,D:\Tomato_Disease_Research\plantvillage\Tomato__Target_Spot\f3878705-b6ce-448d-868c-5c8016047e57___Com.G_TgS_FL 9736.JPG,256,256,1.0,113.17501831054688,38.549922943115234,3734.324951171875,7.104877085706279,115.81361389160156,113.32666015625,105.47360229492188
PlantVillage Internal,D:\Tomato_Disease_Research\plantvillage\Tomato__Target_Spot\f5034515-2e6f-43e0-abde-7f62d165b750___Com.G_TgS_FL 8127.JPG,256,256,1.0,114.79292297363281,43.917545318603516,7192.5703125,7.392201357285839,113.45912170410156,117.07606506347656,106.53498840332031
PlantVillage Internal,D:\Tomato_Disease_Research\plantvillage\Tomato__Target_Spot\f517602e-150c-45bc-9f16-cdd43b6198cf___Com.G_TgS_FL 0742.JPG,256,256,1.0,125.60810852050781,47.47926330566406,6799.97998046875,7.397826033654841,122.15278625488281,128.15890502929688,121.53642272949219
PlantVillage Internal,D:\Tomato_Disease_Research\plantvillage\Tomato__Target_Spot\f5cd5835-88bb-40e0-bfc5-920ba1f65674___Com.G_TgS_FL 8350.JPG,256,256,1.0,130.2496795654297,58.296382904052734,2055.18798828125,7.483420072321561,130.55270385742188,131.0506134033203,125.33087158203125
PlantVillage Internal,D:\Tomato_Disease_Research\plantvillage\Tomato__Target_Spot\f7ab8f84-31f8-4d1d-9068-e7918ce9c4bf___Com.G_TgS_FL 0780.JPG,256,256,1.0,129.89515686035156,42.51762771606445,8171.0029296875,7.342373721620909,124.972412109375,133.45953369140625,124.45309448242188
PlantVillage Internal,D:\Tomato_Disease_Research\plantvillage\Tomato__Target_Spot\f8d56ae0-9f9b-4a80-89ec-41717ab8fd38___Com.G_TgS_FL 8256.JPG,256,256,1.0,109.91450500488281,45.6749153137207,12009.6376953125,7.39168644632848,106.49641418457031,113.06166076660156,102.67436218261719
PlantVillage Internal,D:\Tomato_Disease_Research\plantvillage\Tomato__Target_Spot\faf529ef-0d4a-4f6d-9a17-27498eae98a5___Com.G_TgS_FL 8208.JPG,256,256,1.0,100.48374938964844,46.389774322509766,7095.5361328125,7.256511209394656,99.01902770996094,103.03216552734375,91.20335388183594
PlantVillage Internal,D:\Tomato_Disease_Research\plantvillage\Tomato__Target_Spot\fb967f21-6c02-4bd3-9145-ee91db7eb2c8___Com.G_TgS_FL 8059.JPG,256,256,1.0,110.27255249023438,38.637638092041016,5352.482421875,7.22555143799037,109.15974426269531,111.96672058105469,104.4677734375
PlantVillage Internal,D:\Tomato_Disease_Research\plantvillage\Tomato__Target_Spot\fddfa96b-42a0-43f1-bbee-eac32d7caff7___Com.G_TgS_FL 9820.JPG,256,256,1.0,112.94706726074219,38.941280364990234,1838.7042236328125,7.152057717644138,109.86077880859375,115.97315979003906,105.46003723144531
PlantVillage Internal,D:\Tomato_Disease_Research\plantvillage\Tomato__Tomato_YellowLeaf__Curl_Virus\00576ef6-6fa0-40d2-b365-87850597bafd___UF.GRC_YLCV_Lab 01999.JPG,256,256,1.0,103.43638610839844,25.123937606811523,53.25652313232422,6.585438545037141,99.18006896972656,112.65827941894531,67.11524963378906
PlantVillage Internal,D:\Tomato_Disease_Research\plantvillage\Tomato__Tomato_YellowLeaf__Curl_Virus\006c18c6-2486-412b-8113-956819390392___YLCV_NREC 2629.JPG,256,256,1.0,119.8820571899414,59.623287200927734,6231.60693359375,7.644452661806192,125.13658142089844,120.5582275390625,102.61868286132812
PlantVillage Internal,D:\Tomato_Disease_Research\plantvillage\Tomato__Tomato_YellowLeaf__Curl_Virus\00e8f0db-abfd-4991-b51f-b87ab7e24612___YLCV_GCREC 2519.JPG,256,256,1.0,99.15019226074219,39.5505256652832,2669.3076171875,7.243483641519276,96.19032287597656,102.40032958984375,90.17802429199219
PlantVillage Internal,D:\Tomato_Disease_Research\plantvillage\Tomato__Tomato_YellowLeaf__Curl_Virus\012ee431-b6ec-4dd5-8646-008bd2f554fe___YLCV_NREC 0064.JPG,256,256,1.0,131.93585205078125,43.17274475097656,919.0880126953125,7.0424870647495785,134.32940673828125,133.50338745117188,117.58656311035156
PlantVillage Internal,D:\Tomato_Disease_Research\plantvillage\Tomato__Tomato_YellowLeaf__Curl_Virus\014d1604-dbbb-4b24-b167-37ec77cccfc6___UF.GRC_YLCV_Lab 01441.JPG,256,256,1.0,125.71450805664062,28.118728637695312,121.69236755371094,6.522195320847854,120.65013122558594,133.9301300048828,96.69419860839844
PlantVillage Internal,D:\Tomato_Disease_Research\plantvillage\Tomato__Tomato_YellowLeaf__Curl_Virus\016bbee4-7b9d-40c8-a802-2bbf00f3bb27___YLCV_NREC 2290.JPG,256,256,1.0,145.39053344726562,47.28176498413086,6855.375,7.343174184402774,151.52000427246094,145.65484619140625,127.95310974121094
PlantVillage Internal,D:\Tomato_Disease_Research\plantvillage\Tomato__Tomato_YellowLeaf__Curl_Virus\018c1311-3ebf-48ce-8e31-f663e1b418a2___UF.GRC_YLCV_Lab 02979.JPG,256,256,1.0,115.24434661865234,37.196807861328125,36.29729461669922,7.19203833085977,111.56224060058594,125.30502319335938,73.09812927246094
PlantVillage Internal,D:\Tomato_Disease_Research\plantvillage\Tomato__Tomato_YellowLeaf__Curl_Virus\0223bec0-2d13-42aa-b653-3aa3ee502b85___YLCV_GCREC 2507.JPG,256,256,1.0,104.57676696777344,34.228179931640625,289.2927551269531,6.9603475963757875,98.73052978515625,111.92369079589844,82.08006286621094
PlantVillage Internal,D:\Tomato_Disease_Research\plantvillage\Tomato__Tomato_YellowLeaf__Curl_Virus\02cb40d6-550a-42fb-99ce-247e4406a322___UF.GRC_YLCV_Lab 02991.JPG,256,256,1.0,97.40068054199219,34.1480827331543,28.518245697021484,6.995016138740775,92.94059753417969,105.87071228027344,65.4853515625
PlantVillage Internal,D:\Tomato_Disease_Research\plantvillage\Tomato__Tomato_YellowLeaf__Curl_Virus\02dfcd5a-d665-4d4a-a12d-c64682647190___UF.GRC_YLCV_Lab 01991.JPG,256,256,1.0,151.48883056640625,27.245006561279297,254.65780639648438,6.715310914320223,145.8070068359375,163.2959442138672,105.59494018554688
PlantVillage Internal,D:\Tomato_Disease_Research\plantvillage\Tomato__Tomato_YellowLeaf__Curl_Virus\03028d07-fabb-4524-af78-8919980ed2ac___UF.GRC_YLCV_Lab 03170.JPG,256,256,1.0,109.85691833496094,18.437971115112305,323.80499267578125,6.224008084042411,101.13243103027344,122.61347961425781,67.05445861816406
PlantVillage Internal,D:\Tomato_Disease_Research\plantvillage\Tomato__Tomato_YellowLeaf__Curl_Virus\034a033b-6c59-4a45-a159-291561c711be___UF.GRC_YLCV_Lab 01627.JPG,256,256,1.0,126.80419921875,34.102752685546875,112.50846862792969,6.9506810508545005,120.80342102050781,135.95883178710938,95.40473937988281
PlantVillage Internal,D:\Tomato_Disease_Research\plantvillage\Tomato__Tomato_YellowLeaf__Curl_Virus\03bbea43-5a47-4c6a-b036-9a29152c8f09___UF.GRC_YLCV_Lab 01900.JPG,256,256,1.0,116.38819885253906,33.65237045288086,83.86311340332031,7.0443995935897075,110.505615234375,129.4029998779297,64.80224609375
PlantVillage Internal,D:\Tomato_Disease_Research\plantvillage\Tomato__Tomato_YellowLeaf__Curl_Virus\046273fc-2ab8-4fb0-abaa-bc43e28d5a7a___YLCV_NREC 2692.JPG,256,256,1.0,115.3109130859375,44.41403579711914,4442.0302734375,7.306446439744325,121.94015502929688,114.59117126464844,101.6297607421875
PlantVillage Internal,D:\Tomato_Disease_Research\plantvillage\Tomato__Tomato_YellowLeaf__Curl_Virus\04e0bd12-ec63-432a-9b4a-23e23bb6d2be___YLCV_GCREC 2208.JPG,256,256,1.0,90.25576782226562,38.021522521972656,1911.4791259765625,7.193307640654366,88.82656860351562,93.39259338378906,77.85232543945312
PlantVillage Internal,D:\Tomato_Disease_Research\plantvillage\Tomato__Tomato_YellowLeaf__Curl_Virus\04edcd31-202d-43bd-8a61-2985c27e3be3___UF.GRC_YLCV_Lab 01805.JPG,256,256,1.0,124.8372573852539,36.37907409667969,154.23902893066406,7.069706801741465,119.34671020507812,137.1207733154297,75.9886474609375
PlantVillage Internal,D:\Tomato_Disease_Research\plantvillage\Tomato__Tomato_YellowLeaf__Curl_Virus\0515eeb0-1bfb-4307-b09d-8fce88e23aac___UF.GRC_YLCV_Lab 02549.JPG,256,256,1.0,110.28213500976562,34.79079818725586,132.28414916992188,6.824567582001301,106.39353942871094,117.28367614746094,84.42936706542969
PlantVillage Internal,D:\Tomato_Disease_Research\plantvillage\Tomato__Tomato_YellowLeaf__Curl_Virus\05c7f371-7278-4d67-9bbf-9c21096b6044___YLCV_GCREC 2425.JPG,256,256,1.0,105.51823425292969,41.22337341308594,2287.955810546875,7.257213761173296,103.885986328125,110.0859375,86.27961730957031
PlantVillage Internal,D:\Tomato_Disease_Research\plantvillage\Tomato__Tomato_YellowLeaf__Curl_Virus\0632b42f-8d80-4cbb-b9f0-11997b3b7477___UF.GRC_YLCV_Lab 03117.JPG,256,256,1.0,114.42190551757812,33.474971771240234,158.88369750976562,6.940183631920603,106.92912292480469,124.25425720214844,83.44602966308594
PlantVillage Internal,D:\Tomato_Disease_Research\plantvillage\Tomato__Tomato_YellowLeaf__Curl_Virus\06843421-6362-4733-8bbc-aec499a1a452___YLCV_GCREC 2757.JPG,256,256,1.0,104.38075256347656,31.168132781982422,1445.3282470703125,6.9420016037559735,100.71006774902344,109.52183532714844,87.53617858886719
PlantVillage Internal,D:\Tomato_Disease_Research\plantvillage\Tomato__Tomato_YellowLeaf__Curl_Virus\06af6068-b0d7-4dec-b4d5-5ba2fe1753cb___YLCV_NREC 2321.JPG,256,256,1.0,112.3466796875,57.246917724609375,7884.8837890625,7.486266061439056,117.99008178710938,112.15998840332031,98.50637817382812
PlantVillage Internal,D:\Tomato_Disease_Research\plantvillage\Tomato__Tomato_YellowLeaf__Curl_Virus\0721d1fb-9464-4c07-b44a-7c823da14bd7___UF.GRC_YLCV_Lab 02962.JPG,256,256,1.0,123.34078216552734,26.004465103149414,78.92572021484375,6.499053058268712,120.21232604980469,129.70278930664062,98.78732299804688
PlantVillage Internal,D:\Tomato_Disease_Research\plantvillage\Tomato__Tomato_YellowLeaf__Curl_Virus\0734ea54-1d91-4a7c-a42c-805ffc3e3245___UF.GRC_YLCV_Lab 02770.JPG,256,256,1.0,127.20314025878906,28.60062599182129,79.4835433959961,6.799081455334134,121.1287841796875,136.18362426757812,96.89337158203125
PlantVillage Internal,D:\Tomato_Disease_Research\plantvillage\Tomato__Tomato_YellowLeaf__Curl_Virus\07aa5223-ed3c-48a9-83e7-bd76a110f941___UF.GRC_YLCV_Lab 03119.JPG,256,256,1.0,128.66339111328125,21.0783748626709,283.91986083984375,6.394611324215999,119.9302978515625,140.58746337890625,90.17018127441406
PlantVillage Internal,D:\Tomato_Disease_Research\plantvillage\Tomato__Tomato_YellowLeaf__Curl_Virus\07aadcd9-330a-4600-a4d7-a638498c022d___YLCV_GCREC 2291.JPG,256,256,1.0,113.30142974853516,40.13109588623047,4837.6005859375,7.213344085725739,113.34068298339844,116.47525024414062,96.85612487792969
PlantVillage Internal,D:\Tomato_Disease_Research\plantvillage\Tomato__Tomato_YellowLeaf__Curl_Virus\07f1d416-ee72-4f16-9840-1c20d02c64cc___UF.GRC_YLCV_Lab 01781.JPG,256,256,1.0,119.73760986328125,42.19915008544922,132.1723175048828,7.223367596916492,115.88212585449219,127.73222351074219,88.68452453613281
PlantVillage Internal,D:\Tomato_Disease_Research\plantvillage\Tomato__Tomato_YellowLeaf__Curl_Virus\08166dc1-9f39-4086-bcc9-f0dc0f0e85a6___UF.GRC_YLCV_Lab 02812.JPG,256,256,1.0,123.25067138671875,21.123746871948242,84.48297119140625,6.377934370960016,118.26264953613281,131.02821350097656,96.28582763671875
PlantVillage Internal,D:\Tomato_Disease_Research\plantvillage\Tomato__Tomato_YellowLeaf__Curl_Virus\0848359b-471c-4cb9-a368-879fe6c1483b___UF.GRC_YLCV_Lab 01646.JPG,256,256,1.0,81.627197265625,18.88148307800293,107.15129089355469,6.124245832438368,75.65348815917969,89.64414978027344,56.0147705078125
PlantVillage Internal,D:\Tomato_Disease_Research\plantvillage\Tomato__Tomato_YellowLeaf__Curl_Virus\0861ef6a-5758-45d5-8e15-1d1c814d8ed5___UF.GRC_YLCV_Lab 09591.JPG,256,256,1.0,106.55003356933594,25.631755828857422,288.3642883300781,6.715297868524159,100.21994018554688,116.43940734863281,72.23101806640625
PlantVillage Internal,D:\Tomato_Disease_Research\plantvillage\Tomato__Tomato_YellowLeaf__Curl_Virus\086fb13f-cf9e-4a78-bf22-9cc08aa4147b___UF.GRC_YLCV_Lab 03021.JPG,256,256,1.0,119.1978988647461,26.043825149536133,146.87506103515625,6.567212277904064,110.14714050292969,131.412841796875,80.04006958007812
PlantVillage Internal,D:\Tomato_Disease_Research\plantvillage\Tomato__Tomato_YellowLeaf__Curl_Virus\08f78a80-46f5-45a6-937c-4d05d61c08c2___UF.GRC_YLCV_Lab 01895.JPG,256,256,1.0,108.99532318115234,36.35429000854492,127.12010955810547,7.161579519113991,105.38163757324219,121.52040100097656,53.980133056640625
PlantVillage Internal,D:\Tomato_Disease_Research\plantvillage\Tomato__Tomato_YellowLeaf__Curl_Virus\0922e026-b563-438d-b9ed-7476153023ce___YLCV_GCREC 2258.JPG,256,256,1.0,107.89431762695312,41.54716873168945,6962.1474609375,7.248047274590093,105.76560974121094,113.47340393066406,84.75001525878906
PlantVillage Internal,D:\Tomato_Disease_Research\plantvillage\Tomato__Tomato_YellowLeaf__Curl_Virus\09b3387c-2054-4155-813a-ce66c3116286___YLCV_NREC 2916.JPG,256,256,1.0,98.69096374511719,40.611793518066406,2859.80126953125,7.167311227204421,102.14224243164062,99.42716979980469,85.84806823730469
PlantVillage Internal,D:\Tomato_Disease_Research\plantvillage\Tomato__Tomato_YellowLeaf__Curl_Virus\0a17e781-b999-4a31-88a0-e914c4ba4a8a___UF.GRC_YLCV_Lab 02214.JPG,256,256,1.0,133.5274658203125,24.166698455810547,16.609535217285156,6.103753332581421,132.1971435546875,138.60292053222656,110.88249206542969
PlantVillage Internal,D:\Tomato_Disease_Research\plantvillage\Tomato__Tomato_YellowLeaf__Curl_Virus\0a5f0d25-53a0-47d4-b3fa-984ec3b2a2fb___YLCV_GCREC 5214.JPG,256,256,1.0,105.97022247314453,52.8018913269043,3929.38525390625,7.309063551797051,110.11367797851562,107.07005310058594,89.4395751953125
PlantVillage Internal,D:\Tomato_Disease_Research\plantvillage\Tomato__Tomato_YellowLeaf__Curl_Virus\0a9560c4-1430-4514-93c4-7036f6fee43d___UF.GRC_YLCV_Lab 01280.JPG,256,256,1.0,131.7007293701172,33.38157653808594,71.78898620605469,6.301254210387265,125.74504089355469,141.32394409179688,97.77024841308594
PlantVillage Internal,D:\Tomato_Disease_Research\plantvillage\Tomato__Tomato_YellowLeaf__Curl_Virus\0a972298-84e7-47b4-9968-a77369063b02___YLCV_GCREC 1977.JPG,256,256,1.0,118.65425872802734,48.09300994873047,2284.65673828125,7.34633502841025,113.32695007324219,124.12236022949219,104.47084045410156
PlantVillage Internal,D:\Tomato_Disease_Research\plantvillage\Tomato__Tomato_YellowLeaf__Curl_Virus\0ae828f5-e6e8-4100-b297-52f98dfc6109___UF.GRC_YLCV_Lab 01958.JPG,256,256,1.0,126.27407836914062,34.545005798339844,96.27339172363281,6.9496178057623705,124.88331604003906,135.7199249267578,81.28390502929688
PlantVillage Internal,D:\Tomato_Disease_Research\plantvillage\Tomato__Tomato_YellowLeaf__Curl_Virus\0b458337-20be-4c8d-ae8d-184cd60ee8c1___UF.GRC_YLCV_Lab 01311.JPG,256,256,1.0,108.7709732055664,33.91949462890625,94.84173583984375,7.0510755198040584,98.51710510253906,121.73457336425781,68.91372680664062
PlantVillage Internal,D:\Tomato_Disease_Research\plantvillage\Tomato__Tomato_YellowLeaf__Curl_Virus\0b4f1295-fb19-4541-afa5-271800914460___UF.GRC_YLCV_Lab 03030.JPG,256,256,1.0,121.72804260253906,22.048648834228516,222.752685546875,6.442100046491376,110.53759765625,136.55331420898438,74.74134826660156
PlantVillage Internal,D:\Tomato_Disease_Research\plantvillage\Tomato__Tomato_YellowLeaf__Curl_Virus\0b65e4d3-9a6e-463a-b930-814c787d01c6___UF.GRC_YLCV_Lab 01910.JPG,256,256,1.0,132.56993103027344,33.92843246459961,90.09091186523438,7.030262720503185,129.0663604736328,144.31105041503906,81.3026123046875
PlantVillage Internal,D:\Tomato_Disease_Research\plantvillage\Tomato__Tomato_YellowLeaf__Curl_Virus\0b78b271-70eb-478c-b6b5-c271a2dfd3e2___UF.GRC_YLCV_Lab 01380.JPG,256,256,1.0,109.8337173461914,26.796302795410156,39.559810638427734,6.510229369609207,103.40499877929688,119.55807495117188,76.62307739257812
PlantVillage Internal,D:\Tomato_Disease_Research\plantvillage\Tomato__Tomato_YellowLeaf__Curl_Virus\0c88eee3-dc38-42ff-b834-a406d3275208___UF.GRC_YLCV_Lab 01762.JPG,256,256,1.0,107.31460571289062,27.073698043823242,228.58309936523438,6.736148232288486,102.6007080078125,118.05892944335938,64.35440063476562
PlantVillage Internal,D:\Tomato_Disease_Research\plantvillage\Tomato__Tomato_YellowLeaf__Curl_Virus\0c9ad7ef-1db7-4a0b-864d-7b6ca98a0282___UF.GRC_YLCV_Lab 01506.JPG,256,256,1.0,136.3632354736328,17.345373153686523,64.23001861572266,5.809853337304974,133.0206756591797,143.44735717773438,108.6529541015625
PlantVillage Internal,D:\Tomato_Disease_Research\plantvillage\Tomato__Tomato_YellowLeaf__Curl_Virus\0c9f5882-6af4-4472-8504-0987cdb4048a___UF.GRC_YLCV_Lab 01610.JPG,256,256,1.0,120.95806884765625,28.73007583618164,226.12698364257812,6.65246022796993,115.95054626464844,128.50314331054688,95.24137878417969
PlantVillage Internal,D:\Tomato_Disease_Research\plantvillage\Tomato__Tomato_YellowLeaf__Curl_Virus\0d84c5c2-beed-4122-898f-db2ca354de95___YLCV_GCREC 1914.JPG,256,256,1.0,121.69161987304688,49.31312561035156,3390.805419921875,7.360015174064607,118.90972900390625,127.14888000488281,100.8878173828125
PlantVillage Internal,D:\Tomato_Disease_Research\plantvillage\Tomato__Tomato_YellowLeaf__Curl_Virus\0dbf9fad-ad17-4dcf-90cf-b5e3fa26e3a5___UF.GRC_YLCV_Lab 08583.JPG,256,256,1.0,126.36123657226562,20.352771759033203,41.2763786315918,6.002144134937071,121.52830505371094,134.6539306640625,96.3370361328125
PlantVillage Internal,D:\Tomato_Disease_Research\plantvillage\Tomato__Tomato_YellowLeaf__Curl_Virus\0e07d1ac-39e3-404a-b14e-3218ee74e6bd___YLCV_NREC 2784.JPG,256,256,1.0,109.62850189208984,38.85146713256836,4502.13427734375,7.23721171865213,119.74165344238281,108.2109375,90.40286254882812
PlantVillage Internal,D:\Tomato_Disease_Research\plantvillage\Tomato__Tomato_YellowLeaf__Curl_Virus\0fdcaef4-4723-4b4b-b81c-45f250a8ede3___YLCV_NREC 0254.JPG,256,256,1.0,102.3359375,32.418827056884766,2536.989501953125,6.951153091731443,103.33851623535156,103.3817138671875,94.32151794433594
PlantVillage Internal,D:\Tomato_Disease_Research\plantvillage\Tomato__Tomato_YellowLeaf__Curl_Virus\1007b891-4d3c-481a-9142-093905d2d02c___UF.GRC_YLCV_Lab 02743.JPG,256,256,1.0,125.809326171875,29.741241455078125,69.80471801757812,6.797398895729538,121.42060852050781,133.71646118164062,96.60527038574219
PlantVillage Internal,D:\Tomato_Disease_Research\plantvillage\Tomato__Tomato_YellowLeaf__Curl_Virus\100e0500-25e7-4ecf-bbff-47b59472f911___UF.GRC_YLCV_Lab 01282.JPG,256,256,1.0,125.00346374511719,22.41435432434082,27.036178588867188,6.501318907281316,117.91603088378906,135.68641662597656,88.58457946777344
PlantVillage Internal,D:\Tomato_Disease_Research\plantvillage\Tomato__Tomato_YellowLeaf__Curl_Virus\100f3160-f1b5-4e56-9f8e-dfac75d26311___YLCV_NREC 0191.JPG,256,256,1.0,105.17298126220703,35.17774963378906,2373.653076171875,7.07948716082747,107.87281799316406,105.57510375976562,96.02127075195312
PlantVillage Internal,D:\Tomato_Disease_Research\plantvillage\Tomato__Tomato_YellowLeaf__Curl_Virus\10239cd2-1e83-45d0-b40d-816316d705d4___YLCV_GCREC 2393.JPG,256,256,1.0,97.3103256225586,42.82965850830078,3140.40283203125,7.272319843424883,89.70372009277344,102.98442077636719,88.04440307617188
PlantVillage Internal,D:\Tomato_Disease_Research\plantvillage\Tomato__Tomato_YellowLeaf__Curl_Virus\103210e0-a963-4d63-a23f-0e1bbe7f2f58___UF.GRC_YLCV_Lab 01639.JPG,256,256,1.0,120.01235961914062,33.702728271484375,85.43011474609375,6.92437893115513,115.61654663085938,127.52064514160156,92.8807373046875
PlantVillage Internal,D:\Tomato_Disease_Research\plantvillage\Tomato__Tomato_YellowLeaf__Curl_Virus\104fc95d-88f5-4f2e-a3ea-bfcba37f6b9f___UF.GRC_YLCV_Lab 01854.JPG,256,256,1.0,116.4876480102539,36.502960205078125,155.10708618164062,7.115414639208188,112.23936462402344,128.13755798339844,67.64328002929688
PlantVillage Internal,D:\Tomato_Disease_Research\plantvillage\Tomato__Tomato_YellowLeaf__Curl_Virus\10afeb08-5fa8-45bb-8af7-20aed5b9931a___UF.GRC_YLCV_Lab 09388.JPG,256,256,1.0,128.1228790283203,22.208599090576172,103.85887145996094,6.477342271515544,120.90495300292969,139.52796936035156,88.32786560058594
PlantVillage Internal,D:\Tomato_Disease_Research\plantvillage\Tomato__Tomato_YellowLeaf__Curl_Virus\10da71b1-049d-4d99-babb-0270692f7641___UF.GRC_YLCV_Lab 01681.JPG,256,256,1.0,103.016357421875,22.85296058654785,186.48681640625,6.428135000843758,96.09730529785156,111.62327575683594,76.84559631347656
PlantVillage Internal,D:\Tomato_Disease_Research\plantvillage\Tomato__Tomato_YellowLeaf__Curl_Virus\112779d4-27f3-4c5e-8813-b64d26ef7e03___UF.GRC_YLCV_Lab 02860.JPG,256,256,1.0,112.72438049316406,29.58408546447754,154.747802734375,6.896629896043153,105.45071411132812,123.26141357421875,77.54530334472656
PlantVillage Internal,D:\Tomato_Disease_Research\plantvillage\Tomato__Tomato_YellowLeaf__Curl_Virus\115c36f2-2c97-4a9a-a091-3c6e976a5e79___UF.GRC_YLCV_Lab 01829.JPG,256,256,1.0,98.67555236816406,32.80066680908203,135.01434326171875,6.971068022143499,93.23515319824219,109.54655456542969,56.968505859375
PlantVillage Internal,D:\Tomato_Disease_Research\plantvillage\Tomato__Tomato_YellowLeaf__Curl_Virus\119b516b-277b-47ae-bf89-5a61a54f7cd3___YLCV_GCREC 1969.JPG,256,256,1.0,118.636962890625,49.86246109008789,3660.62109375,7.359586409333065,119.12001037597656,123.64375305175781,91.58944702148438
PlantVillage Internal,D:\Tomato_Disease_Research\plantvillage\Tomato__Tomato_YellowLeaf__Curl_Virus\11e8ed90-0a9b-4730-b239-7eac7a93fcc2___YLCV_NREC 2741.JPG,256,256,1.0,110.13848114013672,46.63666534423828,6110.40478515625,7.444922931502872,117.16184997558594,109.77342224121094,93.59730529785156
PlantVillage Internal,D:\Tomato_Disease_Research\plantvillage\Tomato__Tomato_YellowLeaf__Curl_Virus\1215acbb-6ddf-48a2-a372-20a440723675___YLCV_NREC 2078.JPG,256,256,1.0,115.23239135742188,53.069580078125,5916.2744140625,7.424327322412397,120.62287902832031,116.32844543457031,95.45046997070312
PlantVillage Internal,D:\Tomato_Disease_Research\plantvillage\Tomato__Tomato_YellowLeaf__Curl_Virus\12313111-b847-4491-934c-f5861e98db88___YLCV_NREC 0272.JPG,256,256,1.0,100.80299377441406,31.89801597595215,1365.196533203125,6.922415233316475,100.38578796386719,103.20689392089844,89.51924133300781
PlantVillage Internal,D:\Tomato_Disease_Research\plantvillage\Tomato__Tomato_YellowLeaf__Curl_Virus\1259b01b-cbed-4dd9-a523-bd7d584c49a9___YLCV_NREC 2560.JPG,256,256,1.0,111.0244140625,47.905181884765625,5412.8779296875,7.347373050375763,122.50468444824219,109.46401977539062,88.9486083984375
PlantVillage Internal,D:\Tomato_Disease_Research\plantvillage\Tomato__Tomato_YellowLeaf__Curl_Virus\1270c061-02e6-4853-8f09-4bb718e1fbca___UF.GRC_YLCV_Lab 01767.JPG,256,256,1.0,93.10449981689453,30.315038681030273,62.23651885986328,6.81274951124264,88.84365844726562,102.75010681152344,54.6134033203125
PlantVillage Internal,D:\Tomato_Disease_Research\plantvillage\Tomato__Tomato_YellowLeaf__Curl_Virus\12f9f83e-78d4-465f-9987-569cd1e39237___UF.GRC_YLCV_Lab 02867.JPG,256,256,1.0,132.25033569335938,21.98183250427246,93.12710571289062,6.449662368934241,129.6802978515625,140.3981170654297,97.03707885742188
PlantVillage Internal,D:\Tomato_Disease_Research\plantvillage\Tomato__Tomato_YellowLeaf__Curl_Virus\1321c4b9-86db-41d1-a93b-b036040cc977___YLCV_GCREC 2707.JPG,256,256,1.0,122.40054321289062,39.05967712402344,94.53042602539062,6.947998038360652,118.41416931152344,126.6348876953125,111.05287170410156
PlantVillage Internal,D:\Tomato_Disease_Research\plantvillage\Tomato__Tomato_YellowLeaf__Curl_Virus\1436f541-7f24-446a-a044-272f5094d011___UF.GRC_YLCV_Lab 01693.JPG,256,256,1.0,115.81123352050781,50.482967376708984,141.9228973388672,7.476497619619535,111.38764953613281,122.84220886230469,91.21006774902344
PlantVillage Internal,D:\Tomato_Disease_Research\plantvillage\Tomato__Tomato_YellowLeaf__Curl_Virus\151a5c33-96d5-499e-a7b2-62d0cbc6bc91___YLCV_NREC 2766.JPG,256,256,1.0,101.47108459472656,39.52986145019531,3792.923095703125,7.227357617139042,106.548095703125,101.40206909179688,88.51040649414062
PlantVillage Internal,D:\Tomato_Disease_Research\plantvillage\Tomato__Tomato_YellowLeaf__Curl_Virus\15ea913f-a400-4a72-9595-63c2f9c168ce___YLCV_GCREC 2828.JPG,256,256,1.0,106.7890625,29.79496955871582,1229.61083984375,6.82175782865813,101.77116394042969,113.21978759765625,86.83740234375
PlantVillage Internal,D:\Tomato_Disease_Research\plantvillage\Tomato__Tomato_YellowLeaf__Curl_Virus\1622f25f-5dfe-4fc1-ad11-b0bf3effbd68___UF.GRC_YLCV_Lab 02392.JPG,256,256,1.0,101.9894027709961,35.702762603759766,19.249370574951172,7.080349469574615,94.49540710449219,112.93228149414062,65.29849243164062
PlantVillage Internal,D:\Tomato_Disease_Research\plantvillage\Tomato__Tomato_YellowLeaf__Curl_Virus\16395848-34c6-4c92-9119-088b5e815e12___YLCV_NREC 2471.JPG,256,256,1.0,129.0252685546875,49.7543830871582,7722.34033203125,7.356416006588434,137.73614501953125,127.99942016601562,111.46051025390625
PlantVillage Internal,D:\Tomato_Disease_Research\plantvillage\Tomato__Tomato_YellowLeaf__Curl_Virus\1666ae7f-31f9-4faf-8b60-40a1ded014ea___YLCV_GCREC 2236.JPG,256,256,1.0,95.24579620361328,36.97248840332031,1431.83642578125,7.082221471677118,90.32536315917969,99.28138732910156,87.37135314941406
PlantVillage Internal,D:\Tomato_Disease_Research\plantvillage\Tomato__Tomato_YellowLeaf__Curl_Virus\16951e1f-de33-4572-96f9-4be312c55d6b___UF.GRC_YLCV_Lab 03213.JPG,256,256,1.0,119.74920654296875,29.99362564086914,89.9383773803711,6.739118998046018,111.56829833984375,131.273193359375,81.86776733398438
PlantVillage Internal,D:\Tomato_Disease_Research\plantvillage\Tomato__Tomato_YellowLeaf__Curl_Virus\16d0561b-45f1-477a-9a2a-d77f3b0c3412___YLCV_NREC 2779.JPG,256,256,1.0,97.44523620605469,49.60245895385742,5147.275390625,7.493207170306087,101.52226257324219,98.27069091796875,82.50155639648438
PlantVillage Internal,D:\Tomato_Disease_Research\plantvillage\Tomato__Tomato_YellowLeaf__Curl_Virus\17e22e2c-e795-49f8-82c3-58b048b1b4c3___UF.GRC_YLCV_Lab 03366.JPG,256,256,1.0,140.82000732421875,22.241260528564453,109.3522720336914,6.196858232300643,133.27757263183594,151.95068359375,103.2891845703125
PlantVillage Internal,D:\Tomato_Disease_Research\plantvillage\Tomato__Tomato_YellowLeaf__Curl_Virus\18973252-18b9-4302-b89c-2678798a038f___UF.GRC_YLCV_Lab 02668.JPG,256,256,1.0,136.72425842285156,25.342803955078125,94.85875701904297,6.535450829669145,131.72837829589844,149.48365783691406,84.12783813476562
PlantVillage Internal,D:\Tomato_Disease_Research\plantvillage\Tomato__Tomato_YellowLeaf__Curl_Virus\18a45a0a-98cd-4e97-9a3e-44c8a952baf4___UF.GRC_YLCV_Lab 01319.JPG,256,256,1.0,132.67062377929688,30.951396942138672,77.77415466308594,6.893815387455065,124.16337585449219,145.994384765625,86.37771606445312
PlantVillage Internal,D:\Tomato_Disease_Research\plantvillage\Tomato__Tomato_YellowLeaf__Curl_Virus\18b0cd56-fade-43b0-8668-c04d62075956___UF.GRC_YLCV_Lab 02211.JPG,256,256,1.0,134.171142578125,26.051607131958008,49.633262634277344,6.422573355090778,132.71632385253906,141.30471801757812,101.25509643554688
PlantVillage Internal,D:\Tomato_Disease_Research\plantvillage\Tomato__Tomato_YellowLeaf__Curl_Virus\18bc4741-93ef-4380-bed0-277824361c27___UF.GRC_YLCV_Lab 02402.JPG,256,256,1.0,119.84884643554688,18.744720458984375,102.695556640625,6.203109438328125,116.60888671875,128.55377197265625,83.52389526367188
PlantVillage Internal,D:\Tomato_Disease_Research\plantvillage\Tomato__Tomato_YellowLeaf__Curl_Virus\190e5d27-784d-4261-8704-51e4767b4835___YLCV_GCREC 2310.JPG,256,256,1.0,108.21994018554688,46.308414459228516,5778.87548828125,7.3327617594266865,108.80009460449219,109.9366455078125,97.85890197753906
PlantVillage Internal,D:\Tomato_Disease_Research\plantvillage\Tomato__Tomato_YellowLeaf__Curl_Virus\193f32a3-11a4-4d39-a88c-a1bc44e61d66___UF.GRC_YLCV_Lab 02863.JPG,256,256,1.0,122.00941467285156,29.17293357849121,164.77108764648438,6.6894756329368485,118.51243591308594,130.20452880859375,88.98365783691406
PlantVillage Internal,D:\Tomato_Disease_Research\plantvillage\Tomato__Tomato_YellowLeaf__Curl_Virus\19869eb6-51a1-448f-8326-af002366b2a9___UF.GRC_YLCV_Lab 02502.JPG,256,256,1.0,119.12472534179688,21.427574157714844,85.24310302734375,6.328033494031775,110.46945190429688,128.46951293945312,93.70846557617188
PlantVillage Internal,D:\Tomato_Disease_Research\plantvillage\Tomato__Tomato_YellowLeaf__Curl_Virus\19a20587-f100-4b2e-9c07-d07143b3b7d7___YLCV_NREC 2567.JPG,256,256,1.0,101.11614990234375,42.00796127319336,5747.22705078125,7.291829585615076,106.40585327148438,101.23983764648438,86.60539245605469
PlantVillage Internal,D:\Tomato_Disease_Research\plantvillage\Tomato__Tomato_YellowLeaf__Curl_Virus\19de5bae-f8a3-467b-a0f8-11a6b42b271f___YLCV_GCREC 2477.JPG,256,256,1.0,89.90812683105469,38.666419982910156,1582.900390625,7.106005780788608,84.56893920898438,95.28648376464844,76.21797180175781
PlantVillage Internal,D:\Tomato_Disease_Research\plantvillage\Tomato__Tomato_YellowLeaf__Curl_Virus\1a52b0ca-b284-4944-bfc0-8c1c22a70e0d___YLCV_NREC 0140.JPG,256,256,1.0,108.44483947753906,30.23117446899414,2623.959716796875,6.858521779706688,112.70504760742188,108.82037353515625,95.33749389648438
PlantVillage Internal,D:\Tomato_Disease_Research\plantvillage\Tomato__Tomato_YellowLeaf__Curl_Virus\1a537532-de0a-4e34-ab75-8f31fd011f88___YLCV_GCREC 2860.JPG,256,256,1.0,126.99533081054688,34.07517623901367,1358.48388671875,6.935313397875021,121.03962707519531,132.78359985351562,112.81146240234375
PlantVillage Internal,D:\Tomato_Disease_Research\plantvillage\Tomato__Tomato_YellowLeaf__Curl_Virus\1a67b613-4652-4f95-a8aa-8775b497d938___YLCV_NREC 2215.JPG,256,256,1.0,103.54266357421875,41.35658645629883,3999.30029296875,7.335827388372856,106.87733459472656,104.81930541992188,88.22282409667969
PlantVillage Internal,D:\Tomato_Disease_Research\plantvillage\Tomato__Tomato_YellowLeaf__Curl_Virus\1a9afa3d-6040-40b0-8393-7772576dabc1___UF.GRC_YLCV_Lab 09604.JPG,256,256,1.0,128.96875,26.338468551635742,32.97325134277344,6.59309504485125,123.58058166503906,138.81961059570312,92.37751770019531
PlantVillage Internal,D:\Tomato_Disease_Research\plantvillage\Tomato__Tomato_YellowLeaf__Curl_Virus\1ad9445f-f1aa-43ee-b0b6-e811fb120bcb___UF.GRC_YLCV_Lab 02600.JPG,256,256,1.0,99.60919189453125,38.807125091552734,108.829833984375,7.090283855380982,98.48092651367188,107.29185485839844,63.00938415527344
PlantVillage Internal,D:\Tomato_Disease_Research\plantvillage\Tomato__Tomato_YellowLeaf__Curl_Virus\1ae01cae-4384-4041-9b1b-806253b3155d___YLCV_NREC 2166.JPG,256,256,1.0,130.90310668945312,47.00968551635742,5423.45703125,7.37515615544026,137.4219512939453,131.21783447265625,112.18492126464844
PlantVillage Internal,D:\Tomato_Disease_Research\plantvillage\Tomato__Tomato_YellowLeaf__Curl_Virus\1aec01f1-6200-4d30-bb9f-30ae5f423a8a___YLCV_GCREC 2709.JPG,256,256,1.0,101.87715148925781,38.0095329284668,2525.79931640625,7.194078444339746,98.99961853027344,105.22988891601562,92.16072082519531
PlantVillage Internal,D:\Tomato_Disease_Research\plantvillage\Tomato__Tomato_YellowLeaf__Curl_Virus\1b984071-0529-4e15-9157-0b4b4a214d8f___UF.GRC_YLCV_Lab 08574.JPG,256,256,1.0,139.49594116210938,20.264604568481445,37.51224136352539,6.1824273516891255,136.86695861816406,146.8831024169922,108.35398864746094
PlantVillage Internal,D:\Tomato_Disease_Research\plantvillage\Tomato__Tomato_YellowLeaf__Curl_Virus\1bc2555a-b8c3-4be6-9ce2-f52573f6eea0___UF.GRC_YLCV_Lab 09562.JPG,256,256,1.0,110.47479248046875,25.537395477294922,81.28321838378906,6.6204643275818365,107.83894348144531,116.64225769042969,85.63108825683594
PlantVillage Internal,D:\Tomato_Disease_Research\plantvillage\Tomato__Tomato_YellowLeaf__Curl_Virus\1c0478dc-09a0-4828-ab05-60c7063c7491___UF.GRC_YLCV_Lab 03153.JPG,256,256,1.0,125.7712631225586,46.460323333740234,134.84536743164062,7.2719278668603,121.87664794921875,132.10385131835938,103.37876892089844
PlantVillage Internal,D:\Tomato_Disease_Research\plantvillage\Tomato__Tomato_YellowLeaf__Curl_Virus\1c1e1887-c9f8-4498-8ed5-4b09931946e0___UF.GRC_YLCV_Lab 03400.JPG,256,256,1.0,90.5318374633789,20.670381546020508,119.79107666015625,6.344542000363338,83.37152099609375,100.75970458984375,56.64744567871094
PlantVillage Internal,D:\Tomato_Disease_Research\plantvillage\Tomato__Tomato_YellowLeaf__Curl_Virus\1c915a75-66fa-439a-8772-8c794e2cc19b___YLCV_GCREC 2861.JPG,256,256,1.0,127.08584594726562,42.155311584472656,1775.72021484375,7.143310917871213,121.58552551269531,132.39707946777344,114.16395568847656
PlantVillage Internal,D:\Tomato_Disease_Research\plantvillage\Tomato__Tomato_YellowLeaf__Curl_Virus\1cd27c22-6bd1-479d-a548-4e7b953676c8___UF.GRC_YLCV_Lab 01373.JPG,256,256,1.0,118.31563568115234,28.16828727722168,144.27996826171875,6.330751094344899,110.89366149902344,127.15098571777344,92.28776550292969
PlantVillage Internal,D:\Tomato_Disease_Research\plantvillage\Tomato__Tomato_YellowLeaf__Curl_Virus\1cda9dae-d9ec-42b2-a420-52001ccb4941___UF.GRC_YLCV_Lab 03302.JPG,256,256,1.0,110.00312042236328,34.413368225097656,114.00666046142578,6.943751603402196,107.10791015625,117.2783203125,80.13580322265625
PlantVillage Internal,D:\Tomato_Disease_Research\plantvillage\Tomato__Tomato_YellowLeaf__Curl_Virus\1d3441cd-0da1-4fc0-858a-e9687a104a10___UF.GRC_YLCV_Lab 09333.JPG,256,256,1.0,123.62904357910156,20.984764099121094,292.39239501953125,6.314496575730465,118.80462646484375,131.72235107421875,94.60910034179688
PlantVillage Internal,D:\Tomato_Disease_Research\plantvillage\Tomato__Tomato_YellowLeaf__Curl_Virus\1d3807d1-263e-4818-ac13-416627479eb9___UF.GRC_YLCV_Lab 02241.JPG,256,256,1.0,105.07278442382812,33.91455841064453,138.77578735351562,6.65884484941628,101.13668823242188,111.675048828125,81.40042114257812
PlantVillage Internal,D:\Tomato_Disease_Research\plantvillage\Tomato__Tomato_YellowLeaf__Curl_Virus\1da5a1f0-7b30-4984-869e-ecc7a618eb29___YLCV_NREC 2840.JPG,256,256,1.0,103.55195617675781,42.87835693359375,3326.12744140625,7.309080072303706,111.19412231445312,102.69189453125,87.93659973144531
PlantVillage Internal,D:\Tomato_Disease_Research\plantvillage\Tomato__Tomato_YellowLeaf__Curl_Virus\1db26dba-d945-4ef1-9c64-dacfa10ce08a___UF.GRC_YLCV_Lab 02960.JPG,256,256,1.0,136.62603759765625,27.663917541503906,225.85494995117188,6.784280287751463,130.72161865234375,147.126708984375,98.04278564453125
PlantVillage Internal,D:\Tomato_Disease_Research\plantvillage\Tomato__Tomato_YellowLeaf__Curl_Virus\1dfbb58c-b33a-4b2e-a5fa-5df40246e7e8___UF.GRC_YLCV_Lab 01421.JPG,256,256,1.0,129.28683471679688,24.50499153137207,100.1761474609375,6.531423271096564,123.86833190917969,138.06329345703125,98.30757141113281
PlantVillage Internal,D:\Tomato_Disease_Research\plantvillage\Tomato__Tomato_YellowLeaf__Curl_Virus\1dfeecca-ba78-4d56-88fe-71b9410b8e7a___YLCV_NREC 0169.JPG,256,256,1.0,109.97047424316406,32.671730041503906,4151.142578125,7.019441030675659,115.64645385742188,110.03385925292969,94.75711059570312
PlantVillage Internal,D:\Tomato_Disease_Research\plantvillage\Tomato__Tomato_YellowLeaf__Curl_Virus\1e5d50b9-7cf6-4ea3-9e39-020e59c72130___UF.GRC_YLCV_Lab 03092.JPG,256,256,1.0,115.20996856689453,26.438419342041016,57.866729736328125,6.618639769362071,109.35173034667969,124.97604370117188,80.2882080078125
PlantVillage Internal,D:\Tomato_Disease_Research\plantvillage\Tomato__Tomato_YellowLeaf__Curl_Virus\1eec6973-96db-4d9b-9718-2245c0c2d851___YLCV_GCREC 5146.JPG,256,256,1.0,121.15193176269531,38.121280670166016,3258.644775390625,6.94065524308523,124.40164184570312,124.9327392578125,93.16073608398438
PlantVillage Internal,D:\Tomato_Disease_Research\plantvillage\Tomato__Tomato_YellowLeaf__Curl_Virus\1ef18d98-ddde-49b2-b65a-51f372248683___UF.GRC_YLCV_Lab 01467.JPG,256,256,1.0,135.9982147216797,23.765573501586914,51.660888671875,6.495321438385389,128.55604553222656,149.03350830078125,88.39726257324219
PlantVillage Internal,D:\Tomato_Disease_Research\plantvillage\Tomato__Tomato_YellowLeaf__Curl_Virus\1fb17deb-a5a4-46d8-9026-a1fec9b24bec___YLCV_GCREC 5199.JPG,256,256,1.0,123.92926025390625,44.593116760253906,5452.28662109375,7.273283700450169,128.93850708007812,126.20152282714844,99.09078979492188
PlantVillage Internal,D:\Tomato_Disease_Research\plantvillage\Tomato__Tomato_YellowLeaf__Curl_Virus\2058310f-e7eb-4494-8848-aa2c1ca41acb___UF.GRC_YLCV_Lab 03262.JPG,256,256,1.0,151.01824951171875,12.588130950927734,27.94452476501465,5.292177340528996,145.12893676757812,159.79393005371094,121.27757263183594
PlantVillage Internal,D:\Tomato_Disease_Research\plantvillage\Tomato__Tomato_YellowLeaf__Curl_Virus\205dc547-b4f5-4d86-b9ae-c91a768e29ac___UF.GRC_YLCV_Lab 09544.JPG,256,256,1.0,96.79810333251953,29.101205825805664,141.36585998535156,6.84856254119406,90.1917724609375,106.01809692382812,66.65037536621094
PlantVillage Internal,D:\Tomato_Disease_Research\plantvillage\Tomato__Tomato_YellowLeaf__Curl_Virus\20b4f4b2-8416-4695-8084-11b0263554e1___YLCV_GCREC 2642.JPG,256,256,1.0,97.63101196289062,35.011573791503906,983.202880859375,6.883816634949151,95.61544799804688,101.34461975097656,83.79562377929688
PlantVillage Internal,D:\Tomato_Disease_Research\plantvillage\Tomato__Tomato_YellowLeaf__Curl_Virus\211eb7f6-3b10-4e02-9c39-94c6670ff89e___YLCV_NREC 2480.JPG,256,256,1.0,126.64529418945312,45.30884552001953,7346.1923828125,7.388426753798274,135.4806365966797,125.596923828125,108.87010192871094
PlantVillage Internal,D:\Tomato_Disease_Research\plantvillage\Tomato__Tomato_YellowLeaf__Curl_Virus\21c4d748-4123-48be-b87f-45c75035ccb8___YLCV_GCREC 2859.JPG,256,256,1.0,126.41140747070312,35.1172981262207,1840.577880859375,6.818246028701495,122.12312316894531,130.8166961669922,114.97540283203125
PlantVillage Internal,D:\Tomato_Disease_Research\plantvillage\Tomato__Tomato_YellowLeaf__Curl_Virus\21ce68f7-9035-4d91-8e9d-0e2b47840239___YLCV_GCREC 5293.JPG,256,256,1.0,107.31950378417969,47.89805603027344,5301.646484375,7.281683458883655,112.14488220214844,108.46453857421875,88.76751708984375
PlantVillage Internal,D:\Tomato_Disease_Research\plantvillage\Tomato__Tomato_YellowLeaf__Curl_Virus\21e0586d-257a-46e8-943b-1a7f79435f42___YLCV_NREC 2983.JPG,256,256,1.0,105.53547668457031,43.16553497314453,2865.797607421875,7.198279583717088,107.33059692382812,107.01773071289062,93.19482421875
PlantVillage Internal,D:\Tomato_Disease_Research\plantvillage\Tomato__Tomato_YellowLeaf__Curl_Virus\226c82e1-110c-4ad1-8c0d-a15d3ea4b39f___UF.GRC_YLCV_Lab 01592.JPG,256,256,1.0,131.84957885742188,28.295207977294922,98.98405456542969,6.413672789890812,128.57070922851562,140.93199157714844,93.68301391601562
PlantVillage Internal,D:\Tomato_Disease_Research\plantvillage\Tomato__Tomato_YellowLeaf__Curl_Virus\22c0cc7e-1468-4c3c-9069-384017441735___YLCV_GCREC 5441.JPG,256,256,1.0,98.64755249023438,41.09433364868164,1390.3399658203125,7.2508835889927905,96.38661193847656,102.61854553222656,84.13040161132812
PlantVillage Internal,D:\Tomato_Disease_Research\plantvillage\Tomato__Tomato_YellowLeaf__Curl_Virus\2337b40a-527c-4433-9fe8-3c685cd0bbe4___YLCV_NREC 2012.JPG,256,256,1.0,121.3598861694336,52.74159622192383,6494.21728515625,7.445579826745883,126.31576538085938,122.24821472167969,103.78741455078125
PlantVillage Internal,D:\Tomato_Disease_Research\plantvillage\Tomato__Tomato_YellowLeaf__Curl_Virus\23b0a2b0-cde2-4942-9377-aaea6ff802eb___UF.GRC_YLCV_Lab 01877.JPG,256,256,1.0,123.11712646484375,28.156757354736328,147.55422973632812,6.768910390160556,115.78683471679688,133.8689422607422,86.98068237304688
PlantVillage Internal,D:\Tomato_Disease_Research\plantvillage\Tomato__Tomato_YellowLeaf__Curl_Virus\23b68112-4abe-47a8-a5da-3a41741486d8___YLCV_GCREC 5233.JPG,256,256,1.0,107.32608032226562,54.32791519165039,2598.8515625,7.385517288066839,108.90078735351562,109.48138427734375,92.09803771972656
PlantVillage Internal,D:\Tomato_Disease_Research\plantvillage\Tomato__Tomato_YellowLeaf__Curl_Virus\23c2823a-87fc-48c1-8a08-2aeab2b1b7c9___UF.GRC_YLCV_Lab 03308.JPG,256,256,1.0,119.57408142089844,35.54682540893555,69.02192687988281,6.9494047762872695,114.63224792480469,127.8543701171875,89.89930725097656
PlantVillage Internal,D:\Tomato_Disease_Research\plantvillage\Tomato__Tomato_YellowLeaf__Curl_Virus\240c1031-e5e1-4cbd-a111-7998741042b1___UF.GRC_YLCV_Lab 01859.JPG,256,256,1.0,100.19889831542969,30.40997886657715,48.66472625732422,6.846769119790026,94.31466674804688,110.90234375,60.51872253417969
PlantVillage Internal,D:\Tomato_Disease_Research\plantvillage\Tomato__Tomato_YellowLeaf__Curl_Virus\24e68d61-7f48-413c-b72e-6df8267d608f___UF.GRC_YLCV_Lab 01399.JPG,256,256,1.0,121.30050659179688,25.943994522094727,640.8727416992188,6.6416765193130445,113.33377075195312,131.27308654785156,90.84565734863281
PlantVillage Internal,D:\Tomato_Disease_Research\plantvillage\Tomato__Tomato_YellowLeaf__Curl_Virus\254071ba-5724-485b-855e-8dcc496f3586___YLCV_NREC 2637.JPG,256,256,1.0,122.20142364501953,55.13330078125,8110.1669921875,7.561804457965101,128.67152404785156,122.5784912109375,103.28994750976562
PlantVillage Internal,D:\Tomato_Disease_Research\plantvillage\Tomato__Tomato_YellowLeaf__Curl_Virus\258a3644-5db6-44b9-8408-0c67999b6588___UF.GRC_YLCV_Lab 02354.JPG,256,256,1.0,124.92047119140625,35.77414321899414,89.7581787109375,6.924767534485321,120.53094482421875,135.0678253173828,84.18331909179688
PlantVillage Internal,D:\Tomato_Disease_Research\plantvillage\Tomato__Tomato_YellowLeaf__Curl_Virus\25dabdac-3c5c-4c0b-93cd-908b561e1adc___YLCV_GCREC 2547.JPG,256,256,1.0,105.89266967773438,32.70430374145508,587.3914184570312,6.957693756965407,102.55487060546875,111.54119873046875,85.56214904785156
PlantVillage Internal,D:\Tomato_Disease_Research\plantvillage\Tomato__Tomato_YellowLeaf__Curl_Virus\26017f82-c32f-4316-8dd9-559a008788e8___UF.GRC_YLCV_Lab 02797.JPG,256,256,1.0,103.0093994140625,22.12883758544922,173.89727783203125,6.403603247120995,98.65069580078125,110.02774047851562,78.30319213867188
PlantVillage Internal,D:\Tomato_Disease_Research\plantvillage\Tomato__Tomato_YellowLeaf__Curl_Virus\2655f38e-1585-4c73-a7f6-cb46e59e1665___YLCV_GCREC 2524.JPG,256,256,1.0,103.19831848144531,35.65189743041992,539.6239013671875,7.050054759843567,102.0858154296875,105.62911987304688,93.5997314453125
PlantVillage Internal,D:\Tomato_Disease_Research\plantvillage\Tomato__Tomato_YellowLeaf__Curl_Virus\26df0b3a-ed4f-4f41-a016-942e76039753___UF.GRC_YLCV_Lab 09555.JPG,256,256,1.0,128.89634704589844,37.74241638183594,73.22898864746094,7.16028103869157,125.21603393554688,137.06561279296875,96.48451232910156
PlantVillage Internal,D:\Tomato_Disease_Research\plantvillage\Tomato__Tomato_YellowLeaf__Curl_Virus\279a9e3a-016a-41bf-bf15-495cb384f657___YLCV_NREC 0182.JPG,256,256,1.0,106.89364624023438,33.88949966430664,1412.4822998046875,6.961124441655951,109.79255676269531,106.98036193847656,98.84385681152344
PlantVillage Internal,D:\Tomato_Disease_Research\plantvillage\Tomato__Tomato_YellowLeaf__Curl_Virus\279f7a3f-2c27-4698-8fb9-b40dfd311ba0___UF.GRC_YLCV_Lab 01671.JPG,256,256,1.0,108.89202880859375,29.343364715576172,72.61073303222656,6.770939062919904,102.54489135742188,116.81224060058594,84.75724792480469
PlantVillage Internal,D:\Tomato_Disease_Research\plantvillage\Tomato__Tomato_YellowLeaf__Curl_Virus\27a25a3a-a15b-433b-8ec6-ed9cdb0299ab___YLCV_GCREC 2420.JPG,256,256,1.0,97.00489807128906,32.50065994262695,2306.178466796875,7.039643841190983,90.59901428222656,103.18663024902344,81.97576904296875
PlantVillage Internal,D:\Tomato_Disease_Research\plantvillage\Tomato__Tomato_YellowLeaf__Curl_Virus\28f0c703-2990-4cf1-947c-690265dee463___YLCV_GCREC 2499.JPG,256,256,1.0,98.82844543457031,35.46737289428711,1307.21923828125,7.009979204549636,97.67463684082031,100.86575317382812,91.36433410644531
PlantVillage Internal,D:\Tomato_Disease_Research\plantvillage\Tomato__Tomato_YellowLeaf__Curl_Virus\28f67ec8-da5b-4949-94dd-618ae4f0a4c2___UF.GRC_YLCV_Lab 09418.JPG,256,256,1.0,109.33680725097656,26.879764556884766,281.517822265625,6.747209764407354,102.87861633300781,120.12449645996094,70.72825622558594
PlantVillage Internal,D:\Tomato_Disease_Research\plantvillage\Tomato__Tomato_YellowLeaf__Curl_Virus\29492ed6-7448-40d6-927c-ec61f77a37af___UF.GRC_YLCV_Lab 03126.JPG,256,256,1.0,132.35385131835938,32.20796203613281,100.11810302734375,6.945496888929402,126.48814392089844,143.32350158691406,91.25430297851562
PlantVillage Internal,D:\Tomato_Disease_Research\plantvillage\Tomato__Tomato_YellowLeaf__Curl_Virus\29704199-d25c-41e9-b032-854c0b812097___YLCV_GCREC 2142.JPG,256,256,1.0,104.45759582519531,38.241355895996094,4407.58984375,7.232868736526479,99.48432922363281,111.057373046875,83.51849365234375
PlantVillage Internal,D:\Tomato_Disease_Research\plantvillage\Tomato__Tomato_YellowLeaf__Curl_Virus\29e6e90d-608f-404d-a8dd-ea09eee31cd5___UF.GRC_YLCV_Lab 01923.JPG,256,256,1.0,144.85076904296875,32.84611511230469,130.35443115234375,6.7057404529870395,136.96304321289062,156.00619506835938,108.09805297851562
PlantVillage Internal,D:\Tomato_Disease_Research\plantvillage\Tomato__Tomato_YellowLeaf__Curl_Virus\2a5ba381-ff56-458f-89d1-0e03bb8d070f___YLCV_GCREC 2720.JPG,256,256,1.0,99.11050415039062,35.17033004760742,1022.6334228515625,6.984637363260777,90.19570922851562,105.18829345703125,91.19705200195312
PlantVillage Internal,D:\Tomato_Disease_Research\plantvillage\Tomato__Tomato_YellowLeaf__Curl_Virus\2b4baa59-053b-459f-bd5f-f656e1277e5d___UF.GRC_YLCV_Lab 02520.JPG,256,256,1.0,116.70799255371094,25.22396469116211,85.66930389404297,6.537051127737031,111.20942687988281,129.0341339111328,67.66082763671875
PlantVillage Internal,D:\Tomato_Disease_Research\plantvillage\Tomato__Tomato_YellowLeaf__Curl_Virus\2bacf882-d3ba-4ac6-829e-2efbee8d04d8___UF.GRC_YLCV_Lab 03237.JPG,256,256,1.0,105.04901123046875,35.36732864379883,125.07247924804688,7.018692951052186,99.34945678710938,114.04730224609375,73.66452026367188
PlantVillage Internal,D:\Tomato_Disease_Research\plantvillage\Tomato__Tomato_YellowLeaf__Curl_Virus\2be29ff8-c858-43f6-92c3-b097bca0a289___YLCV_NREC 2144.JPG,256,256,1.0,121.60491180419922,47.93434143066406,6991.267578125,7.424633627571893,127.93186950683594,122.96200561523438,98.02268981933594
PlantVillage Internal,D:\Tomato_Disease_Research\plantvillage\Tomato__Tomato_YellowLeaf__Curl_Virus\2bf77f10-bf00-40a6-9dd8-74c5ab8da331___UF.GRC_YLCV_Lab 01987.JPG,256,256,1.0,117.7410659790039,26.560998916625977,212.21327209472656,6.712859917758169,116.800048828125,125.32492065429688,81.15901184082031
PlantVillage Internal,D:\Tomato_Disease_Research\plantvillage\Tomato__Tomato_YellowLeaf__Curl_Virus\2c3648eb-a27a-4066-9ee1-7a35425219bd___YLCV_GCREC 2556.JPG,256,256,1.0,107.82252502441406,35.770748138427734,325.084228515625,7.054568558656954,102.7464599609375,113.39385986328125,92.44856262207031
PlantVillage Internal,D:\Tomato_Disease_Research\plantvillage\Tomato__Tomato_YellowLeaf__Curl_Virus\2c742f2c-58f9-4b08-a534-350e972696a0___UF.GRC_YLCV_Lab 03100.JPG,256,256,1.0,120.73967742919922,25.821544647216797,191.0238037109375,6.639719009825681,113.89962768554688,130.334716796875,89.27372741699219
PlantVillage Internal,D:\Tomato_Disease_Research\plantvillage\Tomato__Tomato_YellowLeaf__Curl_Virus\2c89426e-b54e-4a2d-b8d9-993e4a678952___YLCV_NREC 2236.JPG,256,256,1.0,116.65748596191406,50.64406204223633,5971.41943359375,7.457402598338774,123.33534240722656,117.28138732910156,95.93009948730469
PlantVillage Internal,D:\Tomato_Disease_Research\plantvillage\Tomato__Tomato_YellowLeaf__Curl_Virus\2cf77de4-b5cd-404b-8949-53c5687d3936___UF.GRC_YLCV_Lab 09541.JPG,256,256,1.0,112.31732177734375,33.17179489135742,408.8485107421875,6.863421730176694,105.6982421875,121.66635131835938,81.53857421875
PlantVillage Internal,D:\Tomato_Disease_Research\plantvillage\Tomato__Tomato_YellowLeaf__Curl_Virus\2dee9f3e-c845-4d6c-a9d3-2def0b69f7af___UF.GRC_YLCV_Lab 02338.JPG,256,256,1.0,133.64996337890625,27.639019012451172,145.74838256835938,6.801219998726173,129.600341796875,144.3118438720703,89.37197875976562
PlantVillage Internal,D:\Tomato_Disease_Research\plantvillage\Tomato__Tomato_YellowLeaf__Curl_Virus\2df37e4f-7960-42a2-8b23-c8d9bde0d5b0___YLCV_NREC 2813.JPG,256,256,1.0,91.22021484375,37.66553497314453,2837.111083984375,7.196225805917264,99.48744201660156,90.52229309082031,73.13055419921875
PlantVillage Internal,D:\Tomato_Disease_Research\plantvillage\Tomato__Tomato_YellowLeaf__Curl_Virus\2e19c515-4c23-418c-8a54-0f06a4b037cb___UF.GRC_YLCV_Lab 01769.JPG,256,256,1.0,117.82510375976562,37.100372314453125,34.99398422241211,6.976021718485587,115.01332092285156,127.54621887207031,75.14463806152344
PlantVillage Internal,D:\Tomato_Disease_Research\plantvillage\Tomato__Tomato_YellowLeaf__Curl_Virus\2e1e49f3-cca2-46dc-8f0d-96110684b7f6___YLCV_GCREC 2573.JPG,256,256,1.0,97.77838134765625,36.37588119506836,296.25628662109375,6.999322844357351,95.78633117675781,101.46913146972656,83.99899291992188
PlantVillage Internal,D:\Tomato_Disease_Research\plantvillage\Tomato__Tomato_YellowLeaf__Curl_Virus\2e2a99f3-c01f-4c31-bf0a-a75e9a8e3274___UF.GRC_YLCV_Lab 02547.JPG,256,256,1.0,109.44473266601562,30.226438522338867,295.3819274902344,6.820692068450193,106.3050537109375,115.07510375976562,88.68806457519531
PlantVillage Internal,D:\Tomato_Disease_Research\plantvillage\Tomato__Tomato_YellowLeaf__Curl_Virus\2e4361a4-6ccb-40dd-91ff-e8008153a207___YLCV_GCREC 5317.JPG,256,256,1.0,97.9499282836914,43.89594650268555,1484.94091796875,7.1027859504367425,95.57127380371094,101.59921264648438,85.39805603027344
PlantVillage Internal,D:\Tomato_Disease_Research\plantvillage\Tomato__Tomato_YellowLeaf__Curl_Virus\2e98b0de-d32b-4422-aff2-e3632c2bf921___YLCV_GCREC 2183.JPG,256,256,1.0,102.556640625,44.80508041381836,4055.82958984375,7.3114417633556865,98.157958984375,107.70355224609375,87.59144592285156
PlantVillage Internal,D:\Tomato_Disease_Research\plantvillage\Tomato__Tomato_YellowLeaf__Curl_Virus\2f8099f2-6966-44f7-a938-227e08a79c80___YLCV_NREC 2375.JPG,256,256,1.0,98.82477569580078,43.28084945678711,3758.998046875,7.334163821944944,103.21394348144531,99.40457153320312,84.32742309570312
PlantVillage Internal,D:\Tomato_Disease_Research\plantvillage\Tomato__Tomato_YellowLeaf__Curl_Virus\2ff17453-2560-4ec3-bedb-0bee2f46ce8f___UF.GRC_YLCV_Lab 01286.JPG,256,256,1.0,126.81791687011719,43.7928581237793,80.7569351196289,7.054624373150235,119.14750671386719,137.90086364746094,89.86845397949219
PlantVillage Internal,D:\Tomato_Disease_Research\plantvillage\Tomato__Tomato_YellowLeaf__Curl_Virus\3039dc2b-b7a3-4b48-bae9-3a917ab4ec00___YLCV_NREC 2423.JPG,256,256,1.0,118.2963638305664,53.6417350769043,6288.04833984375,7.523573773374367,124.7703857421875,118.69023132324219,99.28822326660156
PlantVillage Internal,D:\Tomato_Disease_Research\plantvillage\Tomato__Tomato_YellowLeaf__Curl_Virus\30e776ef-d0e8-4ca0-bd28-767553054db9___YLCV_GCREC 1985.JPG,256,256,1.0,105.92552947998047,44.728450775146484,3376.99267578125,7.241384105117547,102.65109252929688,112.09815979003906,82.73005676269531
PlantVillage Internal,D:\Tomato_Disease_Research\plantvillage\Tomato__Tomato_YellowLeaf__Curl_Virus\3121846c-fcd3-4b27-b17d-25644607b664___UF.GRC_YLCV_Lab 02922.JPG,256,256,1.0,113.73820495605469,29.699935913085938,229.49057006835938,6.792956117905066,111.36166381835938,121.42425537109375,80.39491271972656
PlantVillage Internal,D:\Tomato_Disease_Research\plantvillage\Tomato__Tomato_YellowLeaf__Curl_Virus\31811b91-94bd-4748-9e0e-4644827c99b7___UF.GRC_YLCV_Lab 01546.JPG,256,256,1.0,117.15361022949219,20.316532135009766,185.40725708007812,6.220757917833502,110.80624389648438,125.10227966308594,92.87289428710938
PlantVillage Internal,D:\Tomato_Disease_Research\plantvillage\Tomato__Tomato_YellowLeaf__Curl_Virus\31d70d89-c1d5-45ab-8b06-76a3f4b8e403___YLCV_NREC 2181.JPG,256,256,1.0,121.8418197631836,54.7280158996582,4707.53515625,7.490531771656405,125.14280700683594,123.65745544433594,103.83502197265625
PlantVillage Internal,D:\Tomato_Disease_Research\plantvillage\Tomato__Tomato_YellowLeaf__Curl_Virus\31d86770-9b8a-45ca-bfca-01fb29a73aa3___UF.GRC_YLCV_Lab 03107.JPG,256,256,1.0,138.43777465820312,29.38655662536621,60.55322265625,6.582336612790364,132.1831817626953,148.8744354248047,101.10279846191406
PlantVillage Internal,D:\Tomato_Disease_Research\plantvillage\Tomato__Tomato_YellowLeaf__Curl_Virus\31e73942-fc80-481e-b047-1b240cd44d71___UF.GRC_YLCV_Lab 02612.JPG,256,256,1.0,118.45652770996094,31.270238876342773,76.4244613647461,6.893676215140765,115.53317260742188,126.94912719726562,82.39445495605469
PlantVillage Internal,D:\Tomato_Disease_Research\plantvillage\Tomato__Tomato_YellowLeaf__Curl_Virus\330687c3-0288-4ca1-ae5b-4e75abc51fe8___YLCV_NREC 2319.JPG,256,256,1.0,117.30307006835938,54.7891731262207,6648.2294921875,7.473689400027098,123.51190185546875,117.93048095703125,97.78787231445312
PlantVillage Internal,D:\Tomato_Disease_Research\plantvillage\Tomato__Tomato_YellowLeaf__Curl_Virus\334cb794-ba7b-48fa-bf5f-c04e72ba11bc___YLCV_GCREC 2672.JPG,256,256,1.0,99.59825134277344,38.40286636352539,418.3817138671875,7.096386092811603,95.58244323730469,104.32449340820312,85.79501342773438
PlantVillage Internal,D:\Tomato_Disease_Research\plantvillage\Tomato__Tomato_YellowLeaf__Curl_Virus\33533dfd-f34a-46eb-9896-c55b5cb33258___UF.GRC_YLCV_Lab 09469.JPG,256,256,1.0,87.0155029296875,25.09292221069336,128.74343872070312,6.658611233528452,82.67530822753906,95.02281188964844,57.168365478515625
PlantVillage Internal,D:\Tomato_Disease_Research\plantvillage\Tomato__Tomato_YellowLeaf__Curl_Virus\3364ca52-294e-4756-92bc-96fe74136c6e___YLCV_GCREC 2417.JPG,256,256,1.0,99.31045532226562,33.89914321899414,2247.116943359375,7.0978486001157854,90.81961059570312,108.36614990234375,74.95138549804688
PlantVillage Internal,D:\Tomato_Disease_Research\plantvillage\Tomato__Tomato_YellowLeaf__Curl_Virus\3369c284-ac18-414e-809c-0096a8242fa0___UF.GRC_YLCV_Lab 03210.JPG,256,256,1.0,124.94890594482422,32.4429817199707,50.9503288269043,6.893256687154013,117.54780578613281,134.13621520996094,97.05390930175781
PlantVillage Internal,D:\Tomato_Disease_Research\plantvillage\Tomato__Tomato_YellowLeaf__Curl_Virus\338f5a1b-0b1d-40f4-8ab2-1430ef29b5e9___YLCV_GCREC 2678.JPG,256,256,1.0,105.79632568359375,39.65411376953125,1457.69677734375,6.895574889217285,105.15426635742188,108.07516479492188,95.74632263183594
PlantVillage Internal,D:\Tomato_Disease_Research\plantvillage\Tomato__Tomato_YellowLeaf__Curl_Virus\33e4b464-c819-4c91-bfbd-62534a2557df___UF.GRC_YLCV_Lab 02177.JPG,256,256,1.0,124.5582046508789,21.14573097229004,22.168354034423828,6.200829109459531,120.85127258300781,133.02725219726562,90.67257690429688
PlantVillage Internal,D:\Tomato_Disease_Research\plantvillage\Tomato__Tomato_YellowLeaf__Curl_Virus\347a0845-117b-4389-8265-8c635a362e90___YLCV_GCREC 2649.JPG,256,256,1.0,90.61712646484375,37.29153823852539,874.1701049804688,7.116780683111211,90.2989501953125,92.99307250976562,79.21766662597656
PlantVillage Internal,D:\Tomato_Disease_Research\plantvillage\Tomato__Tomato_YellowLeaf__Curl_Virus\3558cfcb-e288-4646-bc93-b49ad4517b1e___UF.GRC_YLCV_Lab 08564.JPG,256,256,1.0,133.2296905517578,27.764034271240234,37.882225036621094,6.56548370400525,133.7019805908203,140.13099670410156,96.45541381835938
PlantVillage Internal,D:\Tomato_Disease_Research\plantvillage\Tomato__Tomato_YellowLeaf__Curl_Virus\3590b404-1cdc-4588-b956-ccfe8e0c7fe2___YLCV_GCREC 1974.JPG,256,256,1.0,114.0251693725586,33.13809585571289,1445.9326171875,6.949373038666138,111.13841247558594,118.36360168457031,99.2574462890625
PlantVillage Internal,D:\Tomato_Disease_Research\plantvillage\Tomato__Tomato_YellowLeaf__Curl_Virus\35b6a261-9e41-401f-b536-36df7294c03e___YLCV_NREC 2681.JPG,256,256,1.0,119.8134765625,49.34001159667969,8753.7734375,7.549009310135757,128.3434295654297,120.39463806152344,94.44853210449219
PlantVillage Internal,D:\Tomato_Disease_Research\plantvillage\Tomato__Tomato_YellowLeaf__Curl_Virus\35d0ae49-02c5-402a-9c78-16aebc1821ad___YLCV_NREC 2746.JPG,256,256,1.0,98.20634460449219,40.702880859375,2759.8037109375,7.2113228797006155,101.16934204101562,99.12451171875,85.70719909667969
PlantVillage Internal,D:\Tomato_Disease_Research\plantvillage\Tomato__Tomato_YellowLeaf__Curl_Virus\35f15b6d-a287-4e3c-ace7-428c80d94d68___YLCV_NREC 0263.JPG,256,256,1.0,100.43269348144531,34.84049606323242,2487.410400390625,7.022645322378943,101.90412902832031,101.63525390625,90.38130187988281
PlantVillage Internal,D:\Tomato_Disease_Research\plantvillage\Tomato__Tomato_YellowLeaf__Curl_Virus\36913f6b-b40f-466f-94e6-72100fd36595___UF.GRC_YLCV_Lab 01635.JPG,256,256,1.0,100.22463989257812,35.054222106933594,279.9065246582031,7.049802435189692,94.36039733886719,108.93850708007812,70.73663330078125
PlantVillage Internal,D:\Tomato_Disease_Research\plantvillage\Tomato__Tomato_YellowLeaf__Curl_Virus\36a56875-19ce-4141-93ce-c32f18858bcc___UF.GRC_YLCV_Lab 08424.JPG,256,256,1.0,134.51382446289062,20.276395797729492,35.271636962890625,6.208154760466956,130.11636352539062,144.1287841796875,96.53886413574219
PlantVillage Internal,D:\Tomato_Disease_Research\plantvillage\Tomato__Tomato_YellowLeaf__Curl_Virus\36f8c86d-3638-48f7-a658-89ee00f977a6___YLCV_GCREC 5268.JPG,256,256,1.0,110.99009704589844,47.36695861816406,5149.4169921875,7.3145120220682145,112.20423889160156,114.87394714355469,87.80717468261719
PlantVillage Internal,D:\Tomato_Disease_Research\plantvillage\Tomato__Tomato_YellowLeaf__Curl_Virus\3774a570-eb56-4e22-9652-2e6a9a7167cf___UF.GRC_YLCV_Lab 01263.JPG,256,256,1.0,101.5575180053711,32.683692932128906,300.8134765625,6.9898435391978335,96.79475402832031,110.27058410644531,69.18472290039062
PlantVillage Internal,D:\Tomato_Disease_Research\plantvillage\Tomato__Tomato_YellowLeaf__Curl_Virus\37c2cc81-0d24-4030-9f76-399c29561b3f___UF.GRC_YLCV_Lab 02512.JPG,256,256,1.0,99.08157348632812,29.60332489013672,93.5487060546875,6.86264970574357,91.34007263183594,109.78688049316406,64.26304626464844
PlantVillage Internal,D:\Tomato_Disease_Research\plantvillage\Tomato__Tomato_YellowLeaf__Curl_Virus\37dd9a00-ad14-4215-959a-e564e1ef4047___YLCV_NREC 2974.JPG,256,256,1.0,87.51397705078125,42.019588470458984,2149.53955078125,7.172802040288287,89.7259521484375,89.33981323242188,72.31095886230469
PlantVillage Internal,D:\Tomato_Disease_Research\plantvillage\Tomato__Tomato_YellowLeaf__Curl_Virus\3943bfd9-6db3-4f82-b298-0f807f2c6e69___YLCV_GCREC 5250.JPG,256,256,1.0,109.3962631225586,49.619606018066406,3086.57373046875,7.252746452082818,115.44093322753906,110.48287963867188,87.94711303710938
PlantVillage Internal,D:\Tomato_Disease_Research\plantvillage\Tomato__Tomato_YellowLeaf__Curl_Virus\3a81d1b3-8d67-4806-90e5-04b7c0294c61___UF.GRC_YLCV_Lab 01893.JPG,256,256,1.0,104.32767486572266,34.875030517578125,84.71896362304688,7.016983334621175,101.17195129394531,115.66532897949219,54.22554016113281
PlantVillage Internal,D:\Tomato_Disease_Research\plantvillage\Tomato__Tomato_YellowLeaf__Curl_Virus\3accdbf9-5b26-4c40-b57a-d055d408a23f___YLCV_NREC 0177.JPG,256,256,1.0,115.48554992675781,37.83295440673828,1861.5806884765625,7.127877785936398,117.15924072265625,117.59007263183594,100.25938415527344
PlantVillage Internal,D:\Tomato_Disease_Research\plantvillage\Tomato__Tomato_YellowLeaf__Curl_Virus\3b50a18c-3474-413c-b22a-b5f1b14991d5___YLCV_NREC 2120.JPG,256,256,1.0,110.26837921142578,41.173187255859375,2810.310546875,7.180958811716184,116.84803771972656,110.122802734375,93.76083374023438
PlantVillage Internal,D:\Tomato_Disease_Research\plantvillage\Tomato__Tomato_YellowLeaf__Curl_Virus\3baecdfe-1140-446b-af35-7fd18205e325___UF.GRC_YLCV_Lab 01734.JPG,256,256,1.0,124.50813293457031,24.17682647705078,145.61868286132812,6.551433541201467,115.46856689453125,136.1433563232422,88.30595397949219
PlantVillage Internal,D:\Tomato_Disease_Research\plantvillage\Tomato__Tomato_YellowLeaf__Curl_Virus\3c0181b4-1e8f-4be9-81ed-55c21abfc3c4___YLCV_GCREC 5381.JPG,256,256,1.0,102.21428680419922,41.55396270751953,568.883056640625,7.10316152857242,96.67892456054688,107.56907653808594,89.16004943847656
PlantVillage Internal,D:\Tomato_Disease_Research\plantvillage\Tomato__Tomato_YellowLeaf__Curl_Virus\3c05bb5b-6671-49aa-88b7-246f2bfd9996___YLCV_GCREC 2846.JPG,256,256,1.0,101.79600524902344,33.01601791381836,1213.634521484375,6.827894577749091,97.29450988769531,105.09390258789062,96.62129211425781
PlantVillage Internal,D:\Tomato_Disease_Research\plantvillage\Tomato__Tomato_YellowLeaf__Curl_Virus\3c29dad4-3544-465b-b678-a78ca0ad8f58___YLCV_GCREC 2243.JPG,256,256,1.0,102.62723541259766,50.51313400268555,4710.2265625,7.270478167434916,100.25314331054688,106.06193542480469,91.16835021972656
PlantVillage Internal,D:\Tomato_Disease_Research\plantvillage\Tomato__Tomato_YellowLeaf__Curl_Virus\3c473e41-36f0-41e0-abe4-67f140e7e9e0___YLCV_GCREC 2856.JPG,256,256,1.0,106.81405639648438,33.73225784301758,804.378662109375,6.855403155563745,100.125244140625,111.89573669433594,98.19132995605469
PlantVillage Internal,D:\Tomato_Disease_Research\plantvillage\Tomato__Tomato_YellowLeaf__Curl_Virus\3c60ae4c-f308-4697-ab9e-193f52c8e32b___UF.GRC_YLCV_Lab 03355.JPG,256,256,1.0,109.83541870117188,22.927928924560547,90.216064453125,6.50328228737433,105.257080078125,116.60600280761719,86.98103332519531
PlantVillage Internal,D:\Tomato_Disease_Research\plantvillage\Tomato__Tomato_YellowLeaf__Curl_Virus\3d4759a2-0d33-443b-9632-d1a40a689136___YLCV_GCREC 5159.JPG,256,256,1.0,102.26333618164062,35.35257339477539,1803.5921630859375,6.783513762355854,100.92459106445312,104.69822692871094,93.23710632324219
PlantVillage Internal,D:\Tomato_Disease_Research\plantvillage\Tomato__Tomato_YellowLeaf__Curl_Virus\3de6e17b-7441-4f4f-95b5-8839c4f254a2___YLCV_GCREC 2066.JPG,256,256,1.0,97.31061553955078,45.20758819580078,4590.45947265625,7.268982910218711,95.64006042480469,101.72059631347656,78.98460388183594
PlantVillage Internal,D:\Tomato_Disease_Research\plantvillage\Tomato__Tomato_YellowLeaf__Curl_Virus\3dee1165-c368-4b68-b09c-9fe0bc1bfaaf___UF.GRC_YLCV_Lab 01756.JPG,256,256,1.0,94.97417449951172,29.7029972076416,88.46273803710938,6.855948718872442,90.68540954589844,104.50468444824219,57.14897155761719
PlantVillage Internal,D:\Tomato_Disease_Research\plantvillage\Tomato__Tomato_YellowLeaf__Curl_Virus\3e1615d8-ba9e-490d-b07c-447adb8e6440___UF.GRC_YLCV_Lab 03089.JPG,256,256,1.0,122.93399047851562,30.19550895690918,23.062620162963867,6.7771726766142235,116.54046630859375,133.09701538085938,87.37225341796875
PlantVillage Internal,D:\Tomato_Disease_Research\plantvillage\Tomato__Tomato_YellowLeaf__Curl_Virus\3f078443-1d3f-4aac-beb0-b80636ad74da___UF.GRC_YLCV_Lab 02862.JPG,256,256,1.0,121.96590423583984,28.766271591186523,103.2864990234375,6.827407632784293,114.761474609375,133.38450622558594,82.06590270996094
PlantVillage Internal,D:\Tomato_Disease_Research\plantvillage\Tomato__Tomato_YellowLeaf__Curl_Virus\3f47ceff-19ca-4b32-aa85-9d3a44c12667___UF.GRC_YLCV_Lab 03171.JPG,256,256,1.0,123.37464904785156,26.05652618408203,253.7432403564453,6.66715148241768,115.21473693847656,135.6700439453125,81.46604919433594
PlantVillage Internal,D:\Tomato_Disease_Research\plantvillage\Tomato__Tomato_YellowLeaf__Curl_Virus\401ddcf1-6af4-4caf-a185-1d920167b214___UF.GRC_YLCV_Lab 01541.JPG,256,256,1.0,114.14483642578125,22.67506217956543,247.68496704101562,6.425080043552329,108.86392211914062,120.82174682617188,93.61543273925781
PlantVillage Internal,D:\Tomato_Disease_Research\plantvillage\Tomato__Tomato_YellowLeaf__Curl_Virus\40726129-3f95-4a8d-b0c6-865c12889fd9___UF.GRC_YLCV_Lab 01586.JPG,256,256,1.0,115.98999786376953,26.78874969482422,51.8111572265625,6.547074176494426,113.48078918457031,125.06376647949219,75.84918212890625
PlantVillage Internal,D:\Tomato_Disease_Research\plantvillage\Tomato__Tomato_YellowLeaf__Curl_Virus\4092188d-cf1d-40c8-90e9-2d9bd6845a14___UF.GRC_YLCV_Lab 09563.JPG,256,256,1.0,99.02536010742188,22.96919822692871,80.18587493896484,6.523569338569505,95.70179748535156,106.70884704589844,68.17922973632812
PlantVillage Internal,D:\Tomato_Disease_Research\plantvillage\Tomato__Tomato_YellowLeaf__Curl_Virus\409b001a-586a-4b69-9337-af6f78f7ef31___YLCV_NREC 2074.JPG,256,256,1.0,121.84209442138672,48.09824752807617,7546.42724609375,7.340627392488348,132.03245544433594,121.03678894042969,99.26129150390625
PlantVillage Internal,D:\Tomato_Disease_Research\plantvillage\Tomato__Tomato_YellowLeaf__Curl_Virus\40a7bc51-5200-41f5-ad30-6fd32b813799___UF.GRC_YLCV_Lab 09458.JPG,256,256,1.0,115.61309814453125,24.376455307006836,22.326705932617188,6.45165112263353,108.67478942871094,125.39845275878906,83.42498779296875
PlantVillage Internal,D:\Tomato_Disease_Research\plantvillage\Tomato__Tomato_YellowLeaf__Curl_Virus\40adc2b8-a598-46bc-b4da-e224702ad520___UF.GRC_YLCV_Lab 01656.JPG,256,256,1.0,114.75843811035156,34.51128005981445,120.80210876464844,6.839673813735188,109.72503662109375,122.15385437011719,89.88018798828125
PlantVillage Internal,D:\Tomato_Disease_Research\plantvillage\Tomato__Tomato_YellowLeaf__Curl_Virus\40b97f36-cda1-43a2-a69a-313410bcbbd5___YLCV_NREC 0124.JPG,256,256,1.0,116.05912017822266,33.47275924682617,2660.08056640625,6.907106999635353,120.74861145019531,115.20846557617188,108.1396484375
PlantVillage Internal,D:\Tomato_Disease_Research\plantvillage\Tomato__Tomato_YellowLeaf__Curl_Virus\40bb4231-7f46-47ff-8647-217bc369317a___YLCV_NREC 2684.JPG,256,256,1.0,125.53857421875,48.42330551147461,7356.2177734375,7.461364336434494,137.9308624267578,123.42283630371094,103.93020629882812
PlantVillage Internal,D:\Tomato_Disease_Research\plantvillage\Tomato__Tomato_YellowLeaf__Curl_Virus\42278bd0-252e-43f9-900f-822049382956___YLCV_GCREC 2869.JPG,256,256,1.0,99.4183578491211,33.77847671508789,1745.622314453125,7.029409266866547,96.65866088867188,102.69804382324219,89.76899719238281
PlantVillage Internal,D:\Tomato_Disease_Research\plantvillage\Tomato__Tomato_YellowLeaf__Curl_Virus\423ec8f2-4225-45e8-a085-8e017fb49df5___UF.GRC_YLCV_Lab 01687.JPG,256,256,1.0,120.91546630859375,27.250986099243164,331.81793212890625,6.702436552439388,115.00144958496094,129.45945739746094,92.43270874023438
PlantVillage Internal,D:\Tomato_Disease_Research\plantvillage\Tomato__Tomato_YellowLeaf__Curl_Virus\424ae9d6-afa6-4945-9ac4-c66036c519d9___YLCV_NREC 2954.JPG,256,256,1.0,104.80701446533203,40.025386810302734,4027.458984375,7.240420673682982,108.21244812011719,106.56455993652344,86.82540893554688
PlantVillage Internal,D:\Tomato_Disease_Research\plantvillage\Tomato__Tomato_YellowLeaf__Curl_Virus\4254afe0-7830-4ffa-bd0d-5d298280275c___UF.GRC_YLCV_Lab 01523.JPG,256,256,1.0,142.13577270507812,20.568262100219727,128.17813110351562,6.254734829299643,137.58265686035156,152.0120086669922,103.2237548828125
PlantVillage Internal,D:\Tomato_Disease_Research\plantvillage\Tomato__Tomato_YellowLeaf__Curl_Virus\429e5f5f-a7e8-43b7-867a-ede76e5b3eba___YLCV_GCREC 5307.JPG,256,256,1.0,100.30281066894531,35.950252532958984,789.5966186523438,6.98683494180183,98.01768493652344,104.2191162109375,86.13079833984375
PlantVillage Internal,D:\Tomato_Disease_Research\plantvillage\Tomato__Tomato_YellowLeaf__Curl_Virus\42eb6375-c2bd-437b-8390-d22411cf58b2___UF.GRC_YLCV_Lab 01674.JPG,256,256,1.0,105.27978515625,26.800695419311523,257.92388916015625,6.739561053697912,99.09121704101562,113.680908203125,78.25282287597656
PlantVillage Internal,D:\Tomato_Disease_Research\plantvillage\Tomato__Tomato_YellowLeaf__Curl_Virus\43a32428-0d45-4851-bb62-c1a669854990___YLCV_NREC 2630.JPG,256,256,1.0,127.89047241210938,46.728023529052734,5913.9912109375,7.382121418956008,135.5661163330078,127.12301635742188,111.71046447753906
PlantVillage Internal,D:\Tomato_Disease_Research\plantvillage\Tomato__Tomato_YellowLeaf__Curl_Virus\4501c229-ae5f-465e-b042-50825a7e640c___UF.GRC_YLCV_Lab 08507.JPG,256,256,1.0,154.96253967285156,16.757278442382812,112.59333801269531,5.885039381675789,151.0093994140625,163.8138885498047,119.75418090820312
PlantVillage Internal,D:\Tomato_Disease_Research\plantvillage\Tomato__Tomato_YellowLeaf__Curl_Virus\450f4e21-c1c0-48a2-aa7c-dd8109d652ba___YLCV_GCREC 2514.JPG,256,256,1.0,89.93853759765625,35.31111526489258,1024.449951171875,7.083714482986691,86.02590942382812,94.02079772949219,79.1805419921875
PlantVillage Internal,D:\Tomato_Disease_Research\plantvillage\Tomato__Tomato_YellowLeaf__Curl_Virus\45760f36-c7f6-4e07-aefa-b1ca27a4bc54___UF.GRC_YLCV_Lab 01862.JPG,256,256,1.0,133.36141967773438,32.39628982543945,215.396240234375,6.913214030367623,128.25714111328125,144.7563934326172,88.07485961914062
PlantVillage Internal,D:\Tomato_Disease_Research\plantvillage\Tomato__Tomato_YellowLeaf__Curl_Virus\4616690f-d6df-4dbe-9c10-7b987a046304___YLCV_GCREC 5362.JPG,256,256,1.0,95.48114013671875,34.08053207397461,722.8272705078125,7.029613130020952,95.77684020996094,96.05204772949219,91.76588439941406
PlantVillage Internal,D:\Tomato_Disease_Research\plantvillage\Tomato__Tomato_YellowLeaf__Curl_Virus\464b2ab8-ad72-4017-9482-01eaf95e12ee___YLCV_GCREC 1938.JPG,256,256,1.0,93.65995788574219,40.18024826049805,1561.9390869140625,7.179388889472346,86.89674377441406,99.49517822265625,81.35232543945312
PlantVillage Internal,D:\Tomato_Disease_Research\plantvillage\Tomato__Tomato_YellowLeaf__Curl_Virus\46663e4f-d23c-43c8-8e27-d6725d3a0543___YLCV_NREC 2115.JPG,256,256,1.0,109.20416259765625,41.34516906738281,2542.940185546875,7.155094026016986,114.82003784179688,108.57147216796875,97.73269653320312
PlantVillage Internal,D:\Tomato_Disease_Research\plantvillage\Tomato__Tomato_YellowLeaf__Curl_Virus\46743c5e-9665-4ab9-aa10-20044684b87e___YLCV_GCREC 5224.JPG,256,256,1.0,116.43030548095703,66.17432403564453,4565.0009765625,7.374953960799927,119.06697082519531,117.95989990234375,101.63880920410156
PlantVillage Internal,D:\Tomato_Disease_Research\plantvillage\Tomato__Tomato_YellowLeaf__Curl_Virus\46cce96d-e9cb-4394-9b41-f4758b2a1e96___YLCV_GCREC 2279.JPG,256,256,1.0,107.23234558105469,41.9210205078125,5787.5830078125,7.312817065252248,103.40766906738281,111.02940368652344,97.71223449707031
PlantVillage Internal,D:\Tomato_Disease_Research\plantvillage\Tomato__Tomato_YellowLeaf__Curl_Virus\4715e491-eeaa-4a1b-9b1e-9aced19b53db___YLCV_GCREC 2324.JPG,256,256,1.0,111.43195343017578,41.85593032836914,6848.90478515625,7.279287937091639,113.61967468261719,112.94464111328125,97.90493774414062
PlantVillage Internal,D:\Tomato_Disease_Research\plantvillage\Tomato__Tomato_YellowLeaf__Curl_Virus\4735681f-8890-4238-90d9-9f7a3c54fdb0___YLCV_GCREC 2713.JPG,256,256,1.0,94.64218139648438,38.48153305053711,1531.0703125,7.15604141829367,93.55070495605469,97.70097351074219,81.75482177734375
PlantVillage Internal,D:\Tomato_Disease_Research\plantvillage\Tomato__Tomato_YellowLeaf__Curl_Virus\475356f2-a707-4b3d-b2ac-8029f060b621___UF.GRC_YLCV_Lab 01804.JPG,256,256,1.0,118.21601867675781,37.40657424926758,136.81063842773438,6.981424593130386,112.41090393066406,127.42854309082031,86.00532531738281
PlantVillage Internal,D:\Tomato_Disease_Research\plantvillage\Tomato__Tomato_YellowLeaf__Curl_Virus\4759193c-2492-4e0b-8d02-1f047cb1792d___UF.GRC_YLCV_Lab 02934.JPG,256,256,1.0,103.54146575927734,27.37354850769043,105.57862854003906,6.782847787800479,102.22187805175781,110.49031066894531,71.22206115722656
PlantVillage Internal,D:\Tomato_Disease_Research\plantvillage\Tomato__Tomato_YellowLeaf__Curl_Virus\47a08ac1-44a2-4302-825d-ba23f6645233___UF.GRC_YLCV_Lab 08580.JPG,256,256,1.0,135.59210205078125,12.740697860717773,86.47035217285156,5.603058938812105,131.72239685058594,143.11831665039062,106.98835754394531
PlantVillage Internal,D:\Tomato_Disease_Research\plantvillage\Tomato__Tomato_YellowLeaf__Curl_Virus\47c2c347-9a2a-497a-9627-b9f431b5a79a___YLCV_GCREC 2364.JPG,256,256,1.0,125.14476013183594,40.61769485473633,266.7245178222656,7.1386673593093395,124.44737243652344,126.52261352539062,119.87911987304688
PlantVillage Internal,D:\Tomato_Disease_Research\plantvillage\Tomato__Tomato_YellowLeaf__Curl_Virus\480ea35e-ed0a-4906-977c-2cdfd62007bd___UF.GRC_YLCV_Lab 02359.JPG,256,256,1.0,123.55016326904297,29.212726593017578,27.771358489990234,6.722764196488744,120.66325378417969,129.58978271484375,100.0233154296875
PlantVillage Internal,D:\Tomato_Disease_Research\plantvillage\Tomato__Tomato_YellowLeaf__Curl_Virus\482bfef7-b617-448a-abb4-8ce86c1b92d1___UF.GRC_YLCV_Lab 01265.JPG,256,256,1.0,115.07077026367188,40.88055419921875,299.90374755859375,7.28310154526908,109.63346862792969,124.01051330566406,83.2999267578125
PlantVillage Internal,D:\Tomato_Disease_Research\plantvillage\Tomato__Tomato_YellowLeaf__Curl_Virus\484a5e79-3405-45fd-b673-ec4678204ac8___YLCV_NREC 2664.JPG,256,256,1.0,125.63005828857422,50.15785598754883,7576.0302734375,7.470575203131997,133.79595947265625,125.47944641113281,104.98805236816406
PlantVillage Internal,D:\Tomato_Disease_Research\plantvillage\Tomato__Tomato_YellowLeaf__Curl_Virus\4857c174-710f-4a0e-a3df-74b8a15bc081___UF.GRC_YLCV_Lab 02543.JPG,256,256,1.0,123.0667953491211,20.336341857910156,375.2376708984375,6.35249509925729,118.1605224609375,131.20166015625,94.04759216308594
PlantVillage Internal,D:\Tomato_Disease_Research\plantvillage\Tomato__Tomato_YellowLeaf__Curl_Virus\48c5a9cd-b96e-468d-803d-9cf03c56a9e3___UF.GRC_YLCV_Lab 01535.JPG,256,256,1.0,111.4106674194336,25.522218704223633,45.397491455078125,6.6256693098240405,106.3543701171875,118.71185302734375,87.07769775390625
PlantVillage Internal,D:\Tomato_Disease_Research\plantvillage\Tomato__Tomato_YellowLeaf__Curl_Virus\48ec4c7d-8942-4b41-848e-1776036b0386___UF.GRC_YLCV_Lab 01331.JPG,256,256,1.0,115.89511108398438,35.115116119384766,167.1279296875,7.029814075331976,109.62652587890625,127.48368835449219,72.66535949707031
PlantVillage Internal,D:\Tomato_Disease_Research\plantvillage\Tomato__Tomato_YellowLeaf__Curl_Virus\494fb42c-a660-4bf6-ac9d-b5feaa0d6ec5___UF.GRC_YLCV_Lab 01795.JPG,256,256,1.0,118.35868072509766,27.931440353393555,124.9195785522461,6.773462828490214,111.05081176757812,132.48056030273438,64.81047058105469
PlantVillage Internal,D:\Tomato_Disease_Research\plantvillage\Tomato__Tomato_YellowLeaf__Curl_Virus\49e69c3a-1392-4754-b149-79c0f008fe40___UF.GRC_YLCV_Lab 02592.JPG,256,256,1.0,133.59555053710938,20.958799362182617,173.7484130859375,6.387055344374691,127.86712646484375,143.5881805419922,97.1668701171875
PlantVillage Internal,D:\Tomato_Disease_Research\plantvillage\Tomato__Tomato_YellowLeaf__Curl_Virus\4a030465-e219-4c2a-9177-86da30645ce1___UF.GRC_YLCV_Lab 09342.JPG,256,256,1.0,131.89849853515625,19.900075912475586,172.96986389160156,6.169700591989184,126.9041748046875,140.55172729492188,100.44123840332031
PlantVillage Internal,D:\Tomato_Disease_Research\plantvillage\Tomato__Tomato_YellowLeaf__Curl_Virus\4ab9c8af-8dc7-428a-b1ef-f8faaea340db___UF.GRC_YLCV_Lab 02716.JPG,256,256,1.0,113.03944396972656,34.2603645324707,116.21588134765625,6.988614468723556,106.26675415039062,122.94387817382812,79.80369567871094
PlantVillage Internal,D:\Tomato_Disease_Research\plantvillage\Tomato__Tomato_YellowLeaf__Curl_Virus\4ac1ce9a-350f-4101-9562-b0db390365ae___UF.GRC_YLCV_Lab 03384.JPG,256,256,1.0,121.53760528564453,20.375944137573242,63.59306335449219,6.262370845071952,114.54557800292969,134.02818298339844,75.56083679199219
PlantVillage Internal,D:\Tomato_Disease_Research\plantvillage\Tomato__Tomato_YellowLeaf__Curl_Virus\4adc46cc-60dd-48a7-8d4c-f6394577a14a___UF.GRC_YLCV_Lab 01543.JPG,256,256,1.0,130.1038360595703,19.307252883911133,395.62286376953125,6.078534200665862,123.30389404296875,138.86334228515625,102.83502197265625
PlantVillage Internal,D:\Tomato_Disease_Research\plantvillage\Tomato__Tomato_YellowLeaf__Curl_Virus\4b6e4efa-1ac4-48a1-983a-1684c04af54e___UF.GRC_YLCV_Lab 01347.JPG,256,256,1.0,113.27810668945312,30.335634231567383,340.37469482421875,6.925014995752331,102.51899719238281,124.65821838378906,82.89959716796875
PlantVillage Internal,D:\Tomato_Disease_Research\plantvillage\Tomato__Tomato_YellowLeaf__Curl_Virus\4b723929-deb3-4058-9d01-c5b7e2d79551___UF.GRC_YLCV_Lab 01739.JPG,256,256,1.0,116.89136505126953,27.559967041015625,27.141489028930664,6.629578091064152,109.96597290039062,127.13406372070312,82.31440734863281
PlantVillage Internal,D:\Tomato_Disease_Research\plantvillage\Tomato__Tomato_YellowLeaf__Curl_Virus\4bb0387f-0f0c-4a13-87c9-d851ad22c8d7___UF.GRC_YLCV_Lab 01790.JPG,256,256,1.0,124.55953979492188,37.375152587890625,101.0462417602539,7.159005839968165,121.45307922363281,134.07260131835938,83.72322082519531
PlantVillage Internal,D:\Tomato_Disease_Research\plantvillage\Tomato__Tomato_YellowLeaf__Curl_Virus\4bb239ed-5d7b-4d5e-95a6-411440925ba1___YLCV_GCREC 2115.JPG,256,256,1.0,114.50379180908203,39.51024627685547,999.58447265625,7.098470535549348,107.70054626464844,119.96624755859375,104.2205810546875
PlantVillage Internal,D:\Tomato_Disease_Research\plantvillage\Tomato__Tomato_YellowLeaf__Curl_Virus\4bb48d8a-9dbd-4291-b588-d6ebf1fba9e3___YLCV_GCREC 5412.JPG,256,256,1.0,86.81668853759766,39.63070297241211,942.6925048828125,7.1387768663775555,84.39411926269531,89.85610961914062,77.52027893066406
PlantVillage Internal,D:\Tomato_Disease_Research\plantvillage\Tomato__Tomato_YellowLeaf__Curl_Virus\4bebb8b8-3b71-48ce-9636-354b8dc63780___UF.GRC_YLCV_Lab 02587.JPG,256,256,1.0,113.94178771972656,31.5078182220459,132.74142456054688,6.895391650853455,109.06770324707031,123.95657348632812,75.15814208984375
PlantVillage Internal,D:\Tomato_Disease_Research\plantvillage\Tomato__Tomato_YellowLeaf__Curl_Virus\4c773e62-28a8-4f16-a71f-7cdb1c5751e5___UF.GRC_YLCV_Lab 01855.JPG,256,256,1.0,126.43473052978516,37.52107620239258,237.1490478515625,7.202615339939903,121.63671875,138.75506591796875,75.58003234863281
PlantVillage Internal,D:\Tomato_Disease_Research\plantvillage\Tomato__Tomato_YellowLeaf__Curl_Virus\4c92449d-2ec4-4b81-ab67-6bfe565cf83d___YLCV_GCREC 5353.JPG,256,256,1.0,98.79808044433594,35.31193161010742,1018.6215209960938,7.074890260046365,95.83821105957031,101.45059204101562,92.90315246582031
PlantVillage Internal,D:\Tomato_Disease_Research\plantvillage\Tomato__Tomato_YellowLeaf__Curl_Virus\4c97477f-7372-4fac-b543-6ffc5fc07e50___UF.GRC_YLCV_Lab 09344.JPG,256,256,1.0,121.08106994628906,22.645633697509766,150.00991821289062,6.431459663865242,117.05671691894531,128.23220825195312,94.81401062011719
PlantVillage Internal,D:\Tomato_Disease_Research\plantvillage\Tomato__Tomato_YellowLeaf__Curl_Virus\4cbb5ff1-1004-49e6-9b13-79526f06dca1___YLCV_GCREC 2042.JPG,256,256,1.0,99.34422302246094,31.664987564086914,1963.614013671875,6.8598135288580036,87.904052734375,108.68972778320312,81.22843933105469
PlantVillage Internal,D:\Tomato_Disease_Research\plantvillage\Tomato__Tomato_YellowLeaf__Curl_Virus\4d220a58-1589-40ae-a8fc-087d77afded7___YLCV_NREC 2618.JPG,256,256,1.0,112.73848724365234,46.11958312988281,9552.689453125,7.435624251495587,120.41874694824219,112.28713989257812,94.91867065429688
PlantVillage Internal,D:\Tomato_Disease_Research\plantvillage\Tomato__Tomato_YellowLeaf__Curl_Virus\4d69dd8a-409d-4f7f-841d-a07fdcb718ac___YLCV_GCREC 2071.JPG,256,256,1.0,107.35935974121094,38.7493782043457,5013.4931640625,7.106600385020655,104.21424865722656,113.80850219726562,82.40090942382812
PlantVillage Internal,D:\Tomato_Disease_Research\plantvillage\Tomato__Tomato_YellowLeaf__Curl_Virus\4db90450-4f6c-4152-b3a1-dc4f8fcdc346___YLCV_NREC 0160.JPG,256,256,1.0,115.7913818359375,30.8781795501709,3334.7333984375,6.90292046942718,121.61616516113281,114.10078430175781,109.21925354003906
PlantVillage Internal,D:\Tomato_Disease_Research\plantvillage\Tomato__Tomato_YellowLeaf__Curl_Virus\4df1da53-513d-407c-8efe-8c176e1e6a38___UF.GRC_YLCV_Lab 02318.JPG,256,256,1.0,115.78643035888672,38.20501708984375,76.38194274902344,7.181205095102177,112.42764282226562,124.01426696777344,82.22964477539062
PlantVillage Internal,D:\Tomato_Disease_Research\plantvillage\Tomato__Tomato_YellowLeaf__Curl_Virus\4e6c618f-81e3-47cf-b4b4-cbe2098621ce___YLCV_NREC 2587.JPG,256,256,1.0,106.42674255371094,46.5588264465332,6192.431640625,7.3706872615357835,113.23370361328125,106.31019592285156,89.1734619140625
PlantVillage Internal,D:\Tomato_Disease_Research\plantvillage\Tomato__Tomato_YellowLeaf__Curl_Virus\4f5f7643-a0aa-4dc4-ae00-a17097e949e9___UF.GRC_YLCV_Lab 03387.JPG,256,256,1.0,166.3404083251953,18.48540687561035,91.98213195800781,6.19161912743304,158.18104553222656,181.0862579345703,111.81257629394531
PlantVillage Internal,D:\Tomato_Disease_Research\plantvillage\Tomato__Tomato_YellowLeaf__Curl_Virus\4f9e72d6-8125-4b94-9def-169c2c311721___YLCV_GCREC 2515.JPG,256,256,1.0,113.34170532226562,39.131980895996094,49.99615478515625,7.038020589039051,108.60504150390625,118.26799011230469,100.39901733398438
PlantVillage Internal,D:\Tomato_Disease_Research\plantvillage\Tomato__Tomato_YellowLeaf__Curl_Virus\4faa9c69-d025-4806-9329-d09486182412___YLCV_NREC 0123.JPG,256,256,1.0,106.15674591064453,38.43679428100586,3098.368896484375,7.154461919845922,109.26972961425781,106.52357482910156,96.10311889648438
PlantVillage Internal,D:\Tomato_Disease_Research\plantvillage\Tomato__Tomato_YellowLeaf__Curl_Virus\4fca9231-addd-45fc-a66d-0b98428c0dff___UF.GRC_YLCV_Lab 02352.JPG,256,256,1.0,123.6263427734375,28.587053298950195,87.58383178710938,6.761764238244602,118.15840148925781,134.23712158203125,83.33149719238281
PlantVillage Internal,D:\Tomato_Disease_Research\plantvillage\Tomato__Tomato_YellowLeaf__Curl_Virus\501efc9d-9b96-4270-a67d-ab7d07618bd1___UF.GRC_YLCV_Lab 01281.JPG,256,256,1.0,106.96003723144531,32.57981491088867,34.20518493652344,6.957322212669206,101.04144287109375,117.44158935546875,68.51258850097656
PlantVillage Internal,D:\Tomato_Disease_Research\plantvillage\Tomato__Tomato_YellowLeaf__Curl_Virus\50a05005-813e-460b-a4ca-c3360ec1dc7c___YLCV_NREC 2918.JPG,256,256,1.0,93.5494384765625,31.68238639831543,2999.47412109375,6.890765889074595,98.36424255371094,93.30572509765625,82.17594909667969
PlantVillage Internal,D:\Tomato_Disease_Research\plantvillage\Tomato__Tomato_YellowLeaf__Curl_Virus\50bc15f2-aaf5-4972-be64-cf029675c02b___YLCV_GCREC 1923.JPG,256,256,1.0,104.76895141601562,42.407440185546875,2543.427978515625,7.1624341396729765,103.83306884765625,109.49176025390625,82.90524291992188
PlantVillage Internal,D:\Tomato_Disease_Research\plantvillage\Tomato__Tomato_YellowLeaf__Curl_Virus\51707f7d-47d6-492f-97f0-3446061ae95f___YLCV_NREC 2314.JPG,256,256,1.0,118.29485321044922,43.48292922973633,7088.248046875,7.297319496526795,126.10546875,117.9544677734375,99.56166076660156
PlantVillage Internal,D:\Tomato_Disease_Research\plantvillage\Tomato__Tomato_YellowLeaf__Curl_Virus\51749001-e339-47a9-bcdf-4cd9905ba7b2___YLCV_NREC 2720.JPG,256,256,1.0,111.7218246459961,34.877532958984375,5135.6328125,7.137880958646084,121.46514892578125,110.26766967773438,93.654541015625
PlantVillage Internal,D:\Tomato_Disease_Research\plantvillage\Tomato__Tomato_YellowLeaf__Curl_Virus\52194a42-49b2-4711-84ff-ec707c820a94___YLCV_NREC 2981.JPG,256,256,1.0,99.36973571777344,42.29701232910156,2105.98876953125,7.155238828714396,102.00526428222656,100.57667541503906,86.24253845214844
PlantVillage Internal,D:\Tomato_Disease_Research\plantvillage\Tomato__Tomato_YellowLeaf__Curl_Virus\52a96f34-2c0e-4a0c-a0b2-810419e8b7c4___UF.GRC_YLCV_Lab 01914.JPG,256,256,1.0,91.83708190917969,29.29689598083496,127.14921569824219,6.879413020364248,83.19346618652344,103.22418212890625,55.87409973144531
PlantVillage Internal,D:\Tomato_Disease_Research\plantvillage\Tomato__Tomato_YellowLeaf__Curl_Virus\52c3e3e7-3ad8-41ba-a90e-765f54b624f2___YLCV_GCREC 2292.JPG,256,256,1.0,119.33702850341797,38.083335876464844,4970.9189453125,7.194502720756981,119.11787414550781,123.00535583496094,101.02316284179688
PlantVillage Internal,D:\Tomato_Disease_Research\plantvillage\Tomato__Tomato_YellowLeaf__Curl_Virus\52e8acae-b1a9-4107-aef9-c021fd8a1501___UF.GRC_YLCV_Lab 01364.JPG,256,256,1.0,123.56449127197266,25.46059226989746,105.2431411743164,6.393958470111194,116.87481689453125,131.48109436035156,100.34675598144531
PlantVillage Internal,D:\Tomato_Disease_Research\plantvillage\Tomato__Tomato_YellowLeaf__Curl_Virus\52f1848f-1cfe-4e1c-a265-cb02a554805d___UF.GRC_YLCV_Lab 01944.JPG,256,256,1.0,115.3931884765625,24.30581283569336,90.62590026855469,6.57785310336309,107.73469543457031,126.04541015625,80.63027954101562
PlantVillage Internal,D:\Tomato_Disease_Research\plantvillage\Tomato__Tomato_YellowLeaf__Curl_Virus\53578c92-d46e-4d7d-950e-66ad61da023a___UF.GRC_YLCV_Lab 01618.JPG,256,256,1.0,130.20455932617188,34.583255767822266,110.84872436523438,7.054285971919995,123.35301208496094,140.76304626464844,93.80780029296875
PlantVillage Internal,D:\Tomato_Disease_Research\plantvillage\Tomato__Tomato_YellowLeaf__Curl_Virus\53898660-51c9-42de-99c0-381c38dc02e6___UF.GRC_YLCV_Lab 02778.JPG,256,256,1.0,115.25890350341797,29.960386276245117,290.41815185546875,6.8826950487629865,109.63911437988281,124.18070983886719,84.05906677246094
PlantVillage Internal,D:\Tomato_Disease_Research\plantvillage\Tomato__Tomato_YellowLeaf__Curl_Virus\53b914ea-4c7e-4e35-944c-2aac000557db___YLCV_GCREC 2147.JPG,256,256,1.0,94.32816314697266,39.63713073730469,498.0827331542969,7.115563076665445,86.62379455566406,101.1134033203125,79.59719848632812
PlantVillage Internal,D:\Tomato_Disease_Research\plantvillage\Tomato__Tomato_YellowLeaf__Curl_Virus\548948f4-0c1b-4deb-8f13-c0a5c9134f52___UF.GRC_YLCV_Lab 09502.JPG,256,256,1.0,115.47015380859375,24.883758544921875,190.2539520263672,6.449424501177424,109.44549560546875,124.16175842285156,86.51751708984375
PlantVillage Internal,D:\Tomato_Disease_Research\plantvillage\Tomato__Tomato_YellowLeaf__Curl_Virus\54f339a1-4664-4206-ab3b-56de9026d4ad___YLCV_GCREC 5235.JPG,256,256,1.0,107.23893737792969,59.38765335083008,4900.0751953125,7.561482413900757,108.76300048828125,109.26210021972656,92.82411193847656
PlantVillage Internal,D:\Tomato_Disease_Research\plantvillage\Tomato__Tomato_YellowLeaf__Curl_Virus\55a77670-00e2-4dae-81d1-cc94a6b53ad7___YLCV_GCREC 2910.JPG,256,256,1.0,120.04350280761719,39.8403434753418,787.7506713867188,7.198295763128675,117.06864929199219,124.63323974609375,104.21284484863281
PlantVillage Internal,D:\Tomato_Disease_Research\plantvillage\Tomato__Tomato_YellowLeaf__Curl_Virus\55c4ae58-ef0f-4dfc-bae5-7b99f3543e45___YLCV_NREC 2565.JPG,256,256,1.0,119.09435272216797,51.189693450927734,9634.796875,7.46107340442581,128.14578247070312,117.84553527832031,101.78446960449219
PlantVillage Internal,D:\Tomato_Disease_Research\plantvillage\Tomato__Tomato_YellowLeaf__Curl_Virus\55d128be-cc38-4493-ac46-16b931b41664___UF.GRC_YLCV_Lab 02542.JPG,256,256,1.0,127.09115600585938,28.285947799682617,60.60051727294922,6.7702656495021225,123.08355712890625,136.8404541015625,87.40194702148438
PlantVillage Internal,D:\Tomato_Disease_Research\plantvillage\Tomato__Tomato_YellowLeaf__Curl_Virus\56168a73-18cf-47ac-af01-26f425c5a12b___YLCV_NREC 0216.JPG,256,256,1.0,111.97450256347656,34.133277893066406,348.1814880371094,6.962041118192143,107.41073608398438,116.65626525878906,99.83744812011719
PlantVillage Internal,D:\Tomato_Disease_Research\plantvillage\Tomato__Tomato_YellowLeaf__Curl_Virus\56952d19-2a4a-4252-a114-81ce80eb1f00___YLCV_GCREC 2716.JPG,256,256,1.0,101.20970153808594,36.65233612060547,787.4449462890625,7.032753157552504,95.65394592285156,104.18983459472656,100.43629455566406
PlantVillage Internal,D:\Tomato_Disease_Research\plantvillage\Tomato__Tomato_YellowLeaf__Curl_Virus\56e3c593-6093-4777-a1f0-e2c808190457___YLCV_NREC 2847.JPG,256,256,1.0,114.20262145996094,43.77479553222656,1793.25048828125,7.2909575049817255,121.65606689453125,112.88887023925781,101.41838073730469
PlantVillage Internal,D:\Tomato_Disease_Research\plantvillage\Tomato__Tomato_YellowLeaf__Curl_Virus\56ef3a37-548f-41f4-af50-aba9a3042700___UF.GRC_YLCV_Lab 01415.JPG,256,256,1.0,132.20089721679688,19.967674255371094,195.61968994140625,6.2874106148218925,125.75077819824219,141.2611541748047,102.46600341796875
PlantVillage Internal,D:\Tomato_Disease_Research\plantvillage\Tomato__Tomato_YellowLeaf__Curl_Virus\57970cb7-5626-4892-b98e-01cb68d81972___YLCV_GCREC 2191.JPG,256,256,1.0,89.70491027832031,40.903568267822266,1111.7652587890625,7.258843584589195,86.90591430664062,93.21540832519531,78.97013854980469
PlantVillage Internal,D:\Tomato_Disease_Research\plantvillage\Tomato__Tomato_YellowLeaf__Curl_Virus\57b2a2ca-be23-4974-bfec-b0778ac01bb9___YLCV_GCREC 2358.JPG,256,256,1.0,94.42216491699219,34.126853942871094,5223.8818359375,7.115921197664129,93.40127563476562,96.00430297851562,88.95318603515625
PlantVillage Internal,D:\Tomato_Disease_Research\plantvillage\Tomato__Tomato_YellowLeaf__Curl_Virus\57dd8748-5491-4606-8d05-77f701075df4___UF.GRC_YLCV_Lab 09446.JPG,256,256,1.0,126.13275146484375,32.15677261352539,72.32073974609375,6.7823886219443565,120.9024658203125,134.5887451171875,96.30989074707031
PlantVillage Internal,D:\Tomato_Disease_Research\plantvillage\Tomato__Tomato_YellowLeaf__Curl_Virus\57f2c193-3ead-4e94-aa19-2d0224cac669___YLCV_GCREC 5265.JPG,256,256,1.0,103.4342041015625,34.720947265625,1274.662109375,6.954440982044689,101.89680480957031,106.26100158691406,92.91099548339844
PlantVillage Internal,D:\Tomato_Disease_Research\plantvillage\Tomato__Tomato_YellowLeaf__Curl_Virus\580d41da-dea3-4249-bb02-ad990ec3cdc5___YLCV_NREC 2801.JPG,256,256,1.0,92.92257690429688,31.873943328857422,2907.048828125,6.990683387802923,103.42219543457031,92.34317016601562,68.3675537109375
PlantVillage Internal,D:\Tomato_Disease_Research\plantvillage\Tomato__Tomato_YellowLeaf__Curl_Virus\58b58680-5702-4c71-9abf-21e8f9561796___UF.GRC_YLCV_Lab 03181.JPG,256,256,1.0,133.19952392578125,27.985225677490234,72.44099426269531,6.671429866877169,125.19203186035156,146.1997833251953,87.26177978515625
PlantVillage Internal,D:\Tomato_Disease_Research\plantvillage\Tomato__Tomato_YellowLeaf__Curl_Virus\58baecd6-1b55-47dc-bd4f-d27116cf222e___YLCV_GCREC 5302.JPG,256,256,1.0,108.66806030273438,48.406776428222656,3770.037353515625,7.431940999834861,109.28518676757812,112.42776489257812,87.69029235839844
PlantVillage Internal,D:\Tomato_Disease_Research\plantvillage\Tomato__Tomato_YellowLeaf__Curl_Virus\58fae6d8-bb62-406c-a4d2-684e0a5303e4___YLCV_NREC 2213.JPG,256,256,1.0,111.25542449951172,46.03716278076172,3103.24658203125,7.403642747438043,115.4749755859375,111.6907958984375,97.94654846191406
PlantVillage Internal,D:\Tomato_Disease_Research\plantvillage\Tomato__Tomato_YellowLeaf__Curl_Virus\592a2e52-21b6-4245-ad65-15f263a24063___YLCV_NREC 2539.JPG,256,256,1.0,120.53842163085938,52.82987594604492,7013.02392578125,7.477076625565184,128.7528839111328,119.3919677734375,104.89666748046875
PlantVillage Internal,D:\Tomato_Disease_Research\plantvillage\Tomato__Tomato_YellowLeaf__Curl_Virus\592d471e-1ae5-4b14-a1d9-85fceaff6ed0___UF.GRC_YLCV_Lab 02444.JPG,256,256,1.0,119.86968994140625,25.11337661743164,87.16722106933594,6.6745309198555605,107.56819152832031,135.33876037597656,72.48196411132812
PlantVillage Internal,D:\Tomato_Disease_Research\plantvillage\Tomato__Tomato_YellowLeaf__Curl_Virus\592ee97a-5272-488c-a6ff-eaf840540023___UF.GRC_YLCV_Lab 03277.JPG,256,256,1.0,126.64486694335938,19.865684509277344,65.66221618652344,6.188194147337942,122.00544738769531,135.6897430419922,92.24000549316406
PlantVillage Internal,D:\Tomato_Disease_Research\plantvillage\Tomato__Tomato_YellowLeaf__Curl_Virus\5a593f3c-570b-4acc-a15c-eeaf3f7a0973___YLCV_NREC 2415.JPG,256,256,1.0,116.96380615234375,56.23829650878906,6514.43359375,7.580616854124482,122.84194946289062,117.37168884277344,99.44635009765625
PlantVillage Internal,D:\Tomato_Disease_Research\plantvillage\Tomato__Tomato_YellowLeaf__Curl_Virus\5ad0f91d-2756-4b92-ae07-1945f1b71c45___YLCV_GCREC 5315.JPG,256,256,1.0,113.02581787109375,39.96257781982422,924.0000610351562,6.981275278753859,113.27098083496094,113.58766174316406,109.48985290527344
PlantVillage Internal,D:\Tomato_Disease_Research\plantvillage\Tomato__Tomato_YellowLeaf__Curl_Virus\5b2048c4-20b2-4e3a-b0ff-e65f2783c011___UF.GRC_YLCV_Lab 01303.JPG,256,256,1.0,130.7683868408203,46.48949432373047,175.21533203125,7.4369470403646964,115.55812072753906,148.23733520507812,80.71217346191406
PlantVillage Internal,D:\Tomato_Disease_Research\plantvillage\Tomato__Tomato_YellowLeaf__Curl_Virus\5b2ea7e9-b14f-43c1-b4cb-78420b4af7a2___UF.GRC_YLCV_Lab 02174.JPG,256,256,1.0,136.98263549804688,30.48366928100586,62.11864471435547,6.831008493769133,135.0108642578125,145.180419921875,99.94271850585938
PlantVillage Internal,D:\Tomato_Disease_Research\plantvillage\Tomato__Tomato_YellowLeaf__Curl_Virus\5bc3e99e-cdbd-45d7-bbc3-0fd74fcea115___YLCV_NREC 2031.JPG,256,256,1.0,130.48162841796875,49.138370513916016,5596.75244140625,7.337994516052186,136.0950164794922,130.8554229736328,113.83396911621094
PlantVillage Internal,D:\Tomato_Disease_Research\plantvillage\Tomato__Tomato_YellowLeaf__Curl_Virus\5bf51eeb-ffe7-48e2-9799-a27735dde9e4___YLCV_GCREC 5344.JPG,256,256,1.0,100.33126831054688,39.716007232666016,640.4406127929688,7.125339951841954,96.94654846191406,102.94854736328125,95.73207092285156
PlantVillage Internal,D:\Tomato_Disease_Research\plantvillage\Tomato__Tomato_YellowLeaf__Curl_Virus\5bfca510-62b9-4e1b-99a4-47c98eeda0a5___UF.GRC_YLCV_Lab 02328.JPG,256,256,1.0,125.69910430908203,30.502830505371094,52.9071044921875,6.8207713930977425,117.34892272949219,136.34146118164062,92.80123901367188
PlantVillage Internal,D:\Tomato_Disease_Research\plantvillage\Tomato__Tomato_YellowLeaf__Curl_Virus\5c3904f4-3df0-493b-a204-d57d1011004a___YLCV_GCREC 2766.JPG,256,256,1.0,97.37129211425781,34.19524383544922,659.4072265625,6.986525492682443,86.98544311523438,104.66361999511719,87.062255859375
PlantVillage Internal,D:\Tomato_Disease_Research\plantvillage\Tomato__Tomato_YellowLeaf__Curl_Virus\5cc16f74-0be9-4661-9f7a-c9ea665d2f8f___UF.GRC_YLCV_Lab 02173.JPG,256,256,1.0,120.66590118408203,18.954627990722656,64.71075439453125,6.043204521628974,117.43502807617188,128.51370239257812,88.73056030273438
PlantVillage Internal,D:\Tomato_Disease_Research\plantvillage\Tomato__Tomato_YellowLeaf__Curl_Virus\5ce90aab-3afd-437d-a405-7595c8c90665___YLCV_GCREC 1917.JPG,256,256,1.0,107.13780212402344,45.913604736328125,3162.3486328125,7.263731877938795,103.53497314453125,113.15164184570312,85.62124633789062
PlantVillage Internal,D:\Tomato_Disease_Research\plantvillage\Tomato__Tomato_YellowLeaf__Curl_Virus\5d40d3db-1277-4136-9276-229450f81b5b___YLCV_NREC 2588.JPG,256,256,1.0,111.91435241699219,42.31072998046875,5949.044921875,7.35716633724088,120.82511901855469,110.214111328125,97.2978515625
PlantVillage Internal,D:\Tomato_Disease_Research\plantvillage\Tomato__Tomato_YellowLeaf__Curl_Virus\5dc0f3b8-50d7-4843-9cc2-3c7e6d94a66f___YLCV_NREC 2951.JPG,256,256,1.0,90.045166015625,31.030466079711914,931.7286376953125,6.9427001445761665,93.75900268554688,91.82691955566406,71.12995910644531
PlantVillage Internal,D:\Tomato_Disease_Research\plantvillage\Tomato__Tomato_YellowLeaf__Curl_Virus\5e3272b0-298c-4c66-8b76-aece9efb31d7___UF.GRC_YLCV_Lab 03293.JPG,256,256,1.0,115.56484985351562,19.82859992980957,57.05726623535156,6.2859705480538235,111.51097106933594,124.40614318847656,80.67247009277344
PlantVillage Internal,D:\Tomato_Disease_Research\plantvillage\Tomato__Tomato_YellowLeaf__Curl_Virus\5e70b8f4-26db-4ac4-a23a-dac4fd0be93a___YLCV_GCREC 5401.JPG,256,256,1.0,93.33015441894531,39.86744689941406,899.8446655273438,7.1184466753846,91.98477172851562,95.06805419921875,87.91020202636719
PlantVillage Internal,D:\Tomato_Disease_Research\plantvillage\Tomato__Tomato_YellowLeaf__Curl_Virus\5eae82f7-b6cb-457c-9a5e-c78b507aab00___UF.GRC_YLCV_Lab 02326.JPG,256,256,1.0,91.08622741699219,33.638309478759766,159.32131958007812,6.975456444034728,84.8218994140625,99.505126953125,64.16644287109375
PlantVillage Internal,D:\Tomato_Disease_Research\plantvillage\Tomato__Tomato_YellowLeaf__Curl_Virus\5eaecce2-01dc-449a-97eb-cd30ebc20895___YLCV_NREC 2627.JPG,256,256,1.0,119.65348815917969,60.00373077392578,6952.2451171875,7.582872296258673,125.63505554199219,120.31471252441406,100.56024169921875
PlantVillage Internal,D:\Tomato_Disease_Research\plantvillage\Tomato__Tomato_YellowLeaf__Curl_Virus\5f2cfdd5-f41d-47b4-99ea-520a20c2e9b6___UF.GRC_YLCV_Lab 01491.JPG,256,256,1.0,111.91452026367188,30.952375411987305,78.10427856445312,6.783369153219448,105.80406188964844,120.09791564941406,85.80374145507812
PlantVillage Internal,D:\Tomato_Disease_Research\plantvillage\Tomato__Tomato_YellowLeaf__Curl_Virus\5f30574a-e6e1-416b-aa31-4990f4a27748___YLCV_NREC 2046.JPG,256,256,1.0,115.95177459716797,46.0138053894043,5552.3486328125,7.2994770653186425,123.84259033203125,116.74592590332031,91.16647338867188
PlantVillage Internal,D:\Tomato_Disease_Research\plantvillage\Tomato__Tomato_YellowLeaf__Curl_Virus\5fa4b5e9-4755-4b9b-98b5-4912fb21e820___YLCV_GCREC 2797.JPG,256,256,1.0,121.73812103271484,35.66877365112305,1623.6231689453125,6.96862942593212,116.613037109375,126.96231079101562,108.28022766113281
PlantVillage Internal,D:\Tomato_Disease_Research\plantvillage\Tomato__Tomato_YellowLeaf__Curl_Virus\5fbeb2d7-857c-4983-9f70-925451dc3a57___UF.GRC_YLCV_Lab 08443.JPG,256,256,1.0,128.2024688720703,18.19396209716797,95.59767150878906,6.168959817070488,126.62442016601562,136.35452270507812,90.36543273925781
PlantVillage Internal,D:\Tomato_Disease_Research\plantvillage\Tomato__Tomato_YellowLeaf__Curl_Virus\5fcdb337-36dd-41f6-ac68-b550b2935e85___UF.GRC_YLCV_Lab 01823.JPG,256,256,1.0,132.855224609375,31.595687866210938,137.11175537109375,6.955213052024174,126.13021850585938,147.08221435546875,77.23703002929688
PlantVillage Internal,D:\Tomato_Disease_Research\plantvillage\Tomato__Tomato_YellowLeaf__Curl_Virus\607eeba2-d022-4b83-bd4a-ec061762368a___YLCV_GCREC 2009.JPG,256,256,1.0,106.54777526855469,43.89951705932617,3753.748046875,7.2294003990422055,103.95376586914062,112.71002197265625,81.62113952636719
PlantVillage Internal,D:\Tomato_Disease_Research\plantvillage\Tomato__Tomato_YellowLeaf__Curl_Virus\6080e4bb-3213-4074-8012-324bdfbc6583___YLCV_NREC 2469.JPG,256,256,1.0,118.73513793945312,50.01612091064453,8153.0439453125,7.491151812150257,125.98670959472656,118.98661804199219,98.42074584960938
PlantVillage Internal,D:\Tomato_Disease_Research\plantvillage\Tomato__Tomato_YellowLeaf__Curl_Virus\60834ba9-1f68-480f-95ae-5cc104065948___UF.GRC_YLCV_Lab 08568.JPG,256,256,1.0,132.67222595214844,22.210384368896484,83.5281982421875,6.2012252489747155,129.78135681152344,140.0115203857422,102.46345520019531
PlantVillage Internal,D:\Tomato_Disease_Research\plantvillage\Tomato__Tomato_YellowLeaf__Curl_Virus\60e47250-be41-4c81-b910-6e1696282e91___YLCV_NREC 2123.JPG,256,256,1.0,108.42752075195312,36.56767272949219,2148.734130859375,7.114177612618191,115.79444885253906,107.976806640625,91.42623901367188
PlantVillage Internal,D:\Tomato_Disease_Research\plantvillage\Tomato__Tomato_YellowLeaf__Curl_Virus\615a35a3-9a43-4325-8411-6548b893df15___YLCV_GCREC 2851.JPG,256,256,1.0,98.41976928710938,32.205379486083984,556.5979614257812,6.8840843208325015,90.98048400878906,103.33865356445312,92.6036376953125
PlantVillage Internal,D:\Tomato_Disease_Research\plantvillage\Tomato__Tomato_YellowLeaf__Curl_Virus\61a02dc7-93ec-46d6-8150-2d565563fc5e___UF.GRC_YLCV_Lab 08440.JPG,256,256,1.0,115.62702941894531,17.54978370666504,54.02804183959961,6.062209658138571,113.69866943359375,120.99131774902344,93.0633544921875
PlantVillage Internal,D:\Tomato_Disease_Research\plantvillage\Tomato__Tomato_YellowLeaf__Curl_Virus\61f1fdf9-4a44-4bfa-9762-fe39eef02552___YLCV_GCREC 2742.JPG,256,256,1.0,99.300537109375,33.03474807739258,630.8026123046875,6.816157636405391,94.26737976074219,103.41886901855469,91.29579162597656
PlantVillage Internal,D:\Tomato_Disease_Research\plantvillage\Tomato__Tomato_YellowLeaf__Curl_Virus\62541cc6-4e4e-4316-af45-159254d4510d___YLCV_NREC 2602.JPG,256,256,1.0,129.77001953125,48.62263107299805,6318.0390625,7.404568295892426,139.24786376953125,129.6998748779297,105.27256774902344
PlantVillage Internal,D:\Tomato_Disease_Research\plantvillage\Tomato__Tomato_YellowLeaf__Curl_Virus\6258502c-8e13-4a4a-99e7-f0cc823429a9___YLCV_NREC 2246.JPG,256,256,1.0,123.98302459716797,54.229244232177734,6242.96142578125,7.572342247508488,127.42140197753906,125.23101806640625,108.53872680664062
PlantVillage Internal,D:\Tomato_Disease_Research\plantvillage\Tomato__Tomato_YellowLeaf__Curl_Virus\626f0078-1b85-4638-9088-1bae86f5178d___UF.GRC_YLCV_Lab 02370.JPG,256,256,1.0,148.35154724121094,23.858287811279297,59.30087661743164,6.509077382579664,143.36349487304688,158.19168090820312,110.76612854003906
PlantVillage Internal,D:\Tomato_Disease_Research\plantvillage\Tomato__Tomato_YellowLeaf__Curl_Virus\62a66e0a-e057-4d7a-8347-9a2b80c44f79___YLCV_GCREC 5398.JPG,256,256,1.0,85.08487701416016,33.96907424926758,840.8240966796875,6.9582520351651755,79.78292846679688,90.22157287597656,72.5413818359375
PlantVillage Internal,D:\Tomato_Disease_Research\plantvillage\Tomato__Tomato_YellowLeaf__Curl_Virus\63850dfe-2c79-4728-8557-b1eb242e16f1___YLCV_GCREC 2298.JPG,256,256,1.0,99.18559265136719,37.34159469604492,2410.643798828125,7.160230745625991,95.67355346679688,103.85441589355469,84.35659790039062
PlantVillage Internal,D:\Tomato_Disease_Research\plantvillage\Tomato__Tomato_YellowLeaf__Curl_Virus\63e007cc-d129-4201-99ce-341c54271b98___YLCV_NREC 0287.JPG,256,256,1.0,106.74601745605469,37.60340881347656,2821.02783203125,7.0608190624477905,107.24612426757812,108.45816040039062,96.61827087402344
PlantVillage Internal,D:\Tomato_Disease_Research\plantvillage\Tomato__Tomato_YellowLeaf__Curl_Virus\642b0782-39c3-4efc-a5b9-9cf322e63348___YLCV_NREC 2527.JPG,256,256,1.0,110.37100219726562,61.077693939208984,7004.3408203125,7.625097901910337,113.1737060546875,112.5540771484375,91.7791748046875
PlantVillage Internal,D:\Tomato_Disease_Research\plantvillage\Tomato__Tomato_YellowLeaf__Curl_Virus\64618101-9581-4958-9760-6cfd10959fbf___UF.GRC_YLCV_Lab 02950.JPG,256,256,1.0,101.47602081298828,29.323415756225586,114.99285888671875,6.8763619805048535,99.72029113769531,108.66775512695312,69.04985046386719
PlantVillage Internal,D:\Tomato_Disease_Research\plantvillage\Tomato__Tomato_YellowLeaf__Curl_Virus\64657de8-203f-4da1-a79e-6e82f7487341___YLCV_NREC 2883.JPG,256,256,1.0,98.60953521728516,34.59380340576172,3973.437744140625,7.108104193086319,105.41499328613281,97.83872985839844,84.72909545898438
PlantVillage Internal,D:\Tomato_Disease_Research\plantvillage\Tomato__Tomato_YellowLeaf__Curl_Virus\64a82c58-8e0e-4266-8a7e-4ff38d6655df___UF.GRC_YLCV_Lab 03105.JPG,256,256,1.0,105.47920227050781,41.19900131225586,75.68104553222656,7.0599836602642245,100.62681579589844,113.14677429199219,78.72476196289062
PlantVillage Internal,D:\Tomato_Disease_Research\plantvillage\Tomato__Tomato_YellowLeaf__Curl_Virus\64d18eea-cae1-4373-9abb-ce5c15720a34___YLCV_GCREC 2441.JPG,256,256,1.0,96.05763244628906,36.01130676269531,1071.933349609375,7.15902719942637,91.55905151367188,103.53056335449219,69.37750244140625
PlantVillage Internal,D:\Tomato_Disease_Research\plantvillage\Tomato__Tomato_YellowLeaf__Curl_Virus\65314250-0d10-4f56-8592-38bb55534d4d___UF.GRC_YLCV_Lab 03206.JPG,256,256,1.0,129.2701873779297,25.320655822753906,76.43045043945312,6.522068042674006,121.4329833984375,142.84912109375,79.90605163574219
PlantVillage Internal,D:\Tomato_Disease_Research\plantvillage\Tomato__Tomato_YellowLeaf__Curl_Virus\65967e9d-4418-4ad8-9884-96732666f0ee___UF.GRC_YLCV_Lab 01296.JPG,256,256,1.0,92.65436553955078,22.89873504638672,61.18250274658203,6.523567017392745,82.22004699707031,106.9638671875,46.340179443359375
PlantVillage Internal,D:\Tomato_Disease_Research\plantvillage\Tomato__Tomato_YellowLeaf__Curl_Virus\65c2ca47-30ff-44f5-88c0-c450fc63fe9d___YLCV_GCREC 5206.JPG,256,256,1.0,106.81903076171875,40.78499984741211,1262.8807373046875,6.823901323496621,104.2965087890625,109.181396484375,101.27099609375
PlantVillage Internal,D:\Tomato_Disease_Research\plantvillage\Tomato__Tomato_YellowLeaf__Curl_Virus\65df97a6-9ca6-465d-a4c2-2f0786042700___UF.GRC_YLCV_Lab 02225.JPG,256,256,1.0,127.69001770019531,29.19736099243164,42.72425079345703,6.785361946360066,127.44453430175781,136.3190460205078,83.90194702148438
PlantVillage Internal,D:\Tomato_Disease_Research\plantvillage\Tomato__Tomato_YellowLeaf__Curl_Virus\65f3b055-4ac0-467c-85c4-e77d01c12763___YLCV_GCREC 2374.JPG,256,256,1.0,117.05364990234375,40.59929656982422,3304.42724609375,7.275743622288312,115.82554626464844,119.50257873535156,107.66493225097656
PlantVillage Internal,D:\Tomato_Disease_Research\plantvillage\Tomato__Tomato_YellowLeaf__Curl_Virus\65ff2d16-c555-4340-b091-6cbcb9e878d9___YLCV_NREC 2156.JPG,256,256,1.0,123.60255432128906,48.19471740722656,7925.6279296875,7.457344755590159,131.43263244628906,124.64012145996094,97.72309875488281
PlantVillage Internal,D:\Tomato_Disease_Research\plantvillage\Tomato__Tomato_YellowLeaf__Curl_Virus\6642faa4-851e-4bff-a8ce-3248f3dfd01b___YLCV_GCREC 2873.JPG,256,256,1.0,106.34068298339844,36.86029815673828,1075.55029296875,7.007646644817171,103.12640380859375,109.656982421875,97.695068359375
PlantVillage Internal,D:\Tomato_Disease_Research\plantvillage\Tomato__Tomato_YellowLeaf__Curl_Virus\6652e757-b4c5-452f-a36c-dc14a7a6920e___UF.GRC_YLCV_Lab 02813.JPG,256,256,1.0,150.44741821289062,29.934703826904297,93.40145874023438,6.725136239239087,144.28182983398438,160.11917114257812,116.81753540039062
PlantVillage Internal,D:\Tomato_Disease_Research\plantvillage\Tomato__Tomato_YellowLeaf__Curl_Virus\66bae4b8-716c-4e0e-a71d-f87d8e3bfa87___YLCV_GCREC 5467.JPG,256,256,1.0,101.80854797363281,44.789493560791016,3367.345458984375,7.230535519245516,99.76449584960938,106.66981506347656,82.13847351074219
PlantVillage Internal,D:\Tomato_Disease_Research\plantvillage\Tomato__Tomato_YellowLeaf__Curl_Virus\66fd44fe-22ef-41e7-9a98-d34bba8e4160___UF.GRC_YLCV_Lab 02637.JPG,256,256,1.0,140.9036865234375,34.08097839355469,117.48607635498047,6.953891112461181,135.7045440673828,150.8280029296875,103.43844604492188
PlantVillage Internal,D:\Tomato_Disease_Research\plantvillage\Tomato__Tomato_YellowLeaf__Curl_Virus\67be104d-cbf0-4ec8-9137-6d3cc1f2b9ed___YLCV_GCREC 5330.JPG,256,256,1.0,110.47187042236328,35.222042083740234,1204.8707275390625,7.096717204221328,105.13914489746094,115.24079895019531,99.90280151367188
PlantVillage Internal,D:\Tomato_Disease_Research\plantvillage\Tomato__Tomato_YellowLeaf__Curl_Virus\67d2fd78-d897-4e0c-831c-e8d373829a9f___YLCV_GCREC 2198.JPG,256,256,1.0,108.09961700439453,35.62226486206055,1773.0938720703125,7.000853403705879,101.98455810546875,115.399169921875,86.55198669433594
PlantVillage Internal,D:\Tomato_Disease_Research\plantvillage\Tomato__Tomato_YellowLeaf__Curl_Virus\685af008-4141-4707-8caa-67e21fbd17d9___UF.GRC_YLCV_Lab 02035.JPG,256,256,1.0,142.3305206298828,17.340864181518555,15.20290756225586,5.868321600264414,136.04464721679688,153.40362548828125,101.80036926269531
PlantVillage Internal,D:\Tomato_Disease_Research\plantvillage\Tomato__Tomato_YellowLeaf__Curl_Virus\6913598f-2993-4b48-bb29-de9d576a3fdc___UF.GRC_YLCV_Lab 01262.JPG,256,256,1.0,117.7015609741211,37.65544509887695,161.29603576660156,6.93885769754977,112.32940673828125,126.80999755859375,84.89126586914062
PlantVillage Internal,D:\Tomato_Disease_Research\plantvillage\Tomato__Tomato_YellowLeaf__Curl_Virus\69885c72-9f81-4a5d-87a0-2d98c435af64___YLCV_NREC 2988.JPG,256,256,1.0,100.65403747558594,39.7476921081543,2467.861328125,7.160013821856375,103.18264770507812,102.13726806640625,86.3846435546875
PlantVillage Internal,D:\Tomato_Disease_Research\plantvillage\Tomato__Tomato_YellowLeaf__Curl_Virus\699f808f-2be8-49ef-bd0b-4f6d368ed4bb___YLCV_NREC 0139.JPG,256,256,1.0,120.5399398803711,35.305267333984375,3870.380859375,7.060760122706087,124.09153747558594,121.94540405273438,103.98788452148438
PlantVillage Internal,D:\Tomato_Disease_Research\plantvillage\Tomato__Tomato_YellowLeaf__Curl_Virus\69feefca-d73a-4d18-b380-d34f37b9c35b___YLCV_NREC 0273.JPG,256,256,1.0,102.44987487792969,34.212188720703125,1706.4033203125,7.009059051546437,102.86993408203125,103.98153686523438,93.46145629882812
PlantVillage Internal,D:\Tomato_Disease_Research\plantvillage\Tomato__Tomato_YellowLeaf__Curl_Virus\6a6d3b38-0486-4131-b0c0-ca0a6bb1e889___UF.GRC_YLCV_Lab 09523.JPG,256,256,1.0,138.78977966308594,27.324634552001953,232.64602661132812,6.672912097495345,134.27232360839844,146.64303588867188,110.20075988769531
PlantVillage Internal,D:\Tomato_Disease_Research\plantvillage\Tomato__Tomato_YellowLeaf__Curl_Virus\6a9d1586-3b25-47d6-970c-b116e337d29d___YLCV_GCREC 2635.JPG,256,256,1.0,102.34661865234375,34.74055099487305,324.43792724609375,6.816045451866763,101.81387329101562,105.63601684570312,86.80635070800781
PlantVillage Internal,D:\Tomato_Disease_Research\plantvillage\Tomato__Tomato_YellowLeaf__Curl_Virus\6b13dcc6-31de-44e4-a6a6-31719f6d918d___UF.GRC_YLCV_Lab 03256.JPG,256,256,1.0,133.48846435546875,21.968599319458008,47.30290222167969,6.344353336143139,127.48072814941406,144.5585479736328,92.24436950683594
PlantVillage Internal,D:\Tomato_Disease_Research\plantvillage\Tomato__Tomato_YellowLeaf__Curl_Virus\6bc71828-8107-4cf7-9da1-54ac9f7c73da___UF.GRC_YLCV_Lab 02534.JPG,256,256,1.0,127.85435485839844,24.56036376953125,92.69062805175781,6.458476067177266,123.53736877441406,138.47618103027344,84.48387145996094
PlantVillage Internal,D:\Tomato_Disease_Research\plantvillage\Tomato__Tomato_YellowLeaf__Curl_Virus\6c0da973-414f-473f-8cb4-f280b39abb74___UF.GRC_YLCV_Lab 08524.JPG,256,256,1.0,78.45634460449219,35.08937454223633,29.57841682434082,6.979614678774778,76.11598205566406,84.55702209472656,53.18153381347656
PlantVillage Internal,D:\Tomato_Disease_Research\plantvillage\Tomato__Tomato_YellowLeaf__Curl_Virus\6d188193-8718-4851-883e-ab94593fbe40___UF.GRC_YLCV_Lab 01583.JPG,256,256,1.0,106.85331726074219,23.981964111328125,41.05430221557617,6.314187756314642,104.21632385253906,112.9593505859375,82.32901000976562
PlantVillage Internal,D:\Tomato_Disease_Research\plantvillage\Tomato__Tomato_YellowLeaf__Curl_Virus\6d391c92-65ca-4c4b-bebe-074b4132e0df___UF.GRC_YLCV_Lab 08521.JPG,256,256,1.0,119.14640045166016,22.704883575439453,33.89879608154297,6.397304848716043,114.80227661132812,128.59120178222656,81.90777587890625
PlantVillage Internal,D:\Tomato_Disease_Research\plantvillage\Tomato__Tomato_YellowLeaf__Curl_Virus\6d57c47e-8499-4b89-85a1-81e1b99c187d___UF.GRC_YLCV_Lab 09450.JPG,256,256,1.0,111.94790649414062,26.28876495361328,219.89894104003906,6.676608608985096,107.96487426757812,119.76423645019531,82.14739990234375
PlantVillage Internal,D:\Tomato_Disease_Research\plantvillage\Tomato__Tomato_YellowLeaf__Curl_Virus\6d9a72c4-5c43-4889-8faf-99fdaeb269b2___UF.GRC_YLCV_Lab 03312.JPG,256,256,1.0,113.34607696533203,36.16379165649414,55.40290451049805,7.131994310570402,110.20762634277344,120.34504699707031,85.53903198242188
PlantVillage Internal,D:\Tomato_Disease_Research\plantvillage\Tomato__Tomato_YellowLeaf__Curl_Virus\6db8de93-92cf-4e5f-927c-1f0608da33e5___YLCV_NREC 2927.JPG,256,256,1.0,101.51791381835938,43.74004364013672,2347.179931640625,7.2467170610390355,105.17268371582031,102.189208984375,88.47552490234375
PlantVillage Internal,D:\Tomato_Disease_Research\plantvillage\Tomato__Tomato_YellowLeaf__Curl_Virus\6dfd3bf5-7b49-42e8-aed8-28d36cb980ff___YLCV_GCREC 1959.JPG,256,256,1.0,100.41264343261719,44.38085174560547,4219.8896484375,7.298048757871483,98.41259765625,104.20829772949219,86.11412048339844
PlantVillage Internal,D:\Tomato_Disease_Research\plantvillage\Tomato__Tomato_YellowLeaf__Curl_Virus\6e33481e-7f04-40c1-8fc1-96304e85ff50___YLCV_GCREC 2187.JPG,256,256,1.0,102.63743591308594,41.75841522216797,3222.744140625,7.210716314277111,99.36900329589844,107.50390625,86.15185546875
PlantVillage Internal,D:\Tomato_Disease_Research\plantvillage\Tomato__Tomato_YellowLeaf__Curl_Virus\6e345153-aed9-4879-a2cc-24f9dc5100e7___UF.GRC_YLCV_Lab 01798.JPG,256,256,1.0,143.5264892578125,24.486495971679688,261.49554443359375,6.490285364838289,136.76524353027344,157.1880645751953,90.91484069824219
PlantVillage Internal,D:\Tomato_Disease_Research\plantvillage\Tomato__Tomato_YellowLeaf__Curl_Virus\6e3b9886-ce13-49d5-8f80-ccf4e5ddbeac___YLCV_GCREC 5479.JPG,256,256,1.0,114.1077880859375,44.424964904785156,3697.70947265625,7.2016667772346725,115.37480163574219,118.16595458984375,89.88865661621094
PlantVillage Internal,D:\Tomato_Disease_Research\plantvillage\Tomato__Tomato_YellowLeaf__Curl_Virus\6e8d8b47-3b4b-4ce7-94d0-8fdda2241699___YLCV_GCREC 2156.JPG,256,256,1.0,107.46894836425781,47.19687271118164,5141.62109375,7.44347875938862,102.69320678710938,112.78277587890625,92.63327026367188
PlantVillage Internal,D:\Tomato_Disease_Research\plantvillage\Tomato__Tomato_YellowLeaf__Curl_Virus\6eea288a-b8e5-4841-a305-f9f234ba48ba___UF.GRC_YLCV_Lab 08484.JPG,256,256,1.0,148.92584228515625,24.899213790893555,66.40089416503906,6.487074253536055,145.71087646484375,155.9886474609375,120.99072265625
PlantVillage Internal,D:\Tomato_Disease_Research\plantvillage\Tomato__Tomato_YellowLeaf__Curl_Virus\6f086bab-e275-4394-9082-2f0e77bd109c___YLCV_NREC 0164.JPG,256,256,1.0,104.47177124023438,34.89625549316406,1483.183837890625,7.125019196496192,105.42176818847656,107.21185302734375,87.87112426757812
PlantVillage Internal,D:\Tomato_Disease_Research\plantvillage\Tomato__Tomato_YellowLeaf__Curl_Virus\6fd9ffe1-8d25-4f44-a1bc-cb5f7c3795d3___UF.GRC_YLCV_Lab 09399.JPG,256,256,1.0,129.54310607910156,31.498231887817383,56.87556457519531,6.899069003033196,123.13031005859375,140.4789276123047,90.05271911621094
PlantVillage Internal,D:\Tomato_Disease_Research\plantvillage\Tomato__Tomato_YellowLeaf__Curl_Virus\709a8acc-35e1-450b-844c-46bbe6cab281___YLCV_NREC 0252.JPG,256,256,1.0,105.06655883789062,33.67231750488281,4037.3837890625,7.053429252811485,104.69190979003906,107.40023803710938,94.03274536132812
PlantVillage Internal,D:\Tomato_Disease_Research\plantvillage\Tomato__Tomato_YellowLeaf__Curl_Virus\70ab203d-cd1d-4c84-a960-e774419212bc___YLCV_NREC 2096.JPG,256,256,1.0,109.52302551269531,43.83329391479492,2386.44580078125,7.224540205383629,114.32925415039062,110.03631591796875,94.27420043945312
PlantVillage Internal,D:\Tomato_Disease_Research\plantvillage\Tomato__Tomato_YellowLeaf__Curl_Virus\711bb3ff-a4d2-4f24-b8f8-6b5e3cbe6cbd___YLCV_NREC 2822.JPG,256,256,1.0,106.13028717041016,33.99776077270508,2835.310791015625,7.077373518666705,115.12217712402344,105.23292541503906,87.16693115234375
PlantVillage Internal,D:\Tomato_Disease_Research\plantvillage\Tomato__Tomato_YellowLeaf__Curl_Virus\71854615-7918-4b3a-bb7d-16c8039bf21c___YLCV_GCREC 5473.JPG,256,256,1.0,110.72958374023438,42.24396514892578,3535.066650390625,7.119488777017043,112.43115234375,114.404052734375,87.34646606445312
PlantVillage Internal,D:\Tomato_Disease_Research\plantvillage\Tomato__Tomato_YellowLeaf__Curl_Virus\71bf15ef-4ea3-41b6-be93-f8c882784fee___YLCV_GCREC 2001.JPG,256,256,1.0,118.52622985839844,40.922115325927734,2881.5146484375,7.122117757995865,116.68055725097656,125.51948547363281,87.35784912109375
PlantVillage Internal,D:\Tomato_Disease_Research\plantvillage\Tomato__Tomato_YellowLeaf__Curl_Virus\729f6377-6b1e-4c36-be2f-79fb20649fda___YLCV_NREC 0300.JPG,256,256,1.0,108.61691284179688,31.058868408203125,3949.58544921875,6.977455909328695,110.93780517578125,111.04209899902344,90.04203796386719
PlantVillage Internal,D:\Tomato_Disease_Research\plantvillage\Tomato__Tomato_YellowLeaf__Curl_Virus\7343d20e-8f1b-4606-a05a-d6fd92fe292e___YLCV_GCREC 1941.JPG,256,256,1.0,98.46951293945312,36.15541458129883,1926.4281005859375,7.085099744993286,94.73883056640625,101.43646240234375,92.97723388671875
PlantVillage Internal,D:\Tomato_Disease_Research\plantvillage\Tomato__Tomato_YellowLeaf__Curl_Virus\735de814-ec86-4a2e-b523-e5d5542aff2b___YLCV_GCREC 2490.JPG,256,256,1.0,97.82606506347656,38.042808532714844,1778.875,7.158730143776653,92.97293090820312,103.15924072265625,83.09375
PlantVillage Internal,D:\Tomato_Disease_Research\plantvillage\Tomato__Tomato_YellowLeaf__Curl_Virus\73734f51-843b-4355-b16d-be9a22f65ab5___YLCV_GCREC 2256.JPG,256,256,1.0,104.790283203125,48.590389251708984,6672.095703125,7.4206137251659445,103.67547607421875,108.24832153320312,89.90834045410156
PlantVillage Internal,D:\Tomato_Disease_Research\plantvillage\Tomato__Tomato_YellowLeaf__Curl_Virus\7391c09a-47dc-4dba-85b0-65e137db7977___YLCV_GCREC 2216.JPG,256,256,1.0,95.96018981933594,32.230045318603516,626.7522583007812,6.942922320239156,91.63264465332031,99.54627990722656,88.84532165527344
PlantVillage Internal,D:\Tomato_Disease_Research\plantvillage\Tomato__Tomato_YellowLeaf__Curl_Virus\73c34aa9-61a0-43e5-b01e-ddab0ee2583b___UF.GRC_YLCV_Lab 02762.JPG,256,256,1.0,121.5459213256836,32.01792526245117,73.98420715332031,6.9500394806163674,116.31062316894531,130.55079650878906,88.90988159179688
PlantVillage Internal,D:\Tomato_Disease_Research\plantvillage\Tomato__Tomato_YellowLeaf__Curl_Virus\7429dac6-3f02-4530-a856-63095e8644df___YLCV_NREC 0082.JPG,256,256,1.0,118.6806640625,36.20168685913086,4351.548828125,7.008574420329472,125.27105712890625,117.46298217773438,107.66535949707031
PlantVillage Internal,D:\Tomato_Disease_Research\plantvillage\Tomato__Tomato_YellowLeaf__Curl_Virus\744f2065-261d-42be-87ec-de81a39df65d___UF.GRC_YLCV_Lab 02577.JPG,256,256,1.0,134.8323516845703,30.10988426208496,150.9876708984375,6.819704319965026,129.55258178710938,144.30130004882812,99.92340087890625
PlantVillage Internal,D:\Tomato_Disease_Research\plantvillage\Tomato__Tomato_YellowLeaf__Curl_Virus\74cffc72-a8cf-4cce-b18c-8610ad39d3f3___YLCV_GCREC 5506.JPG,256,256,1.0,101.89222717285156,40.435508728027344,976.32470703125,7.092280220905451,97.1214599609375,106.38233947753906,91.28488159179688
PlantVillage Internal,D:\Tomato_Disease_Research\plantvillage\Tomato__Tomato_YellowLeaf__Curl_Virus\74dafee0-94a5-4e07-9b04-c85f4cd9928a___YLCV_NREC 2243.JPG,256,256,1.0,125.25396728515625,51.14457702636719,6685.0107421875,7.44049622570814,133.12973022460938,125.19200134277344,104.91648864746094
PlantVillage Internal,D:\Tomato_Disease_Research\plantvillage\Tomato__Tomato_YellowLeaf__Curl_Virus\758cc68d-9222-47b0-bf54-29f1d131ecdc___UF.GRC_YLCV_Lab 02593.JPG,256,256,1.0,125.8707046508789,29.11009407043457,65.71208190917969,6.723449167704431,122.04768371582031,137.4971923828125,76.03147888183594
PlantVillage Internal,D:\Tomato_Disease_Research\plantvillage\Tomato__Tomato_YellowLeaf__Curl_Virus\75b2e6cc-9a7d-42b8-b6d8-73532f0503bb___YLCV_NREC 2366.JPG,256,256,1.0,108.95958709716797,39.430660247802734,4427.09228515625,7.155966273845949,114.34585571289062,108.27580261230469,98.35328674316406
PlantVillage Internal,D:\Tomato_Disease_Research\plantvillage\Tomato__Tomato_YellowLeaf__Curl_Virus\75c01936-f1e8-4e56-a08d-69e730835320___UF.GRC_YLCV_Lab 02072.JPG,256,256,1.0,129.92141723632812,17.910476684570312,23.491485595703125,5.7264914564431795,124.54708862304688,136.75660705566406,108.82200622558594
PlantVillage Internal,D:\Tomato_Disease_Research\plantvillage\Tomato__Tomato_YellowLeaf__Curl_Virus\75fc3b85-0b18-46a3-8c42-5f3c5581111d___UF.GRC_YLCV_Lab 09521.JPG,256,256,1.0,127.946533203125,26.600475311279297,166.78843688964844,6.701201499187977,125.4822998046875,134.07566833496094,102.85008239746094
PlantVillage Internal,D:\Tomato_Disease_Research\plantvillage\Tomato__Tomato_YellowLeaf__Curl_Virus\7659846e-0003-42bc-ba6f-d553ea1971b3___UF.GRC_YLCV_Lab 01644.JPG,256,256,1.0,132.112548828125,31.586706161499023,122.83512878417969,6.466383594016665,128.1976318359375,138.29461669921875,110.54840087890625
PlantVillage Internal,D:\Tomato_Disease_Research\plantvillage\Tomato__Tomato_YellowLeaf__Curl_Virus\776610c8-77d3-4dbb-91e5-232aa475508a___UF.GRC_YLCV_Lab 01476.JPG,256,256,1.0,117.37618255615234,34.6674690246582,49.817012786865234,6.694574445008689,109.60494995117188,127.15174865722656,87.42303466796875
PlantVillage Internal,D:\Tomato_Disease_Research\plantvillage\Tomato__Tomato_YellowLeaf__Curl_Virus\77d772ea-629a-4a67-80ad-31dbf721118e___YLCV_GCREC 2138.JPG,256,256,1.0,92.94755554199219,36.94384765625,1464.05224609375,7.074510355243934,88.78353881835938,96.84808349609375,83.78469848632812
PlantVillage Internal,D:\Tomato_Disease_Research\plantvillage\Tomato__Tomato_YellowLeaf__Curl_Virus\77eaf955-9ae7-4dc7-8fca-5746faa341d2___YLCV_GCREC 5196.JPG,256,256,1.0,125.4442138671875,48.29346466064453,4331.978515625,7.229261030834172,130.9966583251953,127.3111572265625,101.26803588867188
PlantVillage Internal,D:\Tomato_Disease_Research\plantvillage\Tomato__Tomato_YellowLeaf__Curl_Virus\780812ad-50f2-41b2-96ca-d3af691e970c___YLCV_NREC 0233.JPG,256,256,1.0,126.07257080078125,32.00190353393555,453.31939697265625,6.783865774941649,127.44259643554688,128.2222137451172,111.41044616699219
PlantVillage Internal,D:\Tomato_Disease_Research\plantvillage\Tomato__Tomato_YellowLeaf__Curl_Virus\785b8aa5-f6e9-4e47-8b65-28d32572912e___UF.GRC_YLCV_Lab 02386.JPG,256,256,1.0,124.57967376708984,38.65940475463867,26.34649658203125,7.178000504872476,117.92300415039062,134.54307556152344,90.73600769042969
PlantVillage Internal,D:\Tomato_Disease_Research\plantvillage\Tomato__Tomato_YellowLeaf__Curl_Virus\78d86bb7-9329-4148-84fe-63b734e7c4c8___UF.GRC_YLCV_Lab 08421.JPG,256,256,1.0,107.64151000976562,21.340606689453125,53.406494140625,6.439063138923006,103.86172485351562,115.42190551757812,77.49299621582031
PlantVillage Internal,D:\Tomato_Disease_Research\plantvillage\Tomato__Tomato_YellowLeaf__Curl_Virus\7968cd62-7006-4eb4-b2d8-66275168a0a4___UF.GRC_YLCV_Lab 02893.JPG,256,256,1.0,133.5325927734375,21.810861587524414,83.75473022460938,6.426953966090343,130.84249877929688,141.4966583251953,99.58024597167969
PlantVillage Internal,D:\Tomato_Disease_Research\plantvillage\Tomato__Tomato_YellowLeaf__Curl_Virus\798f86b0-5b10-4dc8-9ab3-4aeceae6ab97___UF.GRC_YLCV_Lab 02723.JPG,256,256,1.0,131.73175048828125,25.131410598754883,56.42936706542969,6.429321865591737,124.18572998046875,141.92124938964844,99.056396484375
PlantVillage Internal,D:\Tomato_Disease_Research\plantvillage\Tomato__Tomato_YellowLeaf__Curl_Virus\7a248c72-1dae-4532-b083-b0bee802cb4b___UF.GRC_YLCV_Lab 01722.JPG,256,256,1.0,109.07443237304688,38.96868896484375,291.685791015625,7.1518164857935265,99.64520263671875,119.97148132324219,77.6951904296875
PlantVillage Internal,D:\Tomato_Disease_Research\plantvillage\Tomato__Tomato_YellowLeaf__Curl_Virus\7a26d2bb-63e3-4a2f-916d-bd587156c1af___YLCV_NREC 2295.JPG,256,256,1.0,124.41323852539062,44.26557540893555,5307.53759765625,7.352241528809687,128.7123260498047,126.19093322753906,103.98396301269531
PlantVillage Internal,D:\Tomato_Disease_Research\plantvillage\Tomato__Tomato_YellowLeaf__Curl_Virus\7a34ec0c-86d7-4894-96bb-985c14982d56___UF.GRC_YLCV_Lab 02113.JPG,256,256,1.0,112.80949401855469,28.444313049316406,16.57760238647461,6.488531039136438,107.19758605957031,119.64457702636719,92.33375549316406
PlantVillage Internal,D:\Tomato_Disease_Research\plantvillage\Tomato__Tomato_YellowLeaf__Curl_Virus\7a9408d7-125d-46b4-b028-97de2f8901e0___YLCV_GCREC 2404.JPG,256,256,1.0,98.59770965576172,32.401424407958984,3738.37451171875,7.0388515086116925,94.39521789550781,105.26316833496094,75.29875183105469
PlantVillage Internal,D:\Tomato_Disease_Research\plantvillage\Tomato__Tomato_YellowLeaf__Curl_Virus\7b206111-3fcc-489b-bc9f-e1489bff2fb2___YLCV_NREC 2941.JPG,256,256,1.0,103.77017211914062,40.15968322753906,2792.06884765625,7.238204207627987,107.12319946289062,105.20599365234375,87.58258056640625
PlantVillage Internal,D:\Tomato_Disease_Research\plantvillage\Tomato__Tomato_YellowLeaf__Curl_Virus\7b74581c-7731-475c-9bd0-ca07d5cbf6cc___UF.GRC_YLCV_Lab 02675.JPG,256,256,1.0,119.72642517089844,32.79318618774414,143.01040649414062,6.952818230467587,113.42530822753906,132.96810913085938,68.06997680664062
PlantVillage Internal,D:\Tomato_Disease_Research\plantvillage\Tomato__Tomato_YellowLeaf__Curl_Virus\7bc2321e-e0e8-4eb0-ad9b-3bfee62d3c7d___YLCV_GCREC 2638.JPG,256,256,1.0,90.00049591064453,38.54698181152344,1344.426025390625,6.942663874073903,85.42588806152344,94.57090759277344,78.4652099609375
PlantVillage Internal,D:\Tomato_Disease_Research\plantvillage\Tomato__Tomato_YellowLeaf__Curl_Virus\7beb814a-9589-4d25-be33-bec83d4b3d82___YLCV_GCREC 2701.JPG,256,256,1.0,82.25509643554688,34.852569580078125,1208.087646484375,7.08491544848762,80.63554382324219,84.92472839355469,72.75662231445312
PlantVillage Internal,D:\Tomato_Disease_Research\plantvillage\Tomato__Tomato_YellowLeaf__Curl_Virus\7c56b8b1-8652-4f5d-afac-7ccc4e7354d4___YLCV_NREC 2753.JPG,256,256,1.0,94.3714370727539,41.26115798950195,4846.041015625,7.339022158256134,97.71318054199219,95.45010375976562,80.05244445800781
PlantVillage Internal,D:\Tomato_Disease_Research\plantvillage\Tomato__Tomato_YellowLeaf__Curl_Virus\7ca59adf-902b-4c6f-914d-e1ead426c8ab___YLCV_GCREC 5171.JPG,256,256,1.0,108.58413696289062,44.36737823486328,3311.661865234375,7.217831943324689,112.49613952636719,110.30177307128906,89.47944641113281
PlantVillage Internal,D:\Tomato_Disease_Research\plantvillage\Tomato__Tomato_YellowLeaf__Curl_Virus\7cf516ee-327e-40a6-810b-7c08ea57f825___UF.GRC_YLCV_Lab 02062.JPG,256,256,1.0,147.61456298828125,18.060806274414062,44.15126037597656,5.686169886230392,143.53916931152344,155.7555389404297,116.38462829589844
PlantVillage Internal,D:\Tomato_Disease_Research\plantvillage\Tomato__Tomato_YellowLeaf__Curl_Virus\7d50b11c-ef8d-4fad-b230-a1bfeac18b76___YLCV_NREC 2304.JPG,256,256,1.0,121.23939514160156,54.40273666381836,5810.609375,7.537474794920738,126.57102966308594,123.00123596191406,98.18356323242188
PlantVillage Internal,D:\Tomato_Disease_Research\plantvillage\Tomato__Tomato_YellowLeaf__Curl_Virus\7d85c8c9-a4fa-4241-9de5-dd9959ea7a62___UF.GRC_YLCV_Lab 01726.JPG,256,256,1.0,138.11386108398438,24.326814651489258,37.56950378417969,6.457255463364157,127.34431457519531,150.94293212890625,100.30177307128906
PlantVillage Internal,D:\Tomato_Disease_Research\plantvillage\Tomato__Tomato_YellowLeaf__Curl_Virus\7d9f3295-09b4-47d7-9428-a7c51581dfb1___UF.GRC_YLCV_Lab 01581.JPG,256,256,1.0,131.44580078125,24.995426177978516,124.92144775390625,6.396237912205644,127.84934997558594,140.9247283935547,92.0704345703125
PlantVillage Internal,D:\Tomato_Disease_Research\plantvillage\Tomato__Tomato_YellowLeaf__Curl_Virus\7dd9970f-caea-4d86-9b4f-0347d34542ac___UF.GRC_YLCV_Lab 09553.JPG,256,256,1.0,105.30643463134766,32.139076232910156,75.28840637207031,6.991687525713137,102.13478088378906,114.00950622558594,68.81187438964844
PlantVillage Internal,D:\Tomato_Disease_Research\plantvillage\Tomato__Tomato_YellowLeaf__Curl_Virus\7e3bc5f6-9890-4e2e-90a3-cd394eedb6c5___YLCV_NREC 2412.JPG,256,256,1.0,117.43696594238281,52.86954116821289,5708.2841796875,7.47787067606658,123.23873901367188,118.29499816894531,97.80195617675781
PlantVillage Internal,D:\Tomato_Disease_Research\plantvillage\Tomato__Tomato_YellowLeaf__Curl_Virus\7e67552a-5636-483a-9f95-593b214949d6___UF.GRC_YLCV_Lab 03022.JPG,256,256,1.0,126.6244125366211,17.365129470825195,203.43728637695312,6.007215364691969,116.48890686035156,140.2150421142578,83.22810363769531
PlantVillage Internal,D:\Tomato_Disease_Research\plantvillage\Tomato__Tomato_YellowLeaf__Curl_Virus\80274194-0aa0-48a1-add7-48c8d728300c___YLCV_NREC 0144.JPG,256,256,1.0,109.56254577636719,33.542945861816406,2866.61767578125,7.036643550842701,112.367431640625,111.03285217285156,94.6351318359375
PlantVillage Internal,D:\Tomato_Disease_Research\plantvillage\Tomato__Tomato_YellowLeaf__Curl_Virus\806bd381-98ef-4a06-a1ed-65d9cc44f3c7___UF.GRC_YLCV_Lab 02006.JPG,256,256,1.0,120.4796371459961,29.665510177612305,25.232471466064453,6.517073442443496,115.52456665039062,131.3405303955078,77.55171203613281
PlantVillage Internal,D:\Tomato_Disease_Research\plantvillage\Tomato__Tomato_YellowLeaf__Curl_Virus\80a9f9a9-1868-44fd-9faa-071c58d55d97___UF.GRC_YLCV_Lab 02556.JPG,256,256,1.0,104.81103515625,24.176244735717773,102.656982421875,6.538843662345808,99.03785705566406,111.81298828125,83.8990478515625
PlantVillage Internal,D:\Tomato_Disease_Research\plantvillage\Tomato__Tomato_YellowLeaf__Curl_Virus\80eb3da8-47d7-44b0-8114-657da432cf9d___UF.GRC_YLCV_Lab 01723.JPG,256,256,1.0,93.80606842041016,28.93250274658203,82.90898132324219,6.849167226929155,84.51544189453125,104.60957336425781,62.54499816894531
PlantVillage Internal,D:\Tomato_Disease_Research\plantvillage\Tomato__Tomato_YellowLeaf__Curl_Virus\81430658-7687-4bdc-9b1c-f2563606d304___YLCV_NREC 0097.JPG,256,256,1.0,108.66690826416016,38.649295806884766,4280.3251953125,7.171572825770754,110.29794311523438,110.7071533203125,93.88357543945312
PlantVillage Internal,D:\Tomato_Disease_Research\plantvillage\Tomato__Tomato_YellowLeaf__Curl_Virus\8154ab08-737d-49c5-83f3-b01cb6aa767a___YLCV_GCREC 2646.JPG,256,256,1.0,89.97540283203125,35.030967712402344,825.5009155273438,7.034791733434918,88.95146179199219,93.00645446777344,77.05369567871094
PlantVillage Internal,D:\Tomato_Disease_Research\plantvillage\Tomato__Tomato_YellowLeaf__Curl_Virus\81a7b0d8-0e23-474e-8e3a-1d133a52de97___YLCV_GCREC 2575.JPG,256,256,1.0,93.58277130126953,36.56541061401367,3506.514892578125,7.180342896065969,91.71064758300781,97.66293334960938,77.48368835449219
PlantVillage Internal,D:\Tomato_Disease_Research\plantvillage\Tomato__Tomato_YellowLeaf__Curl_Virus\82c706b4-04f5-48bf-b509-8e7a890d0950___YLCV_GCREC 2370.JPG,256,256,1.0,110.19390106201172,40.62633514404297,10331.9052734375,7.3796166757730255,108.43409729003906,113.26878356933594,98.97660827636719
PlantVillage Internal,D:\Tomato_Disease_Research\plantvillage\Tomato__Tomato_YellowLeaf__Curl_Virus\82c9f4ee-648c-4f54-aac0-dd2062636163___YLCV_NREC 2455.JPG,256,256,1.0,121.61087036132812,57.03718566894531,4590.97314453125,7.395165097086439,128.25094604492188,122.43968200683594,99.92759704589844
PlantVillage Internal,D:\Tomato_Disease_Research\plantvillage\Tomato__Tomato_YellowLeaf__Curl_Virus\8354d154-a610-462a-865a-83b2fb5055f4___YLCV_NREC 2966.JPG,256,256,1.0,111.32891845703125,45.877986907958984,2751.6015625,7.15012859232856,115.98916625976562,111.46540832519531,98.4031982421875
PlantVillage Internal,D:\Tomato_Disease_Research\plantvillage\Tomato__Tomato_YellowLeaf__Curl_Virus\836fddc3-3cc3-4134-bd57-c636f75b40f2___UF.GRC_YLCV_Lab 02510.JPG,256,256,1.0,113.07241821289062,28.92740249633789,205.40057373046875,6.827797645740253,103.28248596191406,124.91055297851562,77.7935791015625
PlantVillage Internal,D:\Tomato_Disease_Research\plantvillage\Tomato__Tomato_YellowLeaf__Curl_Virus\83bb32e9-e353-413c-962d-0f20eba56dff___YLCV_NREC 2443.JPG,256,256,1.0,108.13407135009766,45.761878967285156,7671.423828125,7.347389932990279,112.11083984375,109.6668701171875,89.81117248535156
PlantVillage Internal,D:\Tomato_Disease_Research\plantvillage\Tomato__Tomato_YellowLeaf__Curl_Virus\83e4763b-21ad-4834-8d9e-1555f4d295c7___UF.GRC_YLCV_Lab 03047.JPG,256,256,1.0,114.36442565917969,31.740140914916992,70.76594543457031,6.788813257856687,108.32382202148438,124.75196838378906,76.7210693359375
PlantVillage Internal,D:\Tomato_Disease_Research\plantvillage\Tomato__Tomato_YellowLeaf__Curl_Virus\8486dc84-3cec-4289-8c8f-73e651c564e9___YLCV_NREC 2051.JPG,256,256,1.0,128.15579223632812,54.112709045410156,4569.67724609375,7.326168955906813,131.897705078125,129.77293395996094,110.01460266113281
PlantVillage Internal,D:\Tomato_Disease_Research\plantvillage\Tomato__Tomato_YellowLeaf__Curl_Virus\853a1beb-80b1-4fcd-87c6-1668bfa0c92d___UF.GRC_YLCV_Lab 01428.JPG,256,256,1.0,118.29785919189453,27.387113571166992,34.41242980957031,6.624597804822331,113.17483520507812,127.62911987304688,83.68672180175781
PlantVillage Internal,D:\Tomato_Disease_Research\plantvillage\Tomato__Tomato_YellowLeaf__Curl_Virus\8602323f-a327-4c3b-832b-9343db6bafab___UF.GRC_YLCV_Lab 02516.JPG,256,256,1.0,101.35348510742188,36.6154899597168,169.91897583007812,7.0295627930952955,93.82313537597656,111.22734069824219,70.26248168945312
PlantVillage Internal,D:\Tomato_Disease_Research\plantvillage\Tomato__Tomato_YellowLeaf__Curl_Virus\86089870-b24b-4509-abc3-f6c50fd07e49___UF.GRC_YLCV_Lab 01677.JPG,256,256,1.0,145.58343505859375,48.99711227416992,220.19708251953125,7.408511904039596,140.5576629638672,153.2570343017578,119.25263977050781
PlantVillage Internal,D:\Tomato_Disease_Research\plantvillage\Tomato__Tomato_YellowLeaf__Curl_Virus\863f9d76-da10-4542-86b2-535e55139f5d___UF.GRC_YLCV_Lab 01846.JPG,256,256,1.0,124.54421997070312,38.49696731567383,202.5885772705078,6.999113035951469,121.18904113769531,132.13607788085938,94.25276184082031
PlantVillage Internal,D:\Tomato_Disease_Research\plantvillage\Tomato__Tomato_YellowLeaf__Curl_Virus\8675f924-c2d3-4586-9f4d-273fe490af8b___UF.GRC_YLCV_Lab 01435.JPG,256,256,1.0,125.04995727539062,24.458024978637695,265.103515625,6.50944916937625,119.5830078125,134.0589141845703,93.00050354003906
PlantVillage Internal,D:\Tomato_Disease_Research\plantvillage\Tomato__Tomato_YellowLeaf__Curl_Virus\86a5fa01-e58a-471c-a8ea-dd567ba5f26b___YLCV_GCREC 2328.JPG,256,256,1.0,98.1988525390625,43.88978958129883,1841.5660400390625,7.01245911615654,98.51611328125,100.17987060546875,87.16621398925781
PlantVillage Internal,D:\Tomato_Disease_Research\plantvillage\Tomato__Tomato_YellowLeaf__Curl_Virus\87a0203e-4e4a-4078-b202-a755983743d7___YLCV_NREC 2984.JPG,256,256,1.0,96.45000457763672,43.13691329956055,2186.239990234375,7.35042637497194,99.24632263183594,97.624755859375,83.06683349609375
PlantVillage Internal,D:\Tomato_Disease_Research\plantvillage\Tomato__Tomato_YellowLeaf__Curl_Virus\87a0b79c-e258-47cb-8b47-7b1393b132c4___UF.GRC_YLCV_Lab 01430.JPG,256,256,1.0,118.18411254882812,27.4070987701416,254.1560516357422,6.717130544083751,111.08657836914062,128.29473876953125,84.73870849609375
PlantVillage Internal,D:\Tomato_Disease_Research\plantvillage\Tomato__Tomato_YellowLeaf__Curl_Virus\87acc23d-cbbb-42ed-943b-5a138beff815___UF.GRC_YLCV_Lab 02119.JPG,256,256,1.0,182.00013732910156,21.19246482849121,20.902524948120117,5.717688942964331,174.5712127685547,189.7550048828125,161.55406188964844
PlantVillage Internal,D:\Tomato_Disease_Research\plantvillage\Tomato__Tomato_YellowLeaf__Curl_Virus\87fd49d2-d1b0-4e33-9443-1de82d2c19a1___YLCV_GCREC 2620.JPG,256,256,1.0,104.04163360595703,26.759971618652344,372.6943359375,6.695529557547288,103.31900024414062,108.35978698730469,83.70222473144531
PlantVillage Internal,D:\Tomato_Disease_Research\plantvillage\Tomato__Tomato_YellowLeaf__Curl_Virus\884c75d8-4cb8-40d3-9730-8ece772595a0___UF.GRC_YLCV_Lab 09537.JPG,256,256,1.0,121.86492919921875,36.751216888427734,477.2769470214844,7.021769259493472,115.09786987304688,130.66819763183594,94.28446960449219
PlantVillage Internal,D:\Tomato_Disease_Research\plantvillage\Tomato__Tomato_YellowLeaf__Curl_Virus\887aa630-362e-431a-83be-8abac44a76e9___UF.GRC_YLCV_Lab 03099.JPG,256,256,1.0,116.88629150390625,24.412189483642578,267.37451171875,6.593411632896368,108.8572998046875,128.0319366455078,80.55447387695312
PlantVillage Internal,D:\Tomato_Disease_Research\plantvillage\Tomato__Tomato_YellowLeaf__Curl_Virus\888611a3-a785-48c5-9df6-d5e39797b71b___UF.GRC_YLCV_Lab 03370.JPG,256,256,1.0,110.89298248291016,26.398727416992188,48.074729919433594,6.687917564956974,106.41647338867188,120.0921630859375,75.26631164550781
PlantVillage Internal,D:\Tomato_Disease_Research\plantvillage\Tomato__Tomato_YellowLeaf__Curl_Virus\88c73321-cfb7-4118-84ed-a03282bb27bb___YLCV_NREC 2077.JPG,256,256,1.0,129.59088134765625,54.94459533691406,5579.4912109375,7.487057318489146,135.19259643554688,130.14755249023438,112.03218078613281
PlantVillage Internal,D:\Tomato_Disease_Research\plantvillage\Tomato__Tomato_YellowLeaf__Curl_Virus\88d97e45-8b32-4267-be07-60faaa1fc0bc___YLCV_NREC 2585.JPG,256,256,1.0,118.38567352294922,49.87089157104492,7153.3603515625,7.452052842464339,124.59980773925781,118.65132141113281,100.71928405761719
PlantVillage Internal,D:\Tomato_Disease_Research\plantvillage\Tomato__Tomato_YellowLeaf__Curl_Virus\89de7ddc-d78b-44fb-b1e5-80333e62ee33___UF.GRC_YLCV_Lab 02285.JPG,256,256,1.0,112.54011535644531,24.004314422607422,103.22572326660156,6.47826191609037,105.28324890136719,123.91339111328125,73.01107788085938
PlantVillage Internal,D:\Tomato_Disease_Research\plantvillage\Tomato__Tomato_YellowLeaf__Curl_Virus\89fe420f-3f9a-4b1a-b19d-f866dfd0800a___UF.GRC_YLCV_Lab 01955.JPG,256,256,1.0,122.28507995605469,36.97624588012695,45.196022033691406,7.032479921760668,119.48480224609375,131.12718200683594,84.10067749023438
PlantVillage Internal,D:\Tomato_Disease_Research\plantvillage\Tomato__Tomato_YellowLeaf__Curl_Virus\8a03e1c8-738e-4bb2-90ef-12f37f9d7eaf___YLCV_GCREC 2336.JPG,256,256,1.0,98.13678741455078,35.27756881713867,3471.95947265625,7.120465608186419,96.8466796875,100.29971313476562,90.38330078125
PlantVillage Internal,D:\Tomato_Disease_Research\plantvillage\Tomato__Tomato_YellowLeaf__Curl_Virus\8a72f728-8a36-4e96-bcfc-da5a04626338___UF.GRC_YLCV_Lab 02417.JPG,256,256,1.0,129.15396118164062,27.295055389404297,340.26129150390625,6.647177342608401,124.95402526855469,139.5518798828125,86.62936401367188
PlantVillage Internal,D:\Tomato_Disease_Research\plantvillage\Tomato__Tomato_YellowLeaf__Curl_Virus\8ae297ec-545c-467f-89f2-910b293fb9d0___UF.GRC_YLCV_Lab 01567.JPG,256,256,1.0,131.03555297851562,25.79290008544922,161.09945678710938,6.241870402740253,127.15882873535156,139.73367309570312,96.41575622558594
PlantVillage Internal,D:\Tomato_Disease_Research\plantvillage\Tomato__Tomato_YellowLeaf__Curl_Virus\8aeacb4f-d041-42b1-8c66-064bb11f1f2f___YLCV_GCREC 5389.JPG,256,256,1.0,95.3084487915039,34.149169921875,674.9561767578125,7.0571543713063,91.8330078125,99.02891540527344,85.26675415039062
PlantVillage Internal,D:\Tomato_Disease_Research\plantvillage\Tomato__Tomato_YellowLeaf__Curl_Virus\8b86b5db-2e9c-4fea-ae82-8aae2b3e4e7f___UF.GRC_YLCV_Lab 03235.JPG,256,256,1.0,109.04043579101562,32.783329010009766,206.34046936035156,6.98326975103253,104.69720458984375,115.87748718261719,85.22709655761719
PlantVillage Internal,D:\Tomato_Disease_Research\plantvillage\Tomato__Tomato_YellowLeaf__Curl_Virus\8bf1c6d4-b64e-4a94-a4de-c177fff111ce___UF.GRC_YLCV_Lab 09545.JPG,256,256,1.0,101.92758178710938,26.24884033203125,65.77381896972656,6.703182046635801,95.00331115722656,111.87364196777344,68.87510681152344
PlantVillage Internal,D:\Tomato_Disease_Research\plantvillage\Tomato__Tomato_YellowLeaf__Curl_Virus\8c1749b7-93d3-44fc-8f4a-78549b48c5fe___YLCV_GCREC 2699.JPG,256,256,1.0,95.06544494628906,43.04323959350586,1176.805908203125,7.191154489357535,93.601806640625,97.69625854492188,85.35787963867188
PlantVillage Internal,D:\Tomato_Disease_Research\plantvillage\Tomato__Tomato_YellowLeaf__Curl_Virus\8c179530-6991-422e-a933-da6d727aac82___UF.GRC_YLCV_Lab 01466.JPG,256,256,1.0,122.98255920410156,22.194257736206055,148.2625274658203,6.2914638425827745,115.62844848632812,134.37759399414062,83.59649658203125
PlantVillage Internal,D:\Tomato_Disease_Research\plantvillage\Tomato__Tomato_YellowLeaf__Curl_Virus\8c50b980-50f8-48db-9e96-f15a229f259c___YLCV_NREC 2655.JPG,256,256,1.0,105.53007507324219,49.904598236083984,8914.74609375,7.492660985611398,111.91798400878906,106.95545959472656,81.43635559082031
PlantVillage Internal,D:\Tomato_Disease_Research\plantvillage\Tomato__Tomato_YellowLeaf__Curl_Virus\8c5fa2c2-8748-4798-a8b8-bbe0b3409cb9___UF.GRC_YLCV_Lab 03176.JPG,256,256,1.0,92.20492553710938,38.106258392333984,38.694976806640625,7.030519541871531,87.37690734863281,99.55140686035156,67.03988647460938
PlantVillage Internal,D:\Tomato_Disease_Research\plantvillage\Tomato__Tomato_YellowLeaf__Curl_Virus\8c89465d-6cb8-44a4-a537-645ecc8b0b4b___YLCV_NREC 0291.JPG,256,256,1.0,115.54811096191406,34.934383392333984,1208.319580078125,6.897907727415854,116.3280029296875,117.30975341796875,104.43171691894531
PlantVillage Internal,D:\Tomato_Disease_Research\plantvillage\Tomato__Tomato_YellowLeaf__Curl_Virus\8ca1a93a-09d4-4c7e-a898-e8967eb7e908___YLCV_GCREC 2265.JPG,256,256,1.0,104.5244140625,50.928768157958984,1947.0455322265625,7.1143676898975805,102.96287536621094,108.50608825683594,88.11790466308594
PlantVillage Internal,D:\Tomato_Disease_Research\plantvillage\Tomato__Tomato_YellowLeaf__Curl_Virus\8d22109e-4cfc-46ee-899f-678cd40a31eb___YLCV_GCREC 2540.JPG,256,256,1.0,132.1848907470703,43.77529525756836,75.92402648925781,7.273505029375417,127.59686279296875,136.90042114257812,119.93757629394531
PlantVillage Internal,D:\Tomato_Disease_Research\plantvillage\Tomato__Tomato_YellowLeaf__Curl_Virus\8d7e4629-b0df-460c-8fba-a100479c06df___YLCV_GCREC 1952.JPG,256,256,1.0,99.18051147460938,44.883636474609375,3721.355712890625,7.326515237667973,91.22569274902344,107.0205078125,79.67533874511719
PlantVillage Internal,D:\Tomato_Disease_Research\plantvillage\Tomato__Tomato_YellowLeaf__Curl_Virus\8da4b5fb-fee2-437e-9544-6c9f4ed0ed1e___UF.GRC_YLCV_Lab 02080.JPG,256,256,1.0,112.58340454101562,30.35580062866211,82.6412353515625,6.784686281580187,104.79965209960938,122.87699890136719,79.99569702148438
PlantVillage Internal,D:\Tomato_Disease_Research\plantvillage\Tomato__Tomato_YellowLeaf__Curl_Virus\8e12cd71-b33d-4db0-9291-80857783c96a___UF.GRC_YLCV_Lab 01803.JPG,256,256,1.0,118.15354919433594,34.223716735839844,112.2077865600586,6.869511245733829,112.12834167480469,128.25259399414062,81.95533752441406
PlantVillage Internal,D:\Tomato_Disease_Research\plantvillage\Tomato__Tomato_YellowLeaf__Curl_Virus\8ed27b95-17ba-4d1c-a149-ef4603dd8f61___UF.GRC_YLCV_Lab 01969.JPG,256,256,1.0,131.70399475097656,28.718454360961914,56.49940490722656,6.5421523786811875,129.89437866210938,140.1721954345703,92.84646606445312
PlantVillage Internal,D:\Tomato_Disease_Research\plantvillage\Tomato__Tomato_YellowLeaf__Curl_Virus\8ef68219-39f1-4d0c-9f1c-8fb07e920cbf___YLCV_GCREC 2580.JPG,256,256,1.0,97.06524658203125,33.0067138671875,1834.434814453125,7.0079221430211565,95.13180541992188,100.76670837402344,83.07699584960938
PlantVillage Internal,D:\Tomato_Disease_Research\plantvillage\Tomato__Tomato_YellowLeaf__Curl_Virus\8f06ba41-8f5d-45b2-ba8c-af72d444be7a___YLCV_GCREC 2204.JPG,256,256,1.0,109.10591125488281,44.90700149536133,6311.96728515625,7.392759050169622,107.42420959472656,113.05271911621094,93.19403076171875
PlantVillage Internal,D:\Tomato_Disease_Research\plantvillage\Tomato__Tomato_YellowLeaf__Curl_Virus\8f1dc4b2-220e-4afd-a559-48a2f142007c___YLCV_NREC 2298.JPG,256,256,1.0,128.355712890625,45.27571105957031,5857.185546875,7.347262996424828,132.84295654296875,128.790283203125,114.34873962402344
PlantVillage Internal,D:\Tomato_Disease_Research\plantvillage\Tomato__Tomato_YellowLeaf__Curl_Virus\8f2d1ca5-aaa7-4aeb-a59a-4c4624da3113___UF.GRC_YLCV_Lab 01256.JPG,256,256,1.0,108.34831237792969,34.698612213134766,114.47093200683594,6.93689190145322,102.76557922363281,117.86924743652344,73.96632385253906
PlantVillage Internal,D:\Tomato_Disease_Research\plantvillage\Tomato__Tomato_YellowLeaf__Curl_Virus\8f3ed21d-2ba4-42e4-b8d6-c83ee1fdf1fc___UF.GRC_YLCV_Lab 02348.JPG,256,256,1.0,131.28787231445312,30.439434051513672,67.21649169921875,6.873034283060959,126.61482238769531,142.24375915527344,87.131103515625
PlantVillage Internal,D:\Tomato_Disease_Research\plantvillage\Tomato__Tomato_YellowLeaf__Curl_Virus\90391022-d47a-49fa-a95b-48612ec23288___YLCV_NREC 2509.JPG,256,256,1.0,113.25337982177734,53.22096633911133,8415.84375,7.552653181801809,120.27876281738281,113.49650573730469,93.57524108886719
PlantVillage Internal,D:\Tomato_Disease_Research\plantvillage\Tomato__Tomato_YellowLeaf__Curl_Virus\905c989e-b114-4491-927a-8a4d1cb1f47b___YLCV_GCREC 1905.JPG,256,256,1.0,110.95301818847656,44.71242141723633,4353.447265625,7.286204561988429,110.15980529785156,116.07241821289062,86.67300415039062
PlantVillage Internal,D:\Tomato_Disease_Research\plantvillage\Tomato__Tomato_YellowLeaf__Curl_Virus\90a7c7fb-f268-4b0d-bb5a-2666c44b2768___YLCV_NREC 2315.JPG,256,256,1.0,113.692138671875,49.52130889892578,4768.392578125,7.355914994117004,121.66940307617188,113.744140625,92.50146484375
PlantVillage Internal,D:\Tomato_Disease_Research\plantvillage\Tomato__Tomato_YellowLeaf__Curl_Virus\91ebbbe6-03e0-4757-afe4-6e7bfadda891___UF.GRC_YLCV_Lab 02037.JPG,256,256,1.0,128.00161743164062,21.18073844909668,49.38496398925781,6.100696684224337,123.51763916015625,137.10238647460938,92.90133666992188
PlantVillage Internal,D:\Tomato_Disease_Research\plantvillage\Tomato__Tomato_YellowLeaf__Curl_Virus\92082b88-d462-4934-bede-bcdd98795379___UF.GRC_YLCV_Lab 03184.JPG,256,256,1.0,95.3338394165039,30.915019989013672,34.133445739746094,6.905727174032965,90.45176696777344,105.24920654296875,57.0831298828125
PlantVillage Internal,D:\Tomato_Disease_Research\plantvillage\Tomato__Tomato_YellowLeaf__Curl_Virus\922bff88-227d-459d-9f62-16dc1d95cafa___YLCV_NREC 2665.JPG,256,256,1.0,116.35418701171875,52.319461822509766,9577.78515625,7.534700988386291,124.41902160644531,116.31135559082031,95.42214965820312
PlantVillage Internal,D:\Tomato_Disease_Research\plantvillage\Tomato__Tomato_YellowLeaf__Curl_Virus\9244f1d0-c42b-49aa-99cf-eb2830a09939___UF.GRC_YLCV_Lab 02559.JPG,256,256,1.0,118.59474182128906,17.568601608276367,312.61566162109375,6.132474432479251,113.92192077636719,126.2978515625,91.18644714355469
PlantVillage Internal,D:\Tomato_Disease_Research\plantvillage\Tomato__Tomato_YellowLeaf__Curl_Virus\928083f9-28e8-4e9d-9437-bd6d72b851e1___UF.GRC_YLCV_Lab 02787.JPG,256,256,1.0,106.67344665527344,24.485212326049805,90.95698547363281,6.612090216086378,101.41224670410156,115.41915893554688,75.43983459472656
PlantVillage Internal,D:\Tomato_Disease_Research\plantvillage\Tomato__Tomato_YellowLeaf__Curl_Virus\9283b89a-30fa-49fa-af3f-6b90daedec6a___UF.GRC_YLCV_Lab 02008.JPG,256,256,1.0,127.41456604003906,25.63892364501953,103.01802062988281,6.621009695591796,117.89060974121094,143.5774688720703,69.16928100585938
PlantVillage Internal,D:\Tomato_Disease_Research\plantvillage\Tomato__Tomato_YellowLeaf__Curl_Virus\92b4bad6-4326-4de7-8a65-eea919719730___YLCV_GCREC 2945.JPG,256,256,1.0,134.73004150390625,43.278079986572266,135.35092163085938,7.1440759219502326,130.6168975830078,140.5569305419922,115.51469421386719
PlantVillage Internal,D:\Tomato_Disease_Research\plantvillage\Tomato__Tomato_YellowLeaf__Curl_Virus\92d0f96f-83ac-4852-b3b5-973abbd9f3e9___YLCV_GCREC 2823.JPG,256,256,1.0,103.20436096191406,34.95896530151367,851.6224365234375,6.8945865196781435,99.34765625,107.45973205566406,91.40824890136719
PlantVillage Internal,D:\Tomato_Disease_Research\plantvillage\Tomato__Tomato_YellowLeaf__Curl_Virus\9303b8a2-2e6b-46c0-b650-4bf4016b7a2e___YLCV_GCREC 2085.JPG,256,256,1.0,102.7116470336914,43.413246154785156,3894.236328125,7.286593521799425,99.85063171386719,107.40565490722656,86.04554748535156
PlantVillage Internal,D:\Tomato_Disease_Research\plantvillage\Tomato__Tomato_YellowLeaf__Curl_Virus\9314c285-23d4-4107-b9a5-67d2d2a32921___YLCV_GCREC 2600.JPG,256,256,1.0,95.35873413085938,38.26177978515625,1786.48193359375,7.1573781468483855,92.3970947265625,99.3431396484375,82.61041259765625
PlantVillage Internal,D:\Tomato_Disease_Research\plantvillage\Tomato__Tomato_YellowLeaf__Curl_Virus\94e37653-feb5-4d5d-908c-f7ef3f03a774___YLCV_NREC 2906.JPG,256,256,1.0,98.80192565917969,38.04590606689453,4374.51953125,7.208182817607129,102.54902648925781,100.05044555664062,82.54518127441406
PlantVillage Internal,D:\Tomato_Disease_Research\plantvillage\Tomato__Tomato_YellowLeaf__Curl_Virus\95d3aec0-edfa-4cd4-b3f9-c39d24e9f37a___UF.GRC_YLCV_Lab 02377.JPG,256,256,1.0,118.82035827636719,38.077701568603516,163.6915283203125,7.092668796280268,115.43150329589844,126.3973388671875,88.69384765625
PlantVillage Internal,D:\Tomato_Disease_Research\plantvillage\Tomato__Tomato_YellowLeaf__Curl_Virus\95d55a85-290c-4883-855d-40a125de4c80___YLCV_NREC 0092.JPG,256,256,1.0,116.85975646972656,41.299434661865234,4028.592041015625,7.258074445457259,121.02932739257812,117.61088562011719,102.05612182617188
PlantVillage Internal,D:\Tomato_Disease_Research\plantvillage\Tomato__Tomato_YellowLeaf__Curl_Virus\9637c3bf-d026-4ab3-a401-c7d79d82cbdf___UF.GRC_YLCV_Lab 09334.JPG,256,256,1.0,131.24749755859375,23.558870315551758,182.53683471679688,6.399157935100744,126.13446044921875,139.3665771484375,102.85182189941406
PlantVillage Internal,D:\Tomato_Disease_Research\plantvillage\Tomato__Tomato_YellowLeaf__Curl_Virus\96cd3041-9e88-4796-9e9f-e2eda1ecff42___YLCV_GCREC 2290.JPG,256,256,1.0,116.78897857666016,37.94498825073242,6310.8916015625,7.168208181381545,117.25422668457031,119.89146423339844,99.59373474121094
PlantVillage Internal,D:\Tomato_Disease_Research\plantvillage\Tomato__Tomato_mosaic_virus\046a2559-23b4-4018-a3db-337347ceb391___PSU_CG 2321.JPG,256,256,1.0,127.3578872680664,49.931880950927734,6086.7412109375,7.246049016063792,130.49842834472656,126.3067626953125,124.53330993652344
PlantVillage Internal,D:\Tomato_Disease_Research\plantvillage\Tomato__Tomato_mosaic_virus\05910684-8466-4472-b520-b6f90bfc0d01___PSU_CG 2076.JPG,256,256,1.0,122.21563720703125,43.967403411865234,7709.43505859375,7.269447738760497,124.22122192382812,120.97389221191406,123.34930419921875
PlantVillage Internal,D:\Tomato_Disease_Research\plantvillage\Tomato__Tomato_mosaic_virus\0b5e2269-7b37-43ac-9a96-c62b9bba2383___PSU_CG 2243.JPG,256,256,1.0,119.32340240478516,28.19709014892578,6588.77978515625,6.696721196348624,121.72801208496094,118.57254028320312,116.88282775878906
PlantVillage Internal,D:\Tomato_Disease_Research\plantvillage\Tomato__Tomato_mosaic_virus\0c05f5bb-e38d-422f-8b1c-632d8c0d730c___PSU_CG 2133.JPG,256,256,1.0,113.1021957397461,39.863468170166016,5432.55078125,7.2217021460197826,113.47718811035156,111.43870544433594,120.68418884277344
PlantVillage Internal,D:\Tomato_Disease_Research\plantvillage\Tomato__Tomato_mosaic_virus\0c779116-043c-4715-b080-16be2e8d2552___PSU_CG 2285.JPG,256,256,1.0,128.98854064941406,41.214698791503906,5653.81689453125,7.309046590048163,130.474853515625,129.65921020507812,121.63685607910156
PlantVillage Internal,D:\Tomato_Disease_Research\plantvillage\Tomato__Tomato_mosaic_virus\119554ae-c777-46da-abb7-591404fdc65f___PSU_CG 2393.JPG,256,256,1.0,129.15338134765625,48.82330322265625,6048.62109375,7.08366904742816,133.0797576904297,126.97525024414062,130.0707550048828
PlantVillage Internal,D:\Tomato_Disease_Research\plantvillage\Tomato__Tomato_mosaic_virus\15f1e22a-9c70-4060-a275-fac10c196341___PSU_CG 2118.JPG,256,256,1.0,131.44207763671875,28.735694885253906,4780.625,6.584917857538008,133.42726135253906,130.30072021484375,132.1123046875
PlantVillage Internal,D:\Tomato_Disease_Research\plantvillage\Tomato__Tomato_mosaic_virus\20182b2d-dfda-4ef1-89cc-17856e051b00___PSU_CG 2072.JPG,256,256,1.0,126.90313720703125,26.672325134277344,5548.4384765625,6.526798036385111,128.97862243652344,125.52778625488281,128.54136657714844
PlantVillage Internal,D:\Tomato_Disease_Research\plantvillage\Tomato__Tomato_mosaic_virus\227c893f-5a46-4df3-859d-ba3a74e4cb82___PSU_CG 2277.JPG,256,256,1.0,105.89576721191406,37.71234893798828,8272.076171875,7.267250343218235,104.72929382324219,106.23655700683594,107.20040893554688
PlantVillage Internal,D:\Tomato_Disease_Research\plantvillage\Tomato__Tomato_mosaic_virus\25857136-3515-4433-8129-c26f91e94cbe___PSU_CG 2233.JPG,256,256,1.0,119.72097778320312,39.67941665649414,8389.759765625,7.256027448088027,123.19656372070312,118.7943115234375,115.37669372558594
PlantVillage Internal,D:\Tomato_Disease_Research\plantvillage\Tomato__Tomato_mosaic_virus\26ea2737-6f69-441b-a5da-7f68ed4e8f5e___PSU_CG 2141.JPG,256,256,1.0,101.2230224609375,31.20281219482422,2698.16357421875,6.926968077788128,99.481201171875,101.73081970214844,103.17677307128906
PlantVillage Internal,D:\Tomato_Disease_Research\plantvillage\Tomato__Tomato_mosaic_virus\27000177-5a1d-4539-b78d-07a6f9a38089___PSU_CG 2168.JPG,256,256,1.0,114.51528930664062,36.127628326416016,6433.0009765625,7.21234670769066,116.55322265625,112.32099914550781,120.46885681152344
PlantVillage Internal,D:\Tomato_Disease_Research\plantvillage\Tomato__Tomato_mosaic_virus\2bd56a9c-3dec-41f7-ab7a-403670ea0462___PSU_CG 2346.JPG,256,256,1.0,86.3896484375,20.965808868408203,1958.232666015625,6.394536564951695,83.45794677734375,85.72842407226562,97.483642578125
PlantVillage Internal,D:\Tomato_Disease_Research\plantvillage\Tomato__Tomato_mosaic_virus\3790abe5-03cb-4d5c-bfaa-9dcbc64debb2___PSU_CG 2402.JPG,256,256,1.0,121.4278335571289,48.19972229003906,10317.5703125,7.422994897280236,124.49006652832031,119.80802917480469,121.73675537109375
PlantVillage Internal,D:\Tomato_Disease_Research\plantvillage\Tomato__Tomato_mosaic_virus\39dc536a-03ba-4e34-9ade-9618715f4b96___PSU_CG 2106.JPG,256,256,1.0,134.64889526367188,27.445817947387695,7370.78125,6.737074162379485,136.1763458251953,135.1533660888672,128.0449981689453
PlantVillage Internal,D:\Tomato_Disease_Research\plantvillage\Tomato__Tomato_mosaic_virus\59f9754c-2d49-4a74-ba11-4f9a017c8348___PSU_CG 2200.JPG,256,256,1.0,117.22769165039062,34.32685470581055,5625.8671875,7.054692818564906,115.79037475585938,117.29847717285156,120.633056640625
PlantVillage Internal,D:\Tomato_Disease_Research\plantvillage\Tomato__Tomato_mosaic_virus\5b09c1a9-f5ca-4c26-a627-a6ac6b2045cb___PSU_CG 2247.JPG,256,256,1.0,120.68281555175781,43.32958984375,5328.8720703125,7.278427287147009,123.42549133300781,119.06449890136719,121.82223510742188
PlantVillage Internal,D:\Tomato_Disease_Research\plantvillage\Tomato__Tomato_mosaic_virus\5d3eb639-b75e-4929-9a6a-4b89856b2345___PSU_CG 2273.JPG,256,256,1.0,107.63734436035156,35.45244598388672,5904.40673828125,7.1428717438665545,106.08479309082031,107.500732421875,112.41279602050781
PlantVillage Internal,D:\Tomato_Disease_Research\plantvillage\Tomato__Tomato_mosaic_virus\5d5ee5fc-35e3-4be9-980e-111679ec95b3___PSU_CG 2170.JPG,256,256,1.0,111.72217559814453,37.17469787597656,4609.59375,7.104470456939287,110.90696716308594,110.51667785644531,120.06756591796875
PlantVillage Internal,D:\Tomato_Disease_Research\plantvillage\Tomato__Tomato_mosaic_virus\5ecb9930-250d-4fac-9547-e3b5142eec46___PSU_CG 2164.JPG,256,256,1.0,139.64791870117188,35.17581558227539,10028.3427734375,7.057251351215793,144.48162841796875,137.73651123046875,136.8119659423828
PlantVillage Internal,D:\Tomato_Disease_Research\plantvillage\Tomato__Tomato_mosaic_virus\6065503d-0803-4697-90f7-8c7db1ee28ab___PSU_CG 2227.JPG,256,256,1.0,108.47454833984375,26.781827926635742,2864.3896484375,6.737716056950541,111.09910583496094,107.541259765625,106.39654541015625
PlantVillage Internal,D:\Tomato_Disease_Research\plantvillage\Tomato__Tomato_mosaic_virus\65d7e8ff-9197-4211-a1b7-850c3a74f740___PSU_CG 2073.JPG,256,256,1.0,127.67509460449219,45.26312255859375,5895.5576171875,7.095041232568802,130.6625518798828,125.68136596679688,130.10549926757812
PlantVillage Internal,D:\Tomato_Disease_Research\plantvillage\Tomato__Tomato_mosaic_virus\6804695f-56f8-4ff9-90f8-69ee95097463___PSU_CG 2067.JPG,256,256,1.0,124.14750671386719,26.542007446289062,4450.611328125,6.538639391727363,127.90093994140625,122.77224731445312,121.38432312011719
PlantVillage Internal,D:\Tomato_Disease_Research\plantvillage\Tomato__Tomato_mosaic_virus\6b15d0fc-1089-4f54-955a-0d1ebbf0ab30___PSU_CG 2364.JPG,256,256,1.0,120.25453186035156,36.247039794921875,6513.04541015625,7.059983491261036,123.62892150878906,118.85432434082031,118.61405944824219
PlantVillage Internal,D:\Tomato_Disease_Research\plantvillage\Tomato__Tomato_mosaic_virus\739ccd84-1026-4871-8f5c-2320c205fe2e___PSU_CG 2399.JPG,256,256,1.0,118.18937683105469,45.93265151977539,8322.626953125,7.357174286481985,121.06224060058594,117.14555358886719,116.02914428710938
PlantVillage Internal,D:\Tomato_Disease_Research\plantvillage\Tomato__Tomato_mosaic_virus\7569fab7-ac19-4ac4-a01b-b77a4abb0c29___PSU_CG 2350.JPG,256,256,1.0,113.34796142578125,46.60503387451172,7357.8662109375,7.47936743775405,115.93582153320312,112.73625183105469,109.71026611328125
PlantVillage Internal,D:\Tomato_Disease_Research\plantvillage\Tomato__Tomato_mosaic_virus\7a6e4837-d63d-465a-abae-ef857bf43e2d___PSU_CG 2117.JPG,256,256,1.0,126.95722961425781,38.723182678222656,4889.541015625,7.047316100982016,126.35617065429688,126.8326416015625,129.17520141601562
PlantVillage Internal,D:\Tomato_Disease_Research\plantvillage\Tomato__Tomato_mosaic_virus\7c9939ff-c133-460f-a883-26ecb38aa594___PSU_CG 2340.JPG,256,256,1.0,91.0934829711914,23.89868927001953,5344.20556640625,6.5261798624825325,96.1632080078125,88.71197509765625,90.0592041015625
PlantVillage Internal,D:\Tomato_Disease_Research\plantvillage\Tomato__Tomato_mosaic_virus\86965ac5-b790-4218-a3c6-216d10da5211___PSU_CG 2066.JPG,256,256,1.0,126.24189758300781,36.8331413269043,6521.2021484375,6.955712931174117,129.6291046142578,125.07174682617188,123.38314819335938
PlantVillage Internal,D:\Tomato_Disease_Research\plantvillage\Tomato__Tomato_mosaic_virus\9563b3bb-b942-4d32-9582-0b4021aaf116___PSU_CG 2229.JPG,256,256,1.0,131.5091552734375,33.475128173828125,8796.974609375,6.977885108308037,136.30723571777344,129.75686645507812,127.94747924804688
PlantVillage Internal,D:\Tomato_Disease_Research\plantvillage\Tomato__Tomato_mosaic_virus\9586aed6-53c5-4245-8994-a60ac12e422c___PSU_CG 2361.JPG,256,256,1.0,135.69952392578125,39.196044921875,10223.6953125,7.173218813964976,141.6247100830078,132.68443298339844,135.68405151367188
PlantVillage Internal,D:\Tomato_Disease_Research\plantvillage\Tomato__Tomato_mosaic_virus\983cd485-5bc8-46a0-94cc-26c522228508___PSU_CG 2397.JPG,256,256,1.0,130.6630859375,33.564552307128906,7526.46484375,6.797297861278529,135.5682830810547,127.98719787597656,131.57615661621094
PlantVillage Internal,D:\Tomato_Disease_Research\plantvillage\Tomato__Tomato_mosaic_virus\9a3a36e0-b0eb-4844-84f5-db08e2d9adef___PSU_CG 2300.JPG,256,256,1.0,115.492431640625,20.00690269470215,2070.092529296875,6.166753919375574,118.89732360839844,115.28204345703125,107.64532470703125
PlantVillage Internal,D:\Tomato_Disease_Research\plantvillage\Tomato__Tomato_mosaic_virus\9ec78399-de3a-4431-a5fc-e100406c5642___PSU_CG 2275.JPG,256,256,1.0,113.29371643066406,36.125205993652344,4995.47998046875,6.987773343277968,115.5179443359375,110.52798461914062,121.70100402832031
PlantVillage Internal,D:\Tomato_Disease_Research\plantvillage\Tomato__Tomato_mosaic_virus\a0966902-32cd-469a-bf55-9fc7f4761107___PSU_CG 2322.JPG,256,256,1.0,120.95738983154297,37.83469772338867,6060.83203125,7.142203849229722,124.00302124023438,120.00796508789062,117.85792541503906
PlantVillage Internal,D:\Tomato_Disease_Research\plantvillage\Tomato__Tomato_mosaic_virus\a142b58c-1713-4e17-a68c-96eaf4b5ae23___PSU_CG 2219.JPG,256,256,1.0,101.90921020507812,29.719440460205078,5678.083984375,6.9313069257949795,104.05882263183594,102.91770935058594,91.078369140625
PlantVillage Internal,D:\Tomato_Disease_Research\plantvillage\Tomato__Tomato_mosaic_virus\a75c61c4-b765-42a1-9896-7937b15ed996___PSU_CG 2051.JPG,256,256,1.0,144.93746948242188,28.095138549804688,966.2932739257812,6.525555060194167,147.0760955810547,144.4945068359375,141.60911560058594
PlantVillage Internal,D:\Tomato_Disease_Research\plantvillage\Tomato__Tomato_mosaic_virus\b23eb7f0-daa4-4775-a09c-f87363bdc141___PSU_CG 2255.JPG,256,256,1.0,136.14964294433594,38.9840087890625,7094.57666015625,7.072306104691119,139.54637145996094,135.4552459716797,130.81622314453125
PlantVillage Internal,D:\Tomato_Disease_Research\plantvillage\Tomato__Tomato_mosaic_virus\b386eecb-c3b8-4b92-8352-b3b687c2db15___PSU_CG 2236.JPG,256,256,1.0,123.63687133789062,32.78227615356445,7946.63916015625,6.937611637289752,127.97117614746094,122.28506469726562,119.22943115234375
PlantVillage Internal,D:\Tomato_Disease_Research\plantvillage\Tomato__Tomato_mosaic_virus\b5987570-3fbe-4a4c-9790-1d55bcfd2c61___PSU_CG 2288.JPG,256,256,1.0,113.8009262084961,27.1651554107666,7194.2109375,6.752057232131659,114.27392578125,116.09518432617188,100.74690246582031
PlantVillage Internal,D:\Tomato_Disease_Research\plantvillage\Tomato__Tomato_mosaic_virus\bba77afa-234e-40c9-9d2e-6770ac1789e4___PSU_CG 2082.JPG,256,256,1.0,124.74873352050781,38.18214416503906,10207.3046875,7.178415272804117,127.66377258300781,123.44859313964844,123.79774475097656
PlantVillage Internal,D:\Tomato_Disease_Research\plantvillage\Tomato__Tomato_mosaic_virus\bd22aa4a-ea90-41af-862d-7e887eb57a00___PSU_CG 2416.JPG,256,256,1.0,129.2498779296875,38.59490966796875,8745.376953125,7.202561307313243,135.0261993408203,125.47883605957031,133.5172882080078
PlantVillage Internal,D:\Tomato_Disease_Research\plantvillage\Tomato__Tomato_mosaic_virus\bdcbce9a-e672-47e2-97d0-1b4e7e57f188___PSU_CG 2403.JPG,256,256,1.0,136.87367248535156,40.3358154296875,7108.486328125,7.177290333654535,139.846923828125,135.5877227783203,135.69705200195312
PlantVillage Internal,D:\Tomato_Disease_Research\plantvillage\Tomato__Tomato_mosaic_virus\bf950cb4-985f-4174-b32b-9ae2d6e99a84___PSU_CG 2320.JPG,256,256,1.0,122.33984375,27.184301376342773,6179.26171875,6.610394596428927,127.8232421875,119.66876220703125,121.71160888671875
PlantVillage Internal,D:\Tomato_Disease_Research\plantvillage\Tomato__Tomato_mosaic_virus\bfe4e207-18c5-46cb-9022-0a94c6826f81___PSU_CG 2234.JPG,256,256,1.0,120.71134948730469,22.815166473388672,2247.60595703125,6.136189037125875,127.88093566894531,117.36503601074219,119.13740539550781
PlantVillage Internal,D:\Tomato_Disease_Research\plantvillage\Tomato__Tomato_mosaic_virus\c1ff629a-8390-43a4-88ed-86e462d688a7___PSU_CG 2083.JPG,256,256,1.0,120.58432006835938,30.226163864135742,7154.859375,6.771143815452778,122.78663635253906,119.73997497558594,119.15562438964844
PlantVillage Internal,D:\Tomato_Disease_Research\plantvillage\Tomato__Tomato_mosaic_virus\c5132603-ce86-45c0-b9f9-d35c07f4057f___PSU_CG 2256.JPG,256,256,1.0,119.68751525878906,30.476877212524414,8029.263671875,6.934684708765925,120.68565368652344,121.10682678222656,109.76129150390625
PlantVillage Internal,D:\Tomato_Disease_Research\plantvillage\Tomato__Tomato_mosaic_virus\da1583ac-e469-400a-9092-da870299fd35___PSU_CG 2071.JPG,256,256,1.0,121.99261474609375,31.896875381469727,5407.3896484375,6.785189252477,124.9903564453125,120.0455322265625,124.15592956542969
PlantVillage Internal,D:\Tomato_Disease_Research\plantvillage\Tomato__Tomato_mosaic_virus\db0867bf-ca5a-4dd0-99e0-6d41efaffff6___PSU_CG 2334.JPG,256,256,1.0,97.06912994384766,36.24674606323242,5060.376953125,7.181827542961485,95.29435729980469,97.65510559082031,98.70672607421875
PlantVillage Internal,D:\Tomato_Disease_Research\plantvillage\Tomato__Tomato_mosaic_virus\db6ecf05-d8bd-431f-86d7-d3f5403eab81___PSU_CG 2408.JPG,256,256,1.0,127.26760864257812,38.72489929199219,7952.9443359375,7.13592476131628,131.31398010253906,125.43666076660156,126.08261108398438
PlantVillage Internal,D:\Tomato_Disease_Research\plantvillage\Tomato__Tomato_mosaic_virus\dcbf5ac4-f25b-4e62-999b-44e1892db4ab___PSU_CG 2107.JPG,256,256,1.0,135.90533447265625,40.8343391418457,7096.7890625,7.192935357808919,138.0928955078125,135.1206817626953,134.20819091796875
PlantVillage Internal,D:\Tomato_Disease_Research\plantvillage\Tomato__Tomato_mosaic_virus\dd1161b0-ed4e-42f0-a63b-1ff8d9adf3ed___PSU_CG 2405.JPG,256,256,1.0,127.09890747070312,43.940250396728516,9781.55859375,7.2688097587735205,132.42742919921875,124.35354614257812,127.25953674316406
PlantVillage Internal,D:\Tomato_Disease_Research\plantvillage\Tomato__Tomato_mosaic_virus\ecc79dcf-6446-4df2-a8c8-ab322effeec3___PSU_CG 2220.JPG,256,256,1.0,101.03440856933594,32.84722900390625,3711.1982421875,7.014695814206668,101.84022521972656,100.19932556152344,103.22084045410156
PlantVillage Internal,D:\Tomato_Disease_Research\plantvillage\Tomato__Tomato_mosaic_virus\efd2cbd0-24dc-4c09-92b1-37963ae84721___PSU_CG 2379.JPG,256,256,1.0,99.8460464477539,32.96482849121094,2800.76025390625,6.971118224917317,101.62672424316406,98.17105102539062,103.80039978027344
PlantVillage Internal,D:\Tomato_Disease_Research\plantvillage\Tomato__Tomato_mosaic_virus\f5d2043f-a274-431f-accc-1a3e1a7df172___PSU_CG 2400.JPG,256,256,1.0,109.37326049804688,35.06770324707031,965.68701171875,6.458294250219431,114.59843444824219,106.59147644042969,109.99240112304688
PlantVillage Internal,D:\Tomato_Disease_Research\plantvillage\Tomato__Tomato_mosaic_virus\f90809d6-8b8d-4a7d-81df-c0d708ed9bb4___PSU_CG 2176.JPG,256,256,1.0,98.15660095214844,23.036731719970703,3167.88818359375,6.528083677759509,104.55934143066406,95.3779296875,95.67112731933594
PlantVillage Internal,D:\Tomato_Disease_Research\plantvillage\Tomato_healthy\042d59c2-2fd8-45c2-91bb-c0a05dd07f30___RS_HL 0257.JPG,256,256,1.0,122.60985565185547,44.26873779296875,16571.0625,7.4268977093260995,123.55778503417969,123.31138610839844,116.51133728027344
PlantVillage Internal,D:\Tomato_Disease_Research\plantvillage\Tomato_healthy\061bd6f1-8532-4bc8-977d-bc48ffab4ac3___RS_HL 0476.JPG,256,256,1.0,117.33541107177734,50.992401123046875,22637.94921875,7.539700345972427,118.49551391601562,118.64933776855469,107.52708435058594
PlantVillage Internal,D:\Tomato_Disease_Research\plantvillage\Tomato_healthy\06ee1c8d-fbe4-48e9-a1b2-fed7ed5539f7___GH_HL Leaf 293.JPG,256,256,1.0,92.781005859375,22.593856811523438,5225.94140625,6.512846651959849,87.56776428222656,96.40841674804688,87.77632141113281
PlantVillage Internal,D:\Tomato_Disease_Research\plantvillage\Tomato_healthy\0764cff7-f198-467a-9afd-d9f0c7bcf7c9___RS_HL 0443.JPG,256,256,1.0,125.32528686523438,47.587928771972656,14565.37109375,7.4754889928171115,124.43634033203125,127.41091918945312,116.91764831542969
PlantVillage Internal,D:\Tomato_Disease_Research\plantvillage\Tomato_healthy\07cb5416-a029-467f-a306-252c2a64d2e6___RS_HL 0543.JPG,256,256,1.0,112.397705078125,47.8709716796875,22267.33203125,7.553529040115654,115.72061157226562,112.34228515625,103.96766662597656
PlantVillage Internal,D:\Tomato_Disease_Research\plantvillage\Tomato_healthy\08c1c1e5-bb78-44d5-b46f-a86386c0ef3b___RS_HL 0063.JPG,256,256,1.0,122.18379974365234,44.082923889160156,16600.498046875,7.38112648122747,124.85948181152344,121.70326232910156,117.6402587890625
PlantVillage Internal,D:\Tomato_Disease_Research\plantvillage\Tomato_healthy\0b5cfce2-38fd-4984-8926-2d2911c48490___RS_HL 9733.JPG,256,256,1.0,115.37103271484375,46.7328987121582,13016.76171875,7.424916079035315,113.55049133300781,116.30130004882812,115.35589599609375
PlantVillage Internal,D:\Tomato_Disease_Research\plantvillage\Tomato_healthy\0d515778-61ef-4f0b-ab54-75607c80220f___RS_HL 9745.JPG,256,256,1.0,114.16706848144531,47.004844665527344,16458.48828125,7.469419020841768,111.86589050292969,114.97882080078125,116.02285766601562
PlantVillage Internal,D:\Tomato_Disease_Research\plantvillage\Tomato_healthy\0d615a38-cfa4-45e4-b1b4-9977220e19ca___RS_HL 9815.JPG,256,256,1.0,115.54216766357422,50.0179443359375,16251.33984375,7.465459128478484,114.53370666503906,116.32589721679688,114.15162658691406
PlantVillage Internal,D:\Tomato_Disease_Research\plantvillage\Tomato_healthy\0d789240-9714-4378-8b63-4afb12ddfa44___RS_HL 9735.JPG,256,256,1.0,110.93769836425781,45.649112701416016,13798.7060546875,7.378242032517779,107.99430847167969,112.21742248535156,112.06814575195312
PlantVillage Internal,D:\Tomato_Disease_Research\plantvillage\Tomato_healthy\0e1d7722-3df9-4a3a-a4e2-bc0ea3ce0da4___RS_HL 9979.JPG,256,256,1.0,114.20140075683594,48.856056213378906,12757.236328125,7.457091350397036,114.02145385742188,115.08717346191406,110.11238098144531
PlantVillage Internal,D:\Tomato_Disease_Research\plantvillage\Tomato_healthy\1006c73b-19f8-4771-9fe5-3fc4908e8da3___RS_HL 0557.JPG,256,256,1.0,111.77806854248047,48.92279052734375,23837.064453125,7.546383448974436,114.03973388671875,112.29591369628906,103.17970275878906
PlantVillage Internal,D:\Tomato_Disease_Research\plantvillage\Tomato_healthy\11fe6fbc-a1a9-4cc4-ba85-a6864a4e9bae___GH_HL Leaf 280.JPG,256,256,1.0,115.01969909667969,22.77701187133789,5100.34814453125,6.542943851940731,108.36831665039062,119.44903564453125,109.65773010253906
PlantVillage Internal,D:\Tomato_Disease_Research\plantvillage\Tomato_healthy\1421f343-ba3a-424c-ac71-b5eb9ac26c10___GH_HL Leaf 201.JPG,256,256,1.0,121.91790771484375,25.370786666870117,5434.5380859375,6.701581360385598,115.89865112304688,126.94123840332031,111.83955383300781
PlantVillage Internal,D:\Tomato_Disease_Research\plantvillage\Tomato_healthy\16fd1407-644b-42f1-a40a-6cacd9bc0258___RS_HL 9705.JPG,256,256,1.0,116.8740234375,43.41917419433594,17934.08203125,7.4086828831553095,113.78938293457031,117.86296081542969,119.87222290039062
PlantVillage Internal,D:\Tomato_Disease_Research\plantvillage\Tomato_healthy\19787f8b-a78e-4cf2-8fb2-3aae59b20c47___RS_HL 0456.JPG,256,256,1.0,110.06756591796875,49.88193130493164,22808.857421875,7.5630968853785365,112.37188720703125,110.34977722167969,102.57057189941406
PlantVillage Internal,D:\Tomato_Disease_Research\plantvillage\Tomato_healthy\1a393116-cbd1-4e3f-acfc-563e96ae1e80___RS_HL 0268.JPG,256,256,1.0,120.96161651611328,44.64448928833008,21963.4296875,7.430714081108386,123.57278442382812,120.50900268554688,116.44357299804688
PlantVillage Internal,D:\Tomato_Disease_Research\plantvillage\Tomato_healthy\1bd9f661-9b9c-4faf-80ab-86a8a64a8bc2___RS_HL 0271.JPG,256,256,1.0,118.81742858886719,46.94282531738281,20857.20703125,7.536201081253995,120.62664794921875,118.90689086914062,113.61151123046875
PlantVillage Internal,D:\Tomato_Disease_Research\plantvillage\Tomato_healthy\1cb9d4d1-280b-479c-95a9-01f71acf70bc___RS_HL 0641.JPG,256,256,1.0,127.41574096679688,43.76447677612305,7212.400390625,7.244617324551831,127.63334655761719,127.96310424804688,124.02651977539062
PlantVillage Internal,D:\Tomato_Disease_Research\plantvillage\Tomato_healthy\1e1aa3d8-d12f-47e1-b316-b8656ab3f2b6___RS_HL 0075.JPG,256,256,1.0,114.99993896484375,51.98313903808594,17014.03515625,7.515483207166236,113.73371887207031,117.61317443847656,104.86506652832031
PlantVillage Internal,D:\Tomato_Disease_Research\plantvillage\Tomato_healthy\1e8c2c4d-e787-45ff-87ac-56484ac8d3d4___GH_HL Leaf 472.JPG,256,256,1.0,119.581787109375,18.576374053955078,2129.572265625,6.210866940127545,111.76451110839844,125.43321228027344,109.95523071289062
PlantVillage Internal,D:\Tomato_Disease_Research\plantvillage\Tomato_healthy\1ebf9add-aa7f-4a84-adbf-67f700f918bc___GH_HL Leaf 437.JPG,256,256,1.0,113.12454223632812,20.622188568115234,3827.895263671875,6.388951607333251,105.17645263671875,119.38824462890625,101.71835327148438
PlantVillage Internal,D:\Tomato_Disease_Research\plantvillage\Tomato_healthy\1f43d81a-6889-4613-a727-f92a75cf9861___RS_HL 0297.JPG,256,256,1.0,123.06906127929688,48.77517318725586,19353.74609375,7.538882513592636,125.51737976074219,123.06982421875,116.64363098144531
PlantVillage Internal,D:\Tomato_Disease_Research\plantvillage\Tomato_healthy\20d823a4-0be3-4b8a-acdc-6efd1236e7f0___GH_HL Leaf 254.2.JPG,256,256,1.0,114.2849349975586,22.278310775756836,3722.407958984375,6.512839344313152,109.2032470703125,118.38697814941406,106.49128723144531
PlantVillage Internal,D:\Tomato_Disease_Research\plantvillage\Tomato_healthy\24069ab0-7106-40d0-bdca-e462a49d34dd___RS_HL 0267.JPG,256,256,1.0,122.00489807128906,40.719791412353516,18679.4453125,7.324642876530399,124.52729797363281,121.78532409667969,116.51972961425781
PlantVillage Internal,D:\Tomato_Disease_Research\plantvillage\Tomato_healthy\240a9583-9e6a-446d-8850-62bc23312ce9___GH_HL Leaf 312.4.JPG,256,256,1.0,114.63226318359375,24.568035125732422,4415.32177734375,6.640132201841153,108.90336608886719,119.31549072265625,105.54347229003906
PlantVillage Internal,D:\Tomato_Disease_Research\plantvillage\Tomato_healthy\24fe1921-3196-4125-8f96-d68edef32487___RS_HL 0109.JPG,256,256,1.0,104.24777221679688,44.90507888793945,15330.2275390625,7.367734232330752,104.1875,105.11831665039062,99.92326354980469
PlantVillage Internal,D:\Tomato_Disease_Research\plantvillage\Tomato_healthy\271be296-4c0b-4817-a44b-cc9611d3f519___GH_HL Leaf 182.1.JPG,256,256,1.0,119.42515563964844,27.181163787841797,7070.08544921875,6.797568497190324,115.03623962402344,123.73492431640625,108.74494934082031
PlantVillage Internal,D:\Tomato_Disease_Research\plantvillage\Tomato_healthy\2763797b-4786-41ef-8ff1-73b088f9973c___GH_HL Leaf 231.JPG,256,256,1.0,119.38967895507812,24.643695831298828,4788.2265625,6.654291757711811,113.0374755859375,125.06790161132812,106.81242370605469
PlantVillage Internal,D:\Tomato_Disease_Research\plantvillage\Tomato_healthy\27bda660-1691-4763-a125-824f521587d9___RS_HL 0305.JPG,256,256,1.0,117.92588806152344,46.57714080810547,16250.984375,7.401235641680632,119.66311645507812,117.81492614746094,113.94076538085938
PlantVillage Internal,D:\Tomato_Disease_Research\plantvillage\Tomato_healthy\29d9f827-5e61-4b9b-acba-db0e7ce2016d___GH_HL Leaf 480.JPG,256,256,1.0,120.24617767333984,26.095600128173828,2219.31591796875,6.628719181612012,115.64494323730469,123.50387573242188,115.54005432128906
PlantVillage Internal,D:\Tomato_Disease_Research\plantvillage\Tomato_healthy\2a8f7c7a-fbd4-4669-90eb-61ee118db2a7___RS_HL 0126.JPG,256,256,1.0,113.61763000488281,48.385433197021484,17259.9921875,7.53127254842387,113.82835388183594,115.03346252441406,105.77458190917969
PlantVillage Internal,D:\Tomato_Disease_Research\plantvillage\Tomato_healthy\2ea87b73-a52b-4a4c-938f-4ce06335d171___GH_HL Leaf 177.1.JPG,256,256,1.0,111.97005462646484,28.378475189208984,6131.3037109375,6.844813003219592,107.08094787597656,115.42878723144531,106.98377990722656
PlantVillage Internal,D:\Tomato_Disease_Research\plantvillage\Tomato_healthy\3169aa41-66a8-4f36-ab6e-a5664f5b1839___RS_HL 0471.JPG,256,256,1.0,124.19737243652344,44.99617385864258,20116.6328125,7.4672199821717555,125.45771789550781,125.36859130859375,114.86093139648438
PlantVillage Internal,D:\Tomato_Disease_Research\plantvillage\Tomato_healthy\31e58e07-386c-4915-aa37-8ce39ee29ce9___RS_HL 9949.JPG,256,256,1.0,112.03282165527344,49.33158874511719,17797.060546875,7.509678039318768,111.10325622558594,112.89299011230469,110.04179382324219
PlantVillage Internal,D:\Tomato_Disease_Research\plantvillage\Tomato_healthy\32a852af-ca60-4235-806a-21940281ed8b___RS_HL 0625.JPG,256,256,1.0,108.1912841796875,55.719539642333984,18394.98828125,7.57023178138823,108.29902648925781,109.75852966308594,99.83871459960938
PlantVillage Internal,D:\Tomato_Disease_Research\plantvillage\Tomato_healthy\3483a0b2-f04c-429f-a10e-f7f33ba5be6e___RS_HL 0439.JPG,256,256,1.0,117.0069351196289,41.650970458984375,17335.140625,7.362037380866788,118.75877380371094,117.32969665527344,110.75021362304688
PlantVillage Internal,D:\Tomato_Disease_Research\plantvillage\Tomato_healthy\37aad83b-7ff8-4b35-b3ed-fb8e0f54910b___GH_HL Leaf 342.1.JPG,256,256,1.0,124.85308837890625,22.031572341918945,2981.93798828125,6.478783634223242,120.01947021484375,128.66249084472656,117.91566467285156
PlantVillage Internal,D:\Tomato_Disease_Research\plantvillage\Tomato_healthy\39b1d9c6-7a13-426f-9154-563e6a8d0438___RS_HL 0563.JPG,256,256,1.0,113.03547668457031,46.624969482421875,20193.744140625,7.508177137078187,114.64321899414062,113.7452392578125,105.16401672363281
PlantVillage Internal,D:\Tomato_Disease_Research\plantvillage\Tomato_healthy\3a1c6737-c9ff-44dc-9014-954753732160___GH_HL Leaf 406.1.JPG,256,256,1.0,120.04034423828125,19.71168327331543,1741.4705810546875,6.304183134156263,114.75630187988281,124.13728332519531,112.80375671386719
PlantVillage Internal,D:\Tomato_Disease_Research\plantvillage\Tomato_healthy\3b4a011c-68ae-4b84-90b5-27ef4b2d3447___GH_HL Leaf 255.JPG,256,256,1.0,101.61813354492188,19.48358917236328,2856.703125,6.323220003468441,93.49409484863281,106.58621215820312,97.34466552734375
PlantVillage Internal,D:\Tomato_Disease_Research\plantvillage\Tomato_healthy\3bbaca2e-d2fd-4fcb-bbd7-e1ad4f7a84ae___RS_HL 0630.JPG,256,256,1.0,107.41203308105469,48.86486053466797,21891.40234375,7.570474999868658,109.77322387695312,107.59780883789062,100.262451171875
PlantVillage Internal,D:\Tomato_Disease_Research\plantvillage\Tomato_healthy\3be7ae8c-bacb-4877-b6b5-c2251d22b431___GH_HL Leaf 497.1.JPG,256,256,1.0,119.28966522216797,28.336925506591797,4228.26953125,6.836539936966412,117.45387268066406,120.15293884277344,119.65950012207031
PlantVillage Internal,D:\Tomato_Disease_Research\plantvillage\Tomato_healthy\3d59c273-6439-4c0d-b5ac-3738faca5d2a___RS_HL 0413.JPG,256,256,1.0,111.0831527709961,43.67104721069336,14891.3818359375,7.383648756764462,111.59440612792969,112.49258422851562,102.48487854003906
PlantVillage Internal,D:\Tomato_Disease_Research\plantvillage\Tomato_healthy\3e2fa71c-73a6-48f5-9175-4d43a078115a___RS_HL 0159.JPG,256,256,1.0,126.28872680664062,47.26690673828125,11294.3076171875,7.369652743045799,126.4080810546875,127.00592041015625,122.28277587890625
PlantVillage Internal,D:\Tomato_Disease_Research\plantvillage\Tomato_healthy\3e6c73ad-cfcb-4614-b927-150c2c642c9e___RS_HL 0074.JPG,256,256,1.0,115.96087646484375,45.74263000488281,17818.625,7.449818882653329,114.54705810546875,118.031494140625,109.00715637207031
PlantVillage Internal,D:\Tomato_Disease_Research\plantvillage\Tomato_healthy\3f1beda2-534d-4970-b33e-99c43c1ee930___GH_HL Leaf 219.1.JPG,256,256,1.0,111.80595397949219,23.60392951965332,4151.38623046875,6.597181942167289,104.09954833984375,117.77287292480469,101.29393005371094
PlantVillage Internal,D:\Tomato_Disease_Research\plantvillage\Tomato_healthy\4187b29a-6f70-4d07-b88c-73f6f60dcb26___RS_HL 0343.JPG,256,256,1.0,120.99605560302734,44.68818283081055,16817.14453125,7.455736818230095,120.96247863769531,122.78924560546875,111.85073852539062
PlantVillage Internal,D:\Tomato_Disease_Research\plantvillage\Tomato_healthy\42e607e9-916c-470c-a17d-ec5348a40ded___RS_HL 0373.JPG,256,256,1.0,121.51535034179688,46.15102005004883,19217.125,7.485782776137835,124.22320556640625,121.69094848632812,113.50897216796875
PlantVillage Internal,D:\Tomato_Disease_Research\plantvillage\Tomato_healthy\438c4ac5-5409-4859-9fe4-3077af7425b2___RS_HL 0157.JPG,256,256,1.0,123.60563659667969,42.960655212402344,16147.4697265625,7.377330605823509,124.14892578125,124.08467102050781,119.71401977539062
PlantVillage Internal,D:\Tomato_Disease_Research\plantvillage\Tomato_healthy\45fc3f1c-6ccc-4ffd-a0a9-f53cbe4e71a1___GH_HL Leaf 206.1.JPG,256,256,1.0,123.89225006103516,24.782495498657227,5558.728515625,6.6458725796727505,116.85102844238281,129.64035034179688,112.76235961914062
PlantVillage Internal,D:\Tomato_Disease_Research\plantvillage\Tomato_healthy\4629608b-5ac4-49d9-a8ff-ca1548fd4710___GH_HL Leaf 375.JPG,256,256,1.0,129.99996948242188,23.514047622680664,3119.35107421875,6.571733249008947,124.92756652832031,134.09628295898438,122.21147155761719
PlantVillage Internal,D:\Tomato_Disease_Research\plantvillage\Tomato_healthy\4715a717-ed38-43b7-9ee1-4f83fba00743___RS_HL 0005.JPG,256,256,1.0,119.86161041259766,44.94733428955078,16351.796875,7.447603065202246,120.56425476074219,120.35653686523438,115.47026062011719
PlantVillage Internal,D:\Tomato_Disease_Research\plantvillage\Tomato_healthy\47a9bf22-281f-49d6-a03a-97be4983fc68___RS_HL 0604.JPG,256,256,1.0,115.42304992675781,50.29443359375,21092.361328125,7.562589766220693,118.05377197265625,116.21345520019531,104.45326232910156
PlantVillage Internal,D:\Tomato_Disease_Research\plantvillage\Tomato_healthy\4959798b-5c9b-4f8e-b0a0-3778259614b1___CG1.JPG,256,256,1.0,133.82525634765625,20.007911682128906,466.8466491699219,6.250210591112138,131.45944213867188,136.70883178710938,125.18240356445312
PlantVillage Internal,D:\Tomato_Disease_Research\plantvillage\Tomato_healthy\4b51a704-643f-4de4-9da9-55fceb24fe42___RS_HL 0155.JPG,256,256,1.0,123.80802154541016,42.76109313964844,14233.1669921875,7.352309879397285,122.87368774414062,125.4808349609375,117.64506530761719
PlantVillage Internal,D:\Tomato_Disease_Research\plantvillage\Tomato_healthy\4b7deb4f-5bce-4915-ba64-7e75c66624c2___RS_HL 0153.JPG,256,256,1.0,127.18018341064453,42.819454193115234,15878.84765625,7.3617173514223095,125.87298583984375,129.1138458251953,120.6519775390625
PlantVillage Internal,D:\Tomato_Disease_Research\plantvillage\Tomato_healthy\4d82bf50-5e71-4597-8684-6db7300e0cd4___GH_HL Leaf 316.JPG,256,256,1.0,112.41650390625,24.025053024291992,5201.072265625,6.622200885636221,105.62321472167969,118.09088134765625,101.01594543457031
PlantVillage Internal,D:\Tomato_Disease_Research\plantvillage\Tomato_healthy\4e67dd9d-8a92-4b30-bb08-2e30d34acde7___RS_HL 0245.JPG,256,256,1.0,118.85421752929688,45.25305938720703,15921.044921875,7.41051072447203,118.93008422851562,119.84477233886719,113.55470275878906
PlantVillage Internal,D:\Tomato_Disease_Research\plantvillage\Tomato_healthy\4e8e1275-37a2-48fa-84cb-96ffa0824571___RS_HL 0574.JPG,256,256,1.0,112.03643798828125,47.352970123291016,21412.38671875,7.500990831354264,114.62759399414062,112.44374084472656,103.14303588867188
PlantVillage Internal,D:\Tomato_Disease_Research\plantvillage\Tomato_healthy\4ed59995-6214-4996-b98b-750e85433920___GH_HL Leaf 474.JPG,256,256,1.0,120.63516998291016,19.17327308654785,2255.498046875,6.261832408743617,113.70529174804688,125.63395690917969,113.07156372070312
PlantVillage Internal,D:\Tomato_Disease_Research\plantvillage\Tomato_healthy\4f334ff5-0f0a-4d15-8760-448bebddd4f2___GH_HL Leaf 527.JPG,256,256,1.0,123.17854309082031,18.802602767944336,1092.73291015625,6.250851068649758,117.15724182128906,127.83868408203125,114.97560119628906
PlantVillage Internal,D:\Tomato_Disease_Research\plantvillage\Tomato_healthy\500f0eb8-4141-454e-a186-68350293b2ce___RS_HL 9905.JPG,256,256,1.0,110.7550048828125,49.86790084838867,17406.02734375,7.509910005371046,111.40043640136719,110.60226440429688,109.84855651855469
PlantVillage Internal,D:\Tomato_Disease_Research\plantvillage\Tomato_healthy\50ac802c-b814-4faf-b0d5-a7bc012747eb___GH_HL Leaf 315.JPG,256,256,1.0,107.0594482421875,25.48126983642578,4428.58056640625,6.708849956839611,103.71748352050781,109.46882629394531,103.41856384277344
PlantVillage Internal,D:\Tomato_Disease_Research\plantvillage\Tomato_healthy\514c77da-8edc-4ce5-948c-fbab6f3b2d96___RS_HL 0478.JPG,256,256,1.0,114.5727767944336,49.684814453125,20680.693359375,7.587488548246233,113.55172729492188,117.76802062988281,100.79801940917969
PlantVillage Internal,D:\Tomato_Disease_Research\plantvillage\Tomato_healthy\52325034-c2a2-4f00-b49d-e67cafcd2828___GH_HL Leaf 399.1.JPG,256,256,1.0,116.34017181396484,20.166872024536133,202.19927978515625,6.256066256538355,108.26448059082031,122.84848022460938,104.00907897949219
PlantVillage Internal,D:\Tomato_Disease_Research\plantvillage\Tomato_healthy\5393abd2-b4e2-4af2-94d4-c52c919fc157___RS_HL 0322.JPG,256,256,1.0,112.3045654296875,56.385555267333984,13995.0576171875,7.545686281740741,111.32437133789062,114.1341552734375,105.45463562011719
PlantVillage Internal,D:\Tomato_Disease_Research\plantvillage\Tomato_healthy\54059d2e-8903-4cf1-9856-676620a5be93___GH_HL Leaf 484.JPG,256,256,1.0,119.2200927734375,25.4990234375,3178.035888671875,6.657861127498808,115.50155639648438,122.14697265625,113.9022216796875
PlantVillage Internal,D:\Tomato_Disease_Research\plantvillage\Tomato_healthy\541d6033-1cc7-4c86-a37b-423bc08d25a7___RS_HL 9973.JPG,256,256,1.0,112.45294189453125,45.49378967285156,16393.70703125,7.3841694156925515,113.29296875,112.05162048339844,112.31613159179688
PlantVillage Internal,D:\Tomato_Disease_Research\plantvillage\Tomato_healthy\5575d52c-a773-41fa-a7bc-a09c1ad912f2___RS_HL 0353.JPG,256,256,1.0,119.57250213623047,45.29740524291992,18258.322265625,7.444456886545327,121.36268615722656,119.68472290039062,114.29933166503906
PlantVillage Internal,D:\Tomato_Disease_Research\plantvillage\Tomato_healthy\57cc95ac-1fae-4959-ba16-d65c3db753d1___RS_HL 0312.JPG,256,256,1.0,107.57746124267578,52.93858337402344,17126.927734375,7.514212435175619,108.53114318847656,108.46250915527344,100.5189208984375
PlantVillage Internal,D:\Tomato_Disease_Research\plantvillage\Tomato_healthy\591c89ff-a75f-4613-b06d-4f3fbf6c426c___GH_HL Leaf 435.JPG,256,256,1.0,115.6858901977539,22.268884658813477,2089.588134765625,6.439868416070047,109.47993469238281,120.55709838867188,106.88047790527344
PlantVillage Internal,D:\Tomato_Disease_Research\plantvillage\Tomato_healthy\59f54d36-b98b-4271-88ed-7a9672907bee___RS_HL 0519.JPG,256,256,1.0,117.19969177246094,49.19035720825195,21291.9140625,7.542384709497576,118.2025146484375,118.54765319824219,107.62860107421875
PlantVillage Internal,D:\Tomato_Disease_Research\plantvillage\Tomato_healthy\5a7de071-ba6b-4a06-a3d4-eab0abdc6ecf___GH_HL Leaf 398.1.JPG,256,256,1.0,117.65121459960938,20.886703491210938,562.240966796875,6.2774626574867245,111.57731628417969,122.53890991210938,108.41462707519531
PlantVillage Internal,D:\Tomato_Disease_Research\plantvillage\Tomato_healthy\5b2457f5-96d5-4bcd-8025-dc55e666f660___RS_HL 0605.JPG,256,256,1.0,114.57760620117188,51.877960205078125,21798.869140625,7.607549391718552,117.32353210449219,115.50852966308594,102.58213806152344
PlantVillage Internal,D:\Tomato_Disease_Research\plantvillage\Tomato_healthy\5b7b9824-0cdd-4c67-9377-136a0615d784___RS_HL 0056.JPG,256,256,1.0,115.14363098144531,47.35177230834961,18531.447265625,7.488186455687282,116.10224914550781,115.35415649414062,111.54533386230469
PlantVillage Internal,D:\Tomato_Disease_Research\plantvillage\Tomato_healthy\5c23afc6-7236-4f07-adcd-61b1f69e3fb2___RS_HL 9801.JPG,256,256,1.0,111.16062927246094,51.03194046020508,16768.16015625,7.456908303434428,109.24903869628906,112.30674743652344,110.27288818359375
PlantVillage Internal,D:\Tomato_Disease_Research\plantvillage\Tomato_healthy\5f7d3261-84f4-4b85-b9e1-f15792638c2d___RS_HL 9676.JPG,256,256,1.0,120.51229095458984,39.54207229614258,17107.203125,7.2813463882310705,118.59196472167969,121.11163330078125,122.46278381347656
PlantVillage Internal,D:\Tomato_Disease_Research\plantvillage\Tomato_healthy\6193b998-c9ab-46fc-9ca9-249efceb9220___RS_HL 0642.JPG,256,256,1.0,112.37744140625,52.9688835144043,17159.62109375,7.555768208166305,112.84091186523438,112.72354125976562,109.37969970703125
PlantVillage Internal,D:\Tomato_Disease_Research\plantvillage\Tomato_healthy\62c9e613-b9ae-4be2-9000-2bc800549baa___RS_HL 9625.JPG,256,256,1.0,107.22178649902344,49.99430847167969,12561.01953125,7.51928084725779,102.50747680664062,109.4263916015625,108.23471069335938
PlantVillage Internal,D:\Tomato_Disease_Research\plantvillage\Tomato_healthy\63612a6e-c1f1-4ae1-9741-52c28b264dfa___GH_HL Leaf 464.JPG,256,256,1.0,118.67425537109375,19.294492721557617,1050.123291015625,6.301985353993949,108.5731201171875,125.84178161621094,108.26119995117188
PlantVillage Internal,D:\Tomato_Disease_Research\plantvillage\Tomato_healthy\647d15d1-5520-458d-92a4-bd647bbccb90___RS_HL 9934.JPG,256,256,1.0,123.39017486572266,45.15109634399414,13725.630859375,7.426287002632675,122.65538024902344,124.87539672851562,117.6697998046875
PlantVillage Internal,D:\Tomato_Disease_Research\plantvillage\Tomato_healthy\64b5d77e-2b06-461d-94f9-5f15250a7e77___GH_HL Leaf 505.1.JPG,256,256,1.0,98.6778564453125,26.66490364074707,3024.74072265625,6.762952665681345,94.39308166503906,100.51358032226562,100.46363830566406
PlantVillage Internal,D:\Tomato_Disease_Research\plantvillage\Tomato_healthy\666598c7-f09e-4f8b-baf1-7d99e38de8c9___GH_HL Leaf 430.1.JPG,256,256,1.0,118.8441390991211,19.832611083984375,2110.85400390625,6.278354504578525,111.999755859375,123.87745666503906,110.87843322753906
PlantVillage Internal,D:\Tomato_Disease_Research\plantvillage\Tomato_healthy\666b3b4d-5510-4413-88cd-838fffe72003___RS_HL 0098.JPG,256,256,1.0,119.20856475830078,53.107704162597656,17133.96875,7.557384249162239,117.97837829589844,120.56025695800781,115.47509765625
PlantVillage Internal,D:\Tomato_Disease_Research\plantvillage\Tomato_healthy\66fb848b-843a-469d-a2d2-80f0e0e7eda4___GH_HL Leaf 371.1.JPG,256,256,1.0,113.14783477783203,24.887754440307617,3108.861083984375,6.671922329216994,106.47846984863281,118.33346557617188,103.93891906738281
PlantVillage Internal,D:\Tomato_Disease_Research\plantvillage\Tomato_healthy\67dfa474-5a26-4bfb-a7ea-33f6f6f7a497___RS_HL 9794.JPG,256,256,1.0,126.07362365722656,50.00909423828125,17423.74609375,7.506029201645373,122.60636901855469,128.69923400878906,121.64797973632812
PlantVillage Internal,D:\Tomato_Disease_Research\plantvillage\Tomato_healthy\6a159b17-b233-4b65-ba45-9fbced7f1d39___RS_HL 0339.JPG,256,256,1.0,122.58238983154297,42.069427490234375,15190.390625,7.372380644047308,124.54739379882812,122.53497314453125,117.6727294921875
PlantVillage Internal,D:\Tomato_Disease_Research\plantvillage\Tomato_healthy\6ab4b4b5-3d4f-496b-9b08-7fa87bcfe875___RS_HL 9670.JPG,256,256,1.0,119.8947982788086,46.62821578979492,16542.8046875,7.45485574896856,118.27445983886719,120.13059997558594,122.93048095703125
PlantVillage Internal,D:\Tomato_Disease_Research\plantvillage\Tomato_healthy\6bcd0525-7b7a-4503-aff0-73cc04db5105___RS_HL 9916.JPG,256,256,1.0,120.98528289794922,47.43389892578125,13401.1328125,7.4535124286242525,120.06173706054688,121.8466796875,118.97213745117188
PlantVillage Internal,D:\Tomato_Disease_Research\plantvillage\Tomato_healthy\6cabb19a-2a35-4897-a646-a13e3cf494c6___RS_HL 0591.JPG,256,256,1.0,105.43255615234375,50.43238830566406,18877.171875,7.572421453013314,105.69061279296875,107.58880615234375,93.65289306640625
PlantVillage Internal,D:\Tomato_Disease_Research\plantvillage\Tomato_healthy\6d1dc982-e62e-448b-85bc-63b0d8363fa0___GH_HL Leaf 328.1.JPG,256,256,1.0,122.69828796386719,25.10318946838379,5051.9912109375,6.68048405132272,118.29515075683594,126.04878234863281,116.9947509765625
PlantVillage Internal,D:\Tomato_Disease_Research\plantvillage\Tomato_healthy\6d4285ef-e3f2-4cd3-a873-efdd989cf1cb___RS_HL 0182.JPG,256,256,1.0,120.45503234863281,47.165870666503906,17680.759765625,7.484150377786722,121.98176574707031,120.19895935058594,117.76921081542969
PlantVillage Internal,D:\Tomato_Disease_Research\plantvillage\Tomato_healthy\6d6f479a-d165-46b3-95d8-43c4778c23f9___GH_HL Leaf 205.1.JPG,256,256,1.0,117.14810180664062,24.8873348236084,6404.3056640625,6.666249120407917,111.48411560058594,121.49949645996094,109.59780883789062
PlantVillage Internal,D:\Tomato_Disease_Research\plantvillage\Tomato_healthy\6da1cf1b-a236-4d45-a390-dac6b65c45f7___GH_HL Leaf 264.JPG,256,256,1.0,126.29258728027344,23.88216781616211,3108.95458984375,6.53995245092927,122.5343017578125,129.34011840820312,120.45765686035156
PlantVillage Internal,D:\Tomato_Disease_Research\plantvillage\Tomato_healthy\6dde71bb-a416-41eb-a629-7b4541e85cfc___RS_HL 9734.JPG,256,256,1.0,120.94288635253906,40.9514274597168,6862.53857421875,7.141727241541448,117.21278381347656,122.83888244628906,120.96347045898438
PlantVillage Internal,D:\Tomato_Disease_Research\plantvillage\Tomato_healthy\70e2244d-152b-4dc7-b002-5991e1a195db___RS_HL 9948.JPG,256,256,1.0,122.76509094238281,45.19770050048828,11512.3037109375,7.358818765444238,121.65785217285156,123.72108459472656,120.74656677246094
PlantVillage Internal,D:\Tomato_Disease_Research\plantvillage\Tomato_healthy\7181181c-b571-4cf0-80c3-c52bd785ccf9___GH_HL Leaf 218.JPG,256,256,1.0,118.60419464111328,25.261924743652344,3381.4208984375,6.6353248305690125,114.10281372070312,122.32559204101562,111.24853515625
PlantVillage Internal,D:\Tomato_Disease_Research\plantvillage\Tomato_healthy\757dc01f-63b5-47aa-b15d-37cbb3f8e76c___GH_HL Leaf 184.1.JPG,256,256,1.0,121.98046112060547,23.6888427734375,4510.76171875,6.594547528761149,116.48643493652344,126.33915710449219,113.94677734375
PlantVillage Internal,D:\Tomato_Disease_Research\plantvillage\Tomato_healthy\75a4f049-e99c-4666-845f-7b1577dbd662___RS_HL 9955.JPG,256,256,1.0,114.37080383300781,51.85142135620117,16456.7890625,7.53911397755285,113.11404418945312,115.79811096191406,110.31759643554688
PlantVillage Internal,D:\Tomato_Disease_Research\plantvillage\Tomato_healthy\77c978a3-7285-4d36-a858-1b77729020b7___GH_HL Leaf 462.1.JPG,256,256,1.0,105.93887329101562,21.42746353149414,2674.297607421875,6.3874952106715215,98.47216796875,110.55889892578125,101.73355102539062
PlantVillage Internal,D:\Tomato_Disease_Research\plantvillage\Tomato_healthy\77e04405-25a3-4be4-8fa8-60c73888eca6___RS_HL 0599.JPG,256,256,1.0,117.81568908691406,49.34680938720703,19480.546875,7.553615285323595,120.65962219238281,118.07359313964844,109.02861022949219
PlantVillage Internal,D:\Tomato_Disease_Research\plantvillage\Tomato_healthy\7919a8c4-0eb1-477f-8534-fc8841245cf7___RS_HL 0538.JPG,256,256,1.0,113.60111999511719,48.396575927734375,24372.9453125,7.573254623448404,115.27874755859375,114.00210571289062,107.13629150390625
PlantVillage Internal,D:\Tomato_Disease_Research\plantvillage\Tomato_healthy\7a5fe2a0-ac85-4a37-b0f6-8cfc8fb21c9c___RS_HL 9865.JPG,256,256,1.0,117.49205017089844,53.73091506958008,16412.60546875,7.588139602930649,116.25532531738281,118.662109375,114.71089172363281
PlantVillage Internal,D:\Tomato_Disease_Research\plantvillage\Tomato_healthy\7ad747e8-af36-4128-a819-b35e55c93b56___GH_HL Leaf 489.1.JPG,256,256,1.0,119.45889282226562,26.5516357421875,2157.698974609375,6.689828873140705,116.60159301757812,121.36679077148438,117.1290283203125
PlantVillage Internal,D:\Tomato_Disease_Research\plantvillage\Tomato_healthy\7e0f5a39-e44e-40fe-8486-f369cb59895b___RS_HL 9790.JPG,256,256,1.0,117.07823944091797,44.26014709472656,7967.4599609375,7.241187417251437,116.03315734863281,117.64149475097656,116.91903686523438
PlantVillage Internal,D:\Tomato_Disease_Research\plantvillage\Tomato_healthy\7ee078a8-218e-4ebf-8935-ec9f844ab744___GH_HL Leaf 212.9.JPG,256,256,1.0,117.96147918701172,21.888689041137695,2569.873046875,6.480566877454006,109.40797424316406,124.58377075195312,106.29666137695312
PlantVillage Internal,D:\Tomato_Disease_Research\plantvillage\Tomato_healthy\7f7b6cff-3d29-45ad-a0df-56f568289be9___GH_HL Leaf 506.1.JPG,256,256,1.0,105.05625915527344,25.451494216918945,3600.22900390625,6.658966382891322,101.60945129394531,105.73681640625,110.59226989746094
PlantVillage Internal,D:\Tomato_Disease_Research\plantvillage\Tomato_healthy\8140c767-937d-450c-8070-2936aeb73834___GH_HL Leaf 439.1.JPG,256,256,1.0,117.12110900878906,18.553630828857422,994.8825073242188,6.195057885932512,111.82431030273438,121.3004150390625,109.49388122558594
PlantVillage Internal,D:\Tomato_Disease_Research\plantvillage\Tomato_healthy\824ae544-73d2-448a-b442-a8d2cdd83922___RS_HL 9900.JPG,256,256,1.0,130.820068359375,45.34992599487305,16865.39453125,7.400150483962836,130.7816162109375,132.6669921875,121.41093444824219
PlantVillage Internal,D:\Tomato_Disease_Research\plantvillage\Tomato_healthy\8298308b-4f4e-472b-9ee5-bd5887299f59___RS_HL 0269.JPG,256,256,1.0,126.48084259033203,43.38326644897461,21353.55078125,7.427133711830885,128.35447692871094,126.44892883300781,121.73100280761719
PlantVillage Internal,D:\Tomato_Disease_Research\plantvillage\Tomato_healthy\82b63dfc-d0b6-4bb3-afc4-db8d61476b10___GH_HL Leaf 415.JPG,256,256,1.0,116.13417053222656,21.255359649658203,3953.9658203125,6.445350220699197,110.00981140136719,121.08164978027344,106.72200012207031
PlantVillage Internal,D:\Tomato_Disease_Research\plantvillage\Tomato_healthy\83917dc9-aad9-4362-840e-24daab278519___RS_HL 0354.JPG,256,256,1.0,114.5311508178711,47.97967529296875,19844.46484375,7.515861619699503,115.53981018066406,115.28010559082031,108.0291748046875
PlantVillage Internal,D:\Tomato_Disease_Research\plantvillage\Tomato_healthy\83fa8d6f-4c08-46bf-b4cf-7a33d4fe0031___GH_HL Leaf 180.JPG,256,256,1.0,126.27764892578125,27.85564422607422,8156.9091796875,6.831333898999667,121.8343505859375,129.90524291992188,119.25277709960938
PlantVillage Internal,D:\Tomato_Disease_Research\plantvillage\Tomato_healthy\85487c92-0a3d-4dd9-a8f9-6d7b7e1887e6___RS_HL 9789.JPG,256,256,1.0,111.42073822021484,47.09034729003906,16611.421875,7.468491564395853,108.94500732421875,112.48223876953125,112.4482421875
PlantVillage Internal,D:\Tomato_Disease_Research\plantvillage\Tomato_healthy\8558f71b-626f-40f3-863d-69493941f829___RS_HL 0044.JPG,256,256,1.0,115.4273681640625,51.75202560424805,19560.416015625,7.6186949678867055,116.72386169433594,116.152587890625,108.29264831542969
PlantVillage Internal,D:\Tomato_Disease_Research\plantvillage\Tomato_healthy\86a7487a-e9a1-413c-b8ad-6dfacf9c0b2a___GH_HL Leaf 413.1.JPG,256,256,1.0,91.7362060546875,19.31471061706543,4662.51806640625,6.298367951636183,87.48799133300781,94.69085693359375,87.66459655761719
PlantVillage Internal,D:\Tomato_Disease_Research\plantvillage\Tomato_healthy\87f08e15-5b2d-4d01-b83b-fd958eba02d4___GH_HL Leaf 434.2.JPG,256,256,1.0,125.65103912353516,19.965415954589844,1120.9818115234375,6.2643993409165875,118.25643920898438,131.21043395996094,116.41964721679688
PlantVillage Internal,D:\Tomato_Disease_Research\plantvillage\Tomato_healthy\886c81aa-0494-4dd7-adc5-301af73df1f7___GH_HL Leaf 215.JPG,256,256,1.0,120.0679702758789,23.63460350036621,3638.276611328125,6.590591049193117,113.24769592285156,125.02743530273438,112.41929626464844
PlantVillage Internal,D:\Tomato_Disease_Research\plantvillage\Tomato_healthy\8887e405-f98f-43c6-a85e-71aea03092b9___RS_HL 0238.JPG,256,256,1.0,101.65997314453125,43.31278991699219,11961.6044921875,7.3502131073701,98.53215026855469,104.68856811523438,94.26901245117188
PlantVillage Internal,D:\Tomato_Disease_Research\plantvillage\Tomato_healthy\89787310-40fb-4d46-9b4b-5f8426e26ccf___GH_HL Leaf 442.1.JPG,256,256,1.0,111.1102066040039,23.05249786376953,1221.2886962890625,6.399618580559622,105.90229797363281,114.87103271484375,105.40461730957031
PlantVillage Internal,D:\Tomato_Disease_Research\plantvillage\Tomato_healthy\8a4dc6f9-2f54-4bdd-957f-d9fb709e1b26___GH_HL Leaf 302.1.JPG,256,256,1.0,116.41548156738281,23.49550437927246,5175.845703125,6.593027628975835,111.49137878417969,120.38290405273438,108.90170288085938
PlantVillage Internal,D:\Tomato_Disease_Research\plantvillage\Tomato_healthy\8ac1645d-48d9-4f3e-842b-0187daeeb57c___RS_HL 0523.JPG,256,256,1.0,122.37983703613281,47.881046295166016,21521.80078125,7.554789828808909,124.66001892089844,123.18247985839844,112.26649475097656
PlantVillage Internal,D:\Tomato_Disease_Research\plantvillage\Tomato_healthy\8b94be33-e461-4004-8891-0a69598cea6b___GH_HL Leaf 223.1.JPG,256,256,1.0,118.5951156616211,20.38545036315918,5405.34765625,6.384887715186563,111.78004455566406,123.89051818847656,109.20306396484375
PlantVillage Internal,D:\Tomato_Disease_Research\plantvillage\Tomato_healthy\8c4ce164-9f46-4426-aff9-137acdc42c19___RS_HL 0424.JPG,256,256,1.0,115.8055191040039,50.13529586791992,19762.53125,7.57339095910424,116.20724487304688,117.05799865722656,108.30265808105469
PlantVillage Internal,D:\Tomato_Disease_Research\plantvillage\Tomato_healthy\8c4cf935-765a-4689-a093-08e8c64fb124___GH_HL Leaf 369.JPG,256,256,1.0,115.46662902832031,17.646644592285156,1374.61962890625,6.1546386491701295,109.29682922363281,120.01884460449219,108.20889282226562
PlantVillage Internal,D:\Tomato_Disease_Research\plantvillage\Tomato_healthy\8c5dbb8f-90fb-4ec7-9563-11e54723687e___GH_HL Leaf 190.JPG,256,256,1.0,118.24082946777344,26.28561019897461,5164.1884765625,6.7547765519689,113.28614807128906,122.54252624511719,109.08602905273438
PlantVillage Internal,D:\Tomato_Disease_Research\plantvillage\Tomato_healthy\8ccf22b2-53fe-4886-b88d-d65aa0cf7252___GH_HL Leaf 196.1.JPG,256,256,1.0,116.08602142333984,27.362754821777344,8036.18359375,6.810365304486402,112.96662902832031,118.84097290039062,110.08203125
PlantVillage Internal,D:\Tomato_Disease_Research\plantvillage\Tomato_healthy\8d4a3b2d-bcef-4861-a0a0-c3cb0a1990ce___GH_HL Leaf 204.JPG,256,256,1.0,109.61204528808594,25.328828811645508,6462.2890625,6.698576089875385,102.40669250488281,116.54837036132812,92.79429626464844
PlantVillage Internal,D:\Tomato_Disease_Research\plantvillage\Tomato_healthy\8db2e3c6-c5d9-41ec-9977-7b1a71964f24___GH_HL Leaf 501.2.JPG,256,256,1.0,111.93508911132812,24.87051773071289,2469.985107421875,6.659752697447183,107.43537902832031,113.80419921875,114.11264038085938
PlantVillage Internal,D:\Tomato_Disease_Research\plantvillage\Tomato_healthy\8ddc8178-4609-4267-bd55-028de3f759c8___RS_HL 0004.JPG,256,256,1.0,106.96952056884766,47.942989349365234,13610.267578125,7.388547170486951,105.76042175292969,109.13700866699219,98.98007202148438
PlantVillage Internal,D:\Tomato_Disease_Research\plantvillage\Tomato_healthy\8e19f6ec-51c4-496a-9970-746085371064___RS_HL 9829.JPG,256,256,1.0,109.59428405761719,52.48278045654297,16109.498046875,7.6101908086174,106.24632263183594,112.40571594238281,103.89888000488281
PlantVillage Internal,D:\Tomato_Disease_Research\plantvillage\Tomato_healthy\911f4e0f-c13a-411a-8a75-2793b006a5d4___RS_HL 0083.JPG,256,256,1.0,123.15159606933594,44.57828903198242,16749.224609375,7.419625143643849,123.83685302734375,123.88591003417969,117.57321166992188
PlantVillage Internal,D:\Tomato_Disease_Research\plantvillage\Tomato_healthy\9266e5f5-ab7a-461a-836d-fa03f1669a6a___RS_HL 9810.JPG,256,256,1.0,120.77458190917969,46.51292037963867,15184.166015625,7.483716661216093,117.18524169921875,123.54789733886719,115.90853881835938
PlantVillage Internal,D:\Tomato_Disease_Research\plantvillage\Tomato_healthy\9299f3e8-15ee-4cf2-997a-058bb19900a5___RS_HL 9781.JPG,256,256,1.0,118.83993530273438,50.2737922668457,16812.75,7.457152431516362,115.94961547851562,120.94107055664062,115.60169982910156
PlantVillage Internal,D:\Tomato_Disease_Research\plantvillage\Tomato_healthy\92c06519-cec4-4091-9ae1-5ea8b56c89cd___GH_HL Leaf 525.JPG,256,256,1.0,98.48712158203125,25.23115348815918,3772.2822265625,6.662856577718624,94.30648803710938,101.3016357421875,94.95979309082031
PlantVillage Internal,D:\Tomato_Disease_Research\plantvillage\Tomato_healthy\93e8763c-b124-48c4-bc46-df4d92625fa3___RS_HL 0261.JPG,256,256,1.0,120.66831970214844,46.40716552734375,24454.41796875,7.547872316073932,122.83700561523438,120.37831115722656,116.47354125976562
PlantVillage Internal,D:\Tomato_Disease_Research\plantvillage\Tomato_healthy\95973ed9-f9a8-4c71-b232-432f61020fe3___GH_HL Leaf 412.JPG,256,256,1.0,113.03575134277344,23.754432678222656,5933.01513671875,6.609325942967077,108.42555236816406,116.46865844726562,107.45094299316406
PlantVillage Internal,D:\Tomato_Disease_Research\plantvillage\Tomato_healthy\95a43787-4b69-4ad8-854f-7d8cbd1e6cac___RS_HL 9642.JPG,256,256,1.0,127.8216781616211,45.47616958618164,11273.3623046875,7.406734188093418,126.18446350097656,127.35063171386719,134.54124450683594
PlantVillage Internal,D:\Tomato_Disease_Research\plantvillage\Tomato_healthy\96bf0aea-6bf2-4ad8-8fa9-bbbc30be4967___RS_HL 0200.JPG,256,256,1.0,118.74244689941406,47.85504150390625,18257.21484375,7.478259711416174,120.63705444335938,118.65361022949219,114.23074340820312
PlantVillage Internal,D:\Tomato_Disease_Research\plantvillage\Tomato_healthy\989dc406-c1db-4a9c-9cda-ae66f1288b9b___RS_HL 0032.JPG,256,256,1.0,117.09205627441406,47.04166793823242,18207.73046875,7.52098900638779,114.97700500488281,119.93852233886719,107.98271179199219
PlantVillage Internal,D:\Tomato_Disease_Research\plantvillage\Tomato_healthy\9ae93bcc-5cfb-4407-a711-de800fb2853a___GH_HL Leaf 519.4.JPG,256,256,1.0,120.75469970703125,22.637996673583984,2596.25927734375,6.526614829519372,117.62788391113281,122.6739501953125,119.07333374023438
PlantVillage Internal,D:\Tomato_Disease_Research\plantvillage\Tomato_healthy\9aeac2ec-83f4-4348-bc26-8f55b8eb6c52___RS_HL 9817.JPG,256,256,1.0,111.43452453613281,48.04506301879883,18979.5546875,7.497812619632137,110.75386047363281,111.59690856933594,112.38357543945312
PlantVillage Internal,D:\Tomato_Disease_Research\plantvillage\Tomato_healthy\9c42acb9-3794-41d5-acc0-3c4949aa5e52___RS_HL 0442.JPG,256,256,1.0,123.00692749023438,43.6445426940918,19400.291015625,7.45089572711105,124.54483032226562,123.55543518066406,116.14897155761719
PlantVillage Internal,D:\Tomato_Disease_Research\plantvillage\Tomato_healthy\9dc940f8-cd79-4341-95ef-f845583d9dff___RS_HL 9751.JPG,256,256,1.0,114.19517517089844,47.581092834472656,14413.328125,7.4173783090235625,113.0128173828125,115.39581298828125,111.11402893066406
PlantVillage Internal,D:\Tomato_Disease_Research\plantvillage\Tomato_healthy\9fb8872e-e963-4d2c-9b16-62757705ca3f___RS_HL 0130.JPG,256,256,1.0,111.4422836303711,44.47163772583008,17711.283203125,7.4346071646891,110.40904235839844,113.44548034667969,103.83755493164062
PlantVillage Internal,D:\Tomato_Disease_Research\plantvillage\Tomato_healthy\a05f8f2d-6ac6-45d8-b7ad-394bbda892fc___RS_HL 0613.JPG,256,256,1.0,112.41319274902344,52.28608703613281,23168.404296875,7.581243147984679,114.89697265625,112.7408447265625,104.21159362792969
PlantVillage Internal,D:\Tomato_Disease_Research\plantvillage\Tomato_healthy\a154b0c0-ad46-47ec-b9f4-50a4ee625849___RS_HL 9827.JPG,256,256,1.0,112.71592712402344,51.60392379760742,10498.248046875,7.493880358560442,109.25251770019531,116.02197265625,104.77655029296875
PlantVillage Internal,D:\Tomato_Disease_Research\plantvillage\Tomato_healthy\a2118ec3-8434-4e93-8a4a-aa93262dfa76___RS_HL 0551.JPG,256,256,1.0,113.6597900390625,49.14823913574219,19428.43359375,7.5267378078355085,117.85743713378906,113.05229187011719,105.77818298339844
PlantVillage Internal,D:\Tomato_Disease_Research\plantvillage\Tomato_healthy\aadb9f92-d885-4a69-a498-437b1edeab90___RS_HL 9959.JPG,256,256,1.0,109.66954040527344,51.162803649902344,18012.70703125,7.515495419855236,109.52958679199219,109.67874145507812,109.98922729492188
PlantVillage Internal,D:\Tomato_Disease_Research\plantvillage\Tomato_healthy\ab8170dd-6785-4298-a0a3-d2d40e9e6558___RS_HL 0192.JPG,256,256,1.0,117.2366943359375,51.81300735473633,19967.625,7.573339892583643,118.59634399414062,117.21000671386719,113.80802917480469
PlantVillage Internal,D:\Tomato_Disease_Research\plantvillage\Tomato_healthy\abaaf21a-3c59-4a00-825e-2f05f045bbf9___RS_HL 0066.JPG,256,256,1.0,106.38526153564453,55.473270416259766,19781.5390625,7.559664114005656,108.91014099121094,105.63883972167969,103.60641479492188
PlantVillage Internal,D:\Tomato_Disease_Research\plantvillage\Tomato_healthy\abab2c83-54cb-4427-b239-7f55be4d7f78___RS_HL 9709.JPG,256,256,1.0,118.6246337890625,41.27285385131836,15252.2822265625,7.340060462501246,115.24113464355469,120.11503601074219,119.82453918457031
PlantVillage Internal,D:\Tomato_Disease_Research\plantvillage\Tomato_healthy\ad8359a4-48b9-4469-a012-ed9b220de38e___GH_HL Leaf 285.1.JPG,256,256,1.0,116.44206237792969,25.549495697021484,3570.140625,6.663512881456373,111.40089416503906,120.18359375,110.39845275878906
PlantVillage Internal,D:\Tomato_Disease_Research\plantvillage\Tomato_healthy\af409ada-072e-4b27-ab15-5cd00116f82e___RS_HL 9824.JPG,256,256,1.0,116.0426025390625,43.3082160949707,16909.658203125,7.415704076763733,112.91146850585938,118.08505249023438,113.73814392089844
PlantVillage Internal,D:\Tomato_Disease_Research\plantvillage\Tomato_healthy\afbedba8-4d3a-4816-9c55-bd666d262b59___RS_HL 9841.JPG,256,256,1.0,112.29883575439453,54.41663360595703,18401.21484375,7.558031858707669,111.43258666992188,113.31114196777344,109.35832214355469
PlantVillage Internal,D:\Tomato_Disease_Research\plantvillage\Tomato_healthy\b089aa0a-1778-4c3d-ad5d-7997a9b97dbb___GH_HL Leaf 481.JPG,256,256,1.0,113.40798950195312,27.339868545532227,5373.529296875,6.799281741175077,108.59326171875,116.65242004394531,109.33018493652344
PlantVillage Internal,D:\Tomato_Disease_Research\plantvillage\Tomato_healthy\b2e63ab4-09d6-4b43-8767-6ce042e080b5___RS_HL 0309.JPG,256,256,1.0,119.22686767578125,51.27813720703125,16514.70703125,7.536858602815961,120.46749877929688,119.81057739257812,112.96737670898438
PlantVillage Internal,D:\Tomato_Disease_Research\plantvillage\Tomato_healthy\b3eaae0f-95b4-4bb5-89b5-4460cf79e554___RS_HL 0583.JPG,256,256,1.0,130.57684326171875,47.219017028808594,17923.814453125,7.44132688185346,132.2380828857422,132.83163452148438,114.60958862304688
PlantVillage Internal,D:\Tomato_Disease_Research\plantvillage\Tomato_healthy\b5f50782-f831-4b0c-821d-3d60879b4758___RS_HL 0064.JPG,256,256,1.0,111.40267181396484,52.30112838745117,18977.96484375,7.507020754887465,114.71989440917969,110.40481567382812,107.84030151367188
PlantVillage Internal,D:\Tomato_Disease_Research\plantvillage\Tomato_healthy\b632d565-2883-4d01-a994-2068433bac08___RS_HL 9843.JPG,256,256,1.0,117.28643035888672,41.651405334472656,15752.009765625,7.3297325540473555,113.5718994140625,120.70506286621094,109.42596435546875
PlantVillage Internal,D:\Tomato_Disease_Research\plantvillage\Tomato_healthy\b6690f04-b49a-43eb-8804-67eeffae7950___RS_HL 0518.JPG,256,256,1.0,110.52145385742188,52.10626220703125,21043.51953125,7.545651854147184,112.74482727050781,111.56222534179688,99.3309326171875
PlantVillage Internal,D:\Tomato_Disease_Research\plantvillage\Tomato_healthy\b95435ea-5649-465e-83cc-247d1ab11b54___GH_HL Leaf 203.JPG,256,256,1.0,112.2890625,27.263076782226562,6953.501953125,6.803467348990861,103.7587890625,119.32818603515625,98.41703796386719
PlantVillage Internal,D:\Tomato_Disease_Research\plantvillage\Tomato_healthy\ba09e9e0-fafc-4303-b1e3-136fa924d339___RS_HL 0403.JPG,256,256,1.0,123.49520111083984,45.68406677246094,13430.037109375,7.38920764526123,122.81782531738281,126.09088134765625,111.9063720703125
PlantVillage Internal,D:\Tomato_Disease_Research\plantvillage\Tomato_healthy\bab33032-182b-43c7-8eea-392267cd11ef___RS_HL 9822.JPG,256,256,1.0,122.9314193725586,40.37382125854492,16507.33984375,7.338683600285862,120.64747619628906,124.16897583007812,122.54940795898438
PlantVillage Internal,D:\Tomato_Disease_Research\plantvillage\Tomato_healthy\bb0d7ad0-8374-41a1-85bd-699892bb8431___RS_HL 0176.JPG,256,256,1.0,117.92219543457031,42.612083435058594,15941.30078125,7.328074667802563,116.90800476074219,119.94039916992188,110.19023132324219
PlantVillage Internal,D:\Tomato_Disease_Research\plantvillage\Tomato_healthy\bc21b9df-de42-4899-991c-065035815af4___RS_HL 0569.JPG,256,256,1.0,112.66470336914062,51.418609619140625,18284.32421875,7.529629855743808,116.05670166015625,112.31196594238281,105.58444213867188
PlantVillage Internal,D:\Tomato_Disease_Research\plantvillage\Tomato_healthy\bc339a85-6c4e-428a-a18e-9174acdcab1e___RS_HL 0513.JPG,256,256,1.0,116.65998077392578,45.6390266418457,22376.767578125,7.487542753699113,118.66355895996094,117.35200500488281,107.84170532226562
PlantVillage Internal,D:\Tomato_Disease_Research\plantvillage\Tomato_healthy\bc3ca9e1-86c1-4945-9993-c61a38a942ed___GH_HL Leaf 294.JPG,256,256,1.0,118.62239074707031,24.679155349731445,5296.9384765625,6.6628608173919925,108.81913757324219,126.05227661132812,106.07699584960938
PlantVillage Internal,D:\Tomato_Disease_Research\plantvillage\Tomato_healthy\bc5e650e-075e-4359-9f31-79cd0ef3208b___RS_HL 9807.JPG,256,256,1.0,110.7171630859375,42.49774169921875,8056.009765625,7.135219636503285,109.186279296875,111.4017333984375,111.2073974609375
PlantVillage Internal,D:\Tomato_Disease_Research\plantvillage\Tomato_healthy\bcf2a4c7-5e73-4443-b39c-74fd6895afb5___GH_HL Leaf 248.1.JPG,256,256,1.0,114.0498275756836,21.618906021118164,4413.14453125,6.472152540429201,108.47087097167969,118.45036315917969,106.02352905273438
PlantVillage Internal,D:\Tomato_Disease_Research\plantvillage\Tomato_healthy\be5a8881-cc33-42c0-adc7-52d2380a9902___GH_HL Leaf 505.4.JPG,256,256,1.0,115.963623046875,28.150846481323242,2210.359375,6.8227394636536065,111.43721008300781,117.9564208984375,117.57431030273438
PlantVillage Internal,D:\Tomato_Disease_Research\plantvillage\Tomato_healthy\beaa693e-fa0d-4bde-943a-0a834f251301___RS_HL 0290.JPG,256,256,1.0,119.05547332763672,43.81979751586914,16286.9169921875,7.409388076105887,118.48739624023438,121.31033325195312,108.934814453125
PlantVillage Internal,D:\Tomato_Disease_Research\plantvillage\Tomato_healthy\c0b3ea2d-4889-4693-8590-cef2d32b81e3___RS_HL 0370.JPG,256,256,1.0,114.1209716796875,47.12318801879883,20842.83984375,7.468486019976568,113.69749450683594,115.98135375976562,105.65229797363281
PlantVillage Internal,D:\Tomato_Disease_Research\plantvillage\Tomato_healthy\c1c04a55-0dd5-48e2-9cc6-76bbcc1899fd___GH_HL Leaf 340.1.JPG,256,256,1.0,97.28271484375,20.4956111907959,3647.43603515625,6.359112563405768,92.1348876953125,102.0430908203125,86.27272033691406
PlantVillage Internal,D:\Tomato_Disease_Research\plantvillage\Tomato_healthy\c268e18a-6916-43ef-8aa8-f68b1429b7dc___GH_HL Leaf 236.2.JPG,256,256,1.0,108.84336853027344,24.014179229736328,5319.9990234375,6.609211089800984,102.2364501953125,113.96620178222656,99.7939453125
PlantVillage Internal,D:\Tomato_Disease_Research\plantvillage\Tomato_healthy\c273003c-f52b-4a40-92f5-c1b8e9da53b7___RS_HL 0372.JPG,256,256,1.0,115.49027252197266,51.36476135253906,14879.447265625,7.460033519235145,117.2235107421875,115.9630126953125,108.51008605957031
PlantVillage Internal,D:\Tomato_Disease_Research\plantvillage\Tomato_healthy\c2c1758f-3576-4e8a-9853-5f11ac4d20d6___GH_HL Leaf 316.1.JPG,256,256,1.0,131.55479431152344,23.661256790161133,4514.88916015625,6.595036222045658,126.28013610839844,136.37838745117188,120.55207824707031
PlantVillage Internal,D:\Tomato_Disease_Research\plantvillage\Tomato_healthy\c458d9e4-15b1-41f4-a93b-020d915afd0c___RS_HL 9884.JPG,256,256,1.0,120.34021759033203,45.908599853515625,19850.6640625,7.435112144427915,119.95671081542969,120.67820739746094,119.605712890625
PlantVillage Internal,D:\Tomato_Disease_Research\plantvillage\Tomato_healthy\c52610f1-e253-49ac-bb6f-af3dc1d9c396___GH_HL Leaf 363.1.JPG,256,256,1.0,115.20219421386719,19.63784408569336,339.1114501953125,6.264694512690454,106.24951171875,121.95738220214844,103.90016174316406
PlantVillage Internal,D:\Tomato_Disease_Research\plantvillage\Tomato_healthy\c57d8785-87fa-4ac4-af26-048936a5dbf0___RS_HL 0325.JPG,256,256,1.0,116.72591400146484,51.33168029785156,18071.615234375,7.587038375237455,116.07713317871094,119.90791320800781,102.04304504394531
PlantVillage Internal,D:\Tomato_Disease_Research\plantvillage\Tomato_healthy\c59a5a86-2645-49e0-a6e0-c9e8112f95d5___GH_HL Leaf 166.1.JPG,256,256,1.0,121.91288757324219,26.552143096923828,3439.593994140625,6.750173118213406,117.21359252929688,124.9141845703125,118.78416442871094
PlantVillage Internal,D:\Tomato_Disease_Research\plantvillage\Tomato_healthy\c8a610ce-ef41-42b4-ad46-fe82891ac4e0___GH_HL Leaf 258.JPG,256,256,1.0,115.86508178710938,27.33545684814453,9311.505859375,6.804387383413633,112.48716735839844,118.34310913085938,111.96498107910156
PlantVillage Internal,D:\Tomato_Disease_Research\plantvillage\Tomato_healthy\c9f92d4b-9d9c-4932-ba1b-bc290987c154___RS_HL 0350.JPG,256,256,1.0,113.58387756347656,46.68528366088867,15452.775390625,7.493098365180469,114.02127075195312,114.36968994140625,108.39041137695312
PlantVillage Internal,D:\Tomato_Disease_Research\plantvillage\Tomato_healthy\ca553e23-a738-485a-95e6-3b578477d3f4___RS_HL 9854.JPG,256,256,1.0,111.90021514892578,51.31216812133789,18157.4375,7.615088284423768,108.54066467285156,114.72488403320312,106.1671142578125
PlantVillage Internal,D:\Tomato_Disease_Research\plantvillage\Tomato_healthy\caa60224-1c60-455e-8b7c-e73626af84c1___GH_HL Leaf 214.JPG,256,256,1.0,107.56096649169922,23.8861026763916,4963.9208984375,6.606769051700595,102.28733825683594,111.73851013183594,99.88194274902344
PlantVillage Internal,D:\Tomato_Disease_Research\plantvillage\Tomato_healthy\caab6cf8-07a8-422a-84e9-3311f85d2427___RS_HL 0455.JPG,256,256,1.0,120.19841003417969,48.58848571777344,18185.3203125,7.505966908358352,121.91302490234375,120.97149658203125,111.72056579589844
PlantVillage Internal,D:\Tomato_Disease_Research\plantvillage\Tomato_healthy\cb4a744a-1f1d-4cb1-b2a4-f1e1a12426ca___RS_HL 9970.JPG,256,256,1.0,122.3310546875,44.90917205810547,15582.7587890625,7.412653317338841,123.33175659179688,121.99482727050781,121.43763732910156
PlantVillage Internal,D:\Tomato_Disease_Research\plantvillage\Tomato_healthy\cc69ca79-bef9-449b-892f-b1e76310aa60___RS_HL 9868.JPG,256,256,1.0,108.22598266601562,48.05063247680664,14820.306640625,7.48176107209605,106.69384765625,109.62765502929688,105.02711486816406
PlantVillage Internal,D:\Tomato_Disease_Research\plantvillage\Tomato_healthy\ce081d63-8710-460f-9f20-cc67ef62fa37___RS_HL 9685.JPG,256,256,1.0,124.29473876953125,38.376224517822266,6568.98974609375,7.13185879767454,119.53565979003906,126.19349670410156,126.99986267089844
PlantVillage Internal,D:\Tomato_Disease_Research\plantvillage\Tomato_healthy\ce9a5c21-e77d-4db4-baa3-d03c24e360b0___GH_HL Leaf 281.JPG,256,256,1.0,115.08595275878906,25.187816619873047,6607.2763671875,6.685845468027452,108.68844604492188,120.09814453125,106.05697631835938
PlantVillage Internal,D:\Tomato_Disease_Research\plantvillage\Tomato_healthy\cea3c7e9-94d8-4f97-bd50-e19a428c5162___RS_HL 0013.JPG,256,256,1.0,124.49655151367188,42.46388244628906,11155.07421875,7.273036693936318,124.93132019042969,124.927490234375,121.13722229003906
PlantVillage Internal,D:\Tomato_Disease_Research\plantvillage\Tomato_healthy\ceb2bf82-b22d-43bb-9a32-cac11e19febd___RS_HL 0406.JPG,256,256,1.0,111.93025207519531,53.06662368774414,22027.21875,7.618152225557832,113.27130126953125,112.87007141113281,103.57374572753906
PlantVillage Internal,D:\Tomato_Disease_Research\plantvillage\Tomato_healthy\d02f79d7-34a8-4313-924b-ca75fa38b1fb___RS_HL 9655.JPG,256,256,1.0,114.672119140625,52.84626770019531,15621.5341796875,7.571113299055375,110.28118896484375,116.95062255859375,114.45639038085938
PlantVillage Internal,D:\Tomato_Disease_Research\plantvillage\Tomato_healthy\d030352a-d87f-4ee2-a619-bc68d9896004___GH_HL Leaf 197.JPG,256,256,1.0,127.92349243164062,21.411970138549805,4074.074951171875,6.447235815746546,123.06942749023438,132.13233947753906,118.98292541503906
PlantVillage Internal,D:\Tomato_Disease_Research\plantvillage\Tomato_healthy\d382d5de-6608-4492-a1eb-e4c525f8b3e4___GH_HL Leaf 461.JPG,256,256,1.0,110.7997055053711,21.91971778869629,1449.7379150390625,6.464089175120245,104.09422302246094,115.34912109375,104.96142578125
PlantVillage Internal,D:\Tomato_Disease_Research\plantvillage\Tomato_healthy\d38fc068-8503-4868-9c57-8fba55a7892d___RS_HL 0293.JPG,256,256,1.0,107.99189758300781,43.56454086303711,20994.10546875,7.425410242773471,109.54998779296875,108.09965515136719,103.35041809082031
PlantVillage Internal,D:\Tomato_Disease_Research\plantvillage\Tomato_healthy\d3997d9d-f607-44f2-9473-b41db6b1116b___GH_HL Leaf 473.JPG,256,256,1.0,120.78202819824219,19.966121673583984,2047.3912353515625,6.337591851083067,113.09310913085938,126.44023132324219,111.81381225585938
PlantVillage Internal,D:\Tomato_Disease_Research\plantvillage\Tomato_healthy\d578b8cd-9a1c-434b-9507-17ced7dffb34___GH_HL Leaf 249.JPG,256,256,1.0,120.61527252197266,18.422264099121094,2273.7275390625,6.239100348489133,110.77096557617188,128.15545654296875,107.60964965820312
PlantVillage Internal,D:\Tomato_Disease_Research\plantvillage\Tomato_healthy\d6128bab-2cc4-4005-9184-2b7303773682___RS_HL 9828.JPG,256,256,1.0,119.69244384765625,50.098915100097656,16824.25390625,7.559804351720893,118.118896484375,121.4078369140625,114.98667907714844
PlantVillage Internal,D:\Tomato_Disease_Research\plantvillage\Tomato_healthy\d6587652-47aa-4518-9534-468194f22953___RS_HL 0595.JPG,256,256,1.0,109.29793548583984,52.21467208862305,19397.66796875,7.567306662367633,109.39495849609375,111.96456909179688,95.31259155273438
PlantVillage Internal,D:\Tomato_Disease_Research\plantvillage\Tomato_healthy\d676d2f7-13a7-4d79-91fc-757b5d0bde6f___RS_HL 0601.JPG,256,256,1.0,112.7598876953125,45.96607208251953,20367.875,7.492967235132513,116.22860717773438,112.50732421875,104.96261596679688
PlantVillage Internal,D:\Tomato_Disease_Research\plantvillage\Tomato_healthy\d7f9efa9-5684-42f4-b183-958a83d3ebcd___RS_HL 9923.JPG,256,256,1.0,118.61229705810547,45.515052795410156,14868.6884765625,7.370276161834175,117.59494018554688,120.86332702636719,109.6898193359375
PlantVillage Internal,D:\Tomato_Disease_Research\plantvillage\Tomato_healthy\d95cca34-6952-4d22-9d61-6304dcce3448___GH_HL Leaf 280.1.JPG,256,256,1.0,105.04579162597656,18.400056838989258,1857.452880859375,6.209028038672418,99.34246826171875,108.887451171875,100.22329711914062
PlantVillage Internal,D:\Tomato_Disease_Research\plantvillage\Tomato_healthy\d9756e4c-11ac-4c09-8a3c-4938d56bfc1e___RS_HL 0488.JPG,256,256,1.0,119.23216247558594,49.16750717163086,14587.751953125,7.459669608984653,118.75827026367188,122.85978698730469,101.79605102539062
PlantVillage Internal,D:\Tomato_Disease_Research\plantvillage\Tomato_healthy\da7db6e5-d5d5-489a-b1b2-9b3a880cebaa___RS_HL 9769.JPG,256,256,1.0,114.1041259765625,50.971885681152344,20680.294921875,7.5808417155964625,111.33447265625,115.29348754882812,115.24421691894531
PlantVillage Internal,D:\Tomato_Disease_Research\plantvillage\Tomato_healthy\dd50e041-1df0-45e4-8ab7-126f0ae2b984___GH_HL Leaf 270.JPG,256,256,1.0,115.060546875,22.42679786682129,7057.1748046875,6.502806974832378,109.00100708007812,119.69020080566406,107.11488342285156
PlantVillage Internal,D:\Tomato_Disease_Research\plantvillage\Tomato_healthy\de40125f-3f01-4c7e-9406-529d033fdb52___RS_HL 0498.JPG,256,256,1.0,108.12556457519531,50.253414154052734,27108.765625,7.627115034271723,110.49665832519531,108.36007690429688,100.69911193847656
PlantVillage Internal,D:\Tomato_Disease_Research\plantvillage\Tomato_healthy\debe033e-a878-46dc-8336-8bc25811df35___GH_HL Leaf 303.JPG,256,256,1.0,112.4208755493164,28.33806610107422,6097.45703125,6.857031114388823,106.5579833984375,116.99967956542969,104.22126770019531
PlantVillage Internal,D:\Tomato_Disease_Research\plantvillage\Tomato_healthy\e12936ac-7354-434c-b857-1e742e383dd5___RS_HL 9878.JPG,256,256,1.0,123.92741394042969,44.77449035644531,12597.9375,7.323069643593469,122.12136840820312,126.34178161621094,116.23245239257812
PlantVillage Internal,D:\Tomato_Disease_Research\plantvillage\Tomato_healthy\e1517f9b-6bab-415b-b8f5-1f52dd544b2d___RS_HL 0203.JPG,256,256,1.0,129.4295654296875,38.88591384887695,16459.814453125,7.277498996082057,129.45248413085938,132.1076202392578,115.57975769042969
PlantVillage Internal,D:\Tomato_Disease_Research\plantvillage\Tomato_healthy\e1aeb847-e87b-4f24-aca7-c6e06b6c07ca___GH_HL Leaf 185.JPG,256,256,1.0,118.2745361328125,25.20274543762207,5919.0224609375,6.693613064026809,113.03657531738281,123.019287109375,107.58140563964844
PlantVillage Internal,D:\Tomato_Disease_Research\plantvillage\Tomato_healthy\e2bd556e-fe0f-4a97-819c-83dbc4a61ac5___GH_HL Leaf 429.JPG,256,256,1.0,109.65953063964844,21.700571060180664,3198.9912109375,6.47639104042279,102.24296569824219,115.00924682617188,101.56544494628906
PlantVillage Internal,D:\Tomato_Disease_Research\plantvillage\Tomato_healthy\e2bde260-6fac-4259-8b88-c7378f1ea730___RS_HL 0511.JPG,256,256,1.0,115.53913879394531,49.101959228515625,22100.474609375,7.562683255257483,117.00027465820312,116.63853454589844,106.04588317871094
PlantVillage Internal,D:\Tomato_Disease_Research\plantvillage\Tomato_healthy\e2f520b1-ac21-445b-9a3f-cb6e506e3044___RS_HL 0381.JPG,256,256,1.0,122.28677368164062,42.423099517822266,18317.962890625,7.393259868911871,123.64006042480469,123.01701354980469,114.97723388671875
PlantVillage Internal,D:\Tomato_Disease_Research\plantvillage\Tomato_healthy\e36e5c2c-277b-4e8f-b12b-46df2e569c85___GH_HL Leaf 187.1.JPG,256,256,1.0,113.58037567138672,25.98734474182129,4525.41015625,6.695821621900329,106.44609069824219,118.49732971191406,106.97413635253906
PlantVillage Internal,D:\Tomato_Disease_Research\plantvillage\Tomato_healthy\e62a7ec8-3e5e-4a47-be14-a57db0322bb6___RS_HL 9627.JPG,256,256,1.0,114.02877807617188,54.660911560058594,11264.8447265625,7.47465610754491,111.46461486816406,113.98434448242188,120.98295593261719
PlantVillage Internal,D:\Tomato_Disease_Research\plantvillage\Tomato_healthy\e67fdf04-f0a3-4351-b65d-a1b7362fc032___GH_HL Leaf 304.1.JPG,256,256,1.0,109.69456481933594,23.09389877319336,4249.91015625,6.548068784862716,104.48831176757812,113.4732666015625,103.89254760742188
PlantVillage Internal,D:\Tomato_Disease_Research\plantvillage\Tomato_healthy\e6f3e3b6-8d73-4564-9e0b-771302aaa6ef___RS_HL 0626.JPG,256,256,1.0,109.40165710449219,57.419490814208984,21216.734375,7.64667081860005,109.89637756347656,110.73678588867188,101.22932434082031
PlantVillage Internal,D:\Tomato_Disease_Research\plantvillage\Tomato_healthy\e74a7250-6e1c-48e8-bef4-deb2724c7b5a___RS_HL 0091.JPG,256,256,1.0,127.62135314941406,49.0435905456543,21110.470703125,7.575190706846207,127.15766906738281,129.3604736328125,119.88255310058594
PlantVillage Internal,D:\Tomato_Disease_Research\plantvillage\Tomato_healthy\eacb7fe2-5c0a-4058-a7d7-a2270faee988___RS_HL 9654.JPG,256,256,1.0,119.98429107666016,49.098533630371094,14447.8271484375,7.49948111871638,114.94914245605469,122.86712646484375,118.346435546875
PlantVillage Internal,D:\Tomato_Disease_Research\plantvillage\Tomato_healthy\ebdffabc-9920-4d0b-9f7d-7fb3ee5b731e___RS_HL 0099.JPG,256,256,1.0,119.73075866699219,46.6162109375,16366.876953125,7.4782608206579955,119.28843688964844,121.008056640625,114.31388854980469
PlantVillage Internal,D:\Tomato_Disease_Research\plantvillage\Tomato_healthy\ec754608-21ce-40be-abd0-46a664257065___RS_HL 0376.JPG,256,256,1.0,118.64264678955078,49.79663848876953,19753.185546875,7.576541267950218,119.97149658203125,118.75096130371094,114.599609375
PlantVillage Internal,D:\Tomato_Disease_Research\plantvillage\Tomato_healthy\ed76421e-84e4-408b-a1b3-c6164867b3d2___RS_HL 0560.JPG,256,256,1.0,109.82530212402344,46.9929084777832,22162.08984375,7.536869687712647,110.50709533691406,111.69749450683594,98.39689636230469
PlantVillage Internal,D:\Tomato_Disease_Research\plantvillage\Tomato_healthy\ef492a6d-0db4-4fb5-b513-12a262215f00___RS_HL 9638.JPG,256,256,1.0,119.13568115234375,41.02877426147461,12661.75,7.266434082227885,117.95890808105469,118.60836791992188,124.93719482421875
PlantVillage Internal,D:\Tomato_Disease_Research\plantvillage\Tomato_healthy\f0037c61-001d-4b1f-b794-5b5ab49d50d5___RS_HL 0527.JPG,256,256,1.0,121.87523651123047,44.67081832885742,22762.9375,7.493700835538068,124.62258911132812,122.89614868164062,109.41261291503906
PlantVillage Internal,D:\Tomato_Disease_Research\plantvillage\Tomato_healthy\f32a71f9-5468-4169-aa2f-e895f070bfc7___RS_HL 9997.JPG,256,256,1.0,111.677490234375,55.14387893676758,16666.654296875,7.6233074553091225,109.30201721191406,114.96090698242188,101.00114440917969
PlantVillage Internal,D:\Tomato_Disease_Research\plantvillage\Tomato_healthy\f48aed97-8db4-40a5-aa39-e2c3c70fe8be___GH_HL Leaf 524.1.JPG,256,256,1.0,108.4118423461914,25.412303924560547,1881.1602783203125,6.558090603092671,105.63409423828125,110.48886108398438,105.00253295898438
PlantVillage Internal,D:\Tomato_Disease_Research\plantvillage\Tomato_healthy\f65afb75-30bc-4d44-adbd-d262ebe07ad5___GH_HL Leaf 222.1.JPG,256,256,1.0,124.43189239501953,24.881404876708984,6760.3623046875,6.6623981839412,119.19210815429688,128.69879150390625,116.20404052734375
PlantVillage Internal,D:\Tomato_Disease_Research\plantvillage\Tomato_healthy\f7d044c0-6900-4624-9c20-fa27aa0911ff___GH_HL Leaf 275.JPG,256,256,1.0,107.17061614990234,25.56968116760254,8251.583984375,6.700948957622323,98.44662475585938,114.00924682617188,94.83900451660156
PlantVillage Internal,D:\Tomato_Disease_Research\plantvillage\Tomato_healthy\f7df2411-8e50-46e1-b43a-cca357bee1af___GH_HL Leaf 521.1.JPG,256,256,1.0,112.49136352539062,26.8347225189209,4151.2607421875,6.777349568368464,109.38563537597656,114.78988647460938,108.80169677734375
PlantVillage Internal,D:\Tomato_Disease_Research\plantvillage\Tomato_healthy\fa55bcc1-cda8-458e-a137-579f1dc1bda8___RS_HL 9845.JPG,256,256,1.0,122.86907958984375,39.49190902709961,5992.345703125,6.993865171727266,117.10072326660156,127.84687805175781,112.36701965332031
PlantVillage Internal,D:\Tomato_Disease_Research\plantvillage\Tomato_healthy\fab41c44-a8b6-4821-8ffa-08a2c1234970___RS_HL 0070.JPG,256,256,1.0,118.4705810546875,51.03379821777344,15107.880859375,7.541129904137119,118.95957946777344,119.94017028808594,109.62091064453125
PlantVillage Internal,D:\Tomato_Disease_Research\plantvillage\Tomato_healthy\fb123526-11fd-4d0d-96cc-3423da0b61a2___RS_HL 9756.JPG,256,256,1.0,106.64016723632812,46.59428787231445,16004.0380859375,7.49395450441412,104.67819213867188,108.0177001953125,104.69293212890625
PlantVillage Internal,D:\Tomato_Disease_Research\plantvillage\Tomato_healthy\fd2fa9cc-2147-40ff-9e71-0056eb7884ed___GH_HL Leaf 285.JPG,256,256,1.0,94.92282104492188,21.49378204345703,2412.2353515625,6.408596053294758,87.71865844726562,99.16184997558594,91.99064636230469
PlantVillage Internal,D:\Tomato_Disease_Research\plantvillage\Tomato_healthy\fe0b76dc-4263-4cda-8840-310ebe72a432___GH_HL Leaf 490.JPG,256,256,1.0,114.37240600585938,25.083784103393555,2417.167236328125,6.614955653566897,110.99813842773438,116.76100158691406,110.92327880859375
PlantVillage Internal,D:\Tomato_Disease_Research\plantvillage\Tomato_healthy\ff8b36d5-feaf-4d2d-8126-18670a312657___RS_HL 0229.JPG,256,256,1.0,125.3581771850586,44.5369758605957,14615.576171875,7.406694577169755,126.22927856445312,126.33085632324219,118.06492614746094
PlantVillage Internal,D:\Tomato_Disease_Research\plantvillage\Tomato_healthy\ffd8aa68-138f-4114-96c7-21eef72e1e13___RS_HL 9881.JPG,256,256,1.0,119.3404541015625,46.776004791259766,14311.6337890625,7.455209487901415,118.54827880859375,121.14639282226562,112.119140625
PlantDoc External,D:\Tomato_Disease_Research\external_dataset\PlantDoc_tomato_subset\test\Tomato_leaf_bacterial_spot\test_Tomato leaf bacterial spot_1.jpg,350,260,1.3461538461538463,126.22982788085938,29.83248519897461,702.3027954101562,6.8994964703860315,80.63690948486328,139.61422729492188,176.8932342529297
PlantDoc External,D:\Tomato_Disease_Research\external_dataset\PlantDoc_tomato_subset\test\Tomato_leaf_bacterial_spot\test_Tomato leaf bacterial spot_2.jpg,258,300,0.86,97.91828155517578,48.010231018066406,449.62139892578125,7.530897206574917,101.53170776367188,105.28958892822266,50.48519515991211
PlantDoc External,D:\Tomato_Disease_Research\external_dataset\PlantDoc_tomato_subset\test\Tomato_leaf_bacterial_spot\test_Tomato leaf bacterial spot_3.jpg,1226,817,1.500611995104039,115.43463134765625,28.272851943969727,184.289306640625,6.8556509429212955,106.3631362915039,127.5975570678711,76.59899139404297
PlantDoc External,D:\Tomato_Disease_Research\external_dataset\PlantDoc_tomato_subset\test\Tomato_leaf_bacterial_spot\test_Tomato leaf bacterial spot_4.jpg,800,600,1.3333333333333333,97.41336822509766,75.50899505615234,916.2702026367188,7.663633936744717,85.85514831542969,107.71857452392578,74.66549682617188
PlantDoc External,D:\Tomato_Disease_Research\external_dataset\PlantDoc_tomato_subset\test\Tomato_leaf_bacterial_spot\test_Tomato leaf bacterial spot_5.jpg,500,263,1.9011406844106464,101.21375274658203,72.70733642578125,972.8540649414062,7.737066582444832,103.97514343261719,106.5765151977539,66.35757446289062
PlantDoc External,D:\Tomato_Disease_Research\external_dataset\PlantDoc_tomato_subset\test\Tomato_leaf_bacterial_spot\test_Tomato leaf bacterial spot_6.jpg,400,230,1.7391304347826086,64.01151275634766,69.56468200683594,802.0067749023438,5.578078327957039,53.60100173950195,70.04666137695312,60.24055480957031
PlantDoc External,D:\Tomato_Disease_Research\external_dataset\PlantDoc_tomato_subset\test\Tomato_leaf_bacterial_spot\test_Tomato leaf bacterial spot_7.jpg,400,268,1.492537313432836,163.0575714111328,51.089263916015625,1781.3824462890625,7.356194860365554,150.70016479492188,183.49412536621094,90.23832702636719
PlantDoc External,D:\Tomato_Disease_Research\external_dataset\PlantDoc_tomato_subset\test\Tomato_leaf_bacterial_spot\test_Tomato leaf bacterial spot_8.jpg,900,675,1.3333333333333333,123.11811828613281,40.724571228027344,185.9910125732422,7.350008433883536,102.3656234741211,143.21023559570312,74.09104919433594
PlantDoc External,D:\Tomato_Disease_Research\external_dataset\PlantDoc_tomato_subset\test\Tomato_leaf_bacterial_spot\test_Tomato leaf bacterial spot_9.jpg,960,720,1.3333333333333333,184.17721557617188,79.6187744140625,2019.49462890625,6.598436007872168,197.12692260742188,180.77542114257812,167.7288360595703
PlantDoc External,D:\Tomato_Disease_Research\external_dataset\PlantDoc_tomato_subset\test\Tomato_Early_blight_leaf\test_Tomato Early blight leaf_1.jpg,257,378,0.6798941798941799,95.1090316772461,48.22914505004883,2439.490966796875,7.541976283112084,83.44133758544922,103.63859558105469,81.79139709472656
PlantDoc External,D:\Tomato_Disease_Research\external_dataset\PlantDoc_tomato_subset\test\Tomato_Early_blight_leaf\test_Tomato Early blight leaf_2.jpg,1704,2272,0.75,121.48849487304688,39.12995147705078,45.21615982055664,7.242916235211913,104.6601333618164,141.91517639160156,60.44657897949219
PlantDoc External,D:\Tomato_Disease_Research\external_dataset\PlantDoc_tomato_subset\test\Tomato_Early_blight_leaf\test_Tomato Early blight leaf_3.jpg,2576,1932,1.3333333333333333,107.58021545410156,57.034812927246094,241.18663024902344,7.713257534296208,103.32395935058594,113.1673812866211,89.97452545166016
PlantDoc External,D:\Tomato_Disease_Research\external_dataset\PlantDoc_tomato_subset\test\Tomato_Early_blight_leaf\test_Tomato Early blight leaf_4.jpg,150,150,1.0,110.66763305664062,47.36908721923828,402.2125244140625,7.244844904251633,107.16609191894531,115.78013610839844,93.52658081054688
PlantDoc External,D:\Tomato_Disease_Research\external_dataset\PlantDoc_tomato_subset\test\Tomato_Early_blight_leaf\test_Tomato Early blight leaf_5.jpg,638,479,1.3319415448851775,108.08934783935547,44.95942687988281,463.2894287109375,7.168895284477278,110.17890930175781,108.05647277832031,102.77809143066406
PlantDoc External,D:\Tomato_Disease_Research\external_dataset\PlantDoc_tomato_subset\test\Tomato_Early_blight_leaf\test_Tomato Early blight leaf_6.jpg,448,448,1.0,124.36309051513672,66.40039825439453,276.867431640625,7.698419776730305,121.76985168457031,130.08322143554688,101.71097564697266
PlantDoc External,D:\Tomato_Disease_Research\external_dataset\PlantDoc_tomato_subset\test\Tomato_Early_blight_leaf\test_Tomato Early blight leaf_7.jpg,768,768,1.0,109.5849380493164,51.32860565185547,316.60296630859375,7.5976228806470765,110.72015380859375,113.30014038085938,87.4775390625
PlantDoc External,D:\Tomato_Disease_Research\external_dataset\PlantDoc_tomato_subset\test\Tomato_Early_blight_leaf\test_Tomato Early blight leaf_8.jpg,600,450,1.3333333333333333,141.9131622314453,50.34598159790039,135.06900024414062,7.532361180402271,115.44430541992188,159.24346923828125,122.09989166259766
PlantDoc External,D:\Tomato_Disease_Research\external_dataset\PlantDoc_tomato_subset\test\Tomato_Early_blight_leaf\test_Tomato Early blight leaf_9.jpg,2592,1944,1.3333333333333333,107.07780456542969,41.661476135253906,207.59165954589844,7.3492572405890915,94.67172241210938,118.4589614868164,81.0136947631836
PlantDoc External,D:\Tomato_Disease_Research\external_dataset\PlantDoc_tomato_subset\test\Tomato_leaf_late_blight\test_Tomato leaf late blight_1.jpg,750,499,1.503006012024048,121.63843536376953,33.680477142333984,657.9906005859375,7.063964922264389,96.54161834716797,142.89712524414062,77.99900817871094
PlantDoc External,D:\Tomato_Disease_Research\external_dataset\PlantDoc_tomato_subset\test\Tomato_leaf_late_blight\test_Tomato leaf late blight_10.jpg,1200,914,1.312910284463895,89.80728912353516,29.495153427124023,589.9000244140625,6.86945218453873,41.09178161621094,103.2978286743164,148.11422729492188
PlantDoc External,D:\Tomato_Disease_Research\external_dataset\PlantDoc_tomato_subset\test\Tomato_leaf_late_blight\test_Tomato leaf late blight_2.jpg,350,255,1.3725490196078431,113.57698822021484,66.81649780273438,715.9889526367188,7.487480474574243,115.78399658203125,116.8583984375,90.89192962646484
PlantDoc External,D:\Tomato_Disease_Research\external_dataset\PlantDoc_tomato_subset\test\Tomato_leaf_late_blight\test_Tomato leaf late blight_3.jpg,490,490,1.0,148.2584228515625,42.81488800048828,61.67030334472656,7.43085770668269,126.34291076660156,166.0142059326172,114.31179809570312
PlantDoc External,D:\Tomato_Disease_Research\external_dataset\PlantDoc_tomato_subset\test\Tomato_leaf_late_blight\test_Tomato leaf late blight_4.jpg,400,268,1.492537313432836,64.30836486816406,58.103275299072266,852.0576782226562,7.280740301124477,56.65088653564453,68.59837341308594,62.302696228027344
PlantDoc External,D:\Tomato_Disease_Research\external_dataset\PlantDoc_tomato_subset\test\Tomato_leaf_late_blight\test_Tomato leaf late blight_5.jpg,490,492,0.9959349593495935,124.77668762207031,44.98789596557617,205.8395538330078,7.4684450878419115,127.7068099975586,127.81517791748047,101.44595336914062
PlantDoc External,D:\Tomato_Disease_Research\external_dataset\PlantDoc_tomato_subset\test\Tomato_leaf_late_blight\test_Tomato leaf late blight_6.jpg,540,405,1.3333333333333333,126.54962921142578,35.036659240722656,130.43959045410156,7.160140648271591,119.67255401611328,138.39334106445312,83.6021728515625
PlantDoc External,D:\Tomato_Disease_Research\external_dataset\PlantDoc_tomato_subset\test\Tomato_leaf_late_blight\test_Tomato leaf late blight_7.jpg,4000,3000,1.3333333333333333,122.9402847290039,37.211395263671875,26.611557006835938,6.944587471379896,99.2625503540039,141.62200927734375,88.8480453491211
PlantDoc External,D:\Tomato_Disease_Research\external_dataset\PlantDoc_tomato_subset\test\Tomato_leaf_late_blight\test_Tomato leaf late blight_8.jpg,400,300,1.3333333333333333,96.07653045654297,31.383981704711914,1265.106689453125,6.787896988042892,96.53855895996094,100.11119842529297,74.08982849121094
PlantDoc External,D:\Tomato_Disease_Research\external_dataset\PlantDoc_tomato_subset\test\Tomato_leaf_late_blight\test_Tomato leaf late blight_9.jpg,1299,1267,1.0252565114443568,96.16077423095703,42.391300201416016,138.5708770751953,7.350455102030448,101.19227600097656,100.15396881103516,62.40266799926758
PlantDoc External,D:\Tomato_Disease_Research\external_dataset\PlantDoc_tomato_subset\test\Tomato_mold_leaf\test_Tomato mold leaf_1.jpg,800,600,1.3333333333333333,111.90386962890625,42.65122985839844,148.02029418945312,7.429956457989843,107.46401977539062,126.69979858398438,47.36268997192383
PlantDoc External,D:\Tomato_Disease_Research\external_dataset\PlantDoc_tomato_subset\test\Tomato_mold_leaf\test_Tomato mold leaf_2.jpg,252,162,1.5555555555555556,171.84982299804688,45.14519500732422,470.62933349609375,7.243426815059891,178.5604248046875,177.48495483398438,125.23310089111328
PlantDoc External,D:\Tomato_Disease_Research\external_dataset\PlantDoc_tomato_subset\test\Tomato_mold_leaf\test_Tomato mold leaf_3.jpg,252,137,1.8394160583941606,169.35671997070312,36.40218734741211,1119.5643310546875,7.075069237344209,179.11119079589844,175.40545654296875,112.62701416015625
PlantDoc External,D:\Tomato_Disease_Research\external_dataset\PlantDoc_tomato_subset\test\Tomato_mold_leaf\test_Tomato mold leaf_4.jpg,900,675,1.3333333333333333,132.1005859375,64.82854461669922,113.54803466796875,7.155284688147097,130.98435974121094,137.7918701171875,105.7230453491211
PlantDoc External,D:\Tomato_Disease_Research\external_dataset\PlantDoc_tomato_subset\test\Tomato_mold_leaf\test_Tomato mold leaf_5.jpg,450,253,1.7786561264822134,186.51905822753906,78.54790496826172,4871.763671875,5.647004114331952,180.29481506347656,189.39088439941406,188.0565948486328
PlantDoc External,D:\Tomato_Disease_Research\external_dataset\PlantDoc_tomato_subset\test\Tomato_mold_leaf\test_Tomato mold leaf_6.jpg,1024,768,1.3333333333333333,90.64769744873047,61.05323791503906,110.8720703125,7.536252761857913,91.83365631103516,93.3940658569336,73.39578247070312
PlantDoc External,D:\Tomato_Disease_Research\external_dataset\PlantDoc_tomato_subset\test\Tomato_Septoria_leaf_spot\test_Tomato Septoria leaf spot_10.jpg,450,359,1.2534818941504178,110.07135772705078,51.62394714355469,534.6121215820312,7.5868069236530635,81.62894439697266,123.41718292236328,115.95109558105469
PlantDoc External,D:\Tomato_Disease_Research\external_dataset\PlantDoc_tomato_subset\test\Tomato_Septoria_leaf_spot\test_Tomato Septoria leaf spot_11.jpg,435,341,1.2756598240469208,172.03656005859375,88.44630432128906,5095.56494140625,5.9490985968193755,175.42503356933594,174.39849853515625,150.98731994628906
PlantDoc External,D:\Tomato_Disease_Research\external_dataset\PlantDoc_tomato_subset\test\Tomato_Septoria_leaf_spot\test_Tomato Septoria leaf spot_1_1.jpg,300,300,1.0,89.14105224609375,57.5676155090332,638.2528686523438,7.618209066030684,76.88135528564453,101.3216552734375,58.576412200927734
PlantDoc External,D:\Tomato_Disease_Research\external_dataset\PlantDoc_tomato_subset\test\Tomato_Septoria_leaf_spot\test_Tomato Septoria leaf spot_1_2.jpg,300,300,1.0,75.35780334472656,50.16585922241211,585.7564086914062,7.443631008155739,63.12260055541992,87.32535552978516,45.82591247558594
PlantDoc External,D:\Tomato_Disease_Research\external_dataset\PlantDoc_tomato_subset\test\Tomato_Septoria_leaf_spot\test_Tomato Septoria leaf spot_2.jpg,5808,4000,1.452,77.61238098144531,26.852697372436523,7.171741008758545,6.75206430343777,66.1537857055664,85.76504516601562,65.68701171875
PlantDoc External,D:\Tomato_Disease_Research\external_dataset\PlantDoc_tomato_subset\test\Tomato_Septoria_leaf_spot\test_Tomato Septoria leaf spot_3.jpg,1173,1520,0.7717105263157895,112.78302001953125,39.98495101928711,24.998863220214844,7.322732776634725,109.74346160888672,123.68081665039062,64.64105224609375
PlantDoc External,D:\Tomato_Disease_Research\external_dataset\PlantDoc_tomato_subset\test\Tomato_Septoria_leaf_spot\test_Tomato Septoria leaf spot_4.jpg,430,290,1.4827586206896552,66.03691101074219,67.4214096069336,1442.59423828125,6.320118432517596,75.87777709960938,67.32701873779297,33.58328628540039
PlantDoc External,D:\Tomato_Disease_Research\external_dataset\PlantDoc_tomato_subset\test\Tomato_Septoria_leaf_spot\test_Tomato Septoria leaf spot_5.jpg,600,600,1.0,137.38375854492188,41.07685089111328,310.9169006347656,7.379091305409775,106.9476547241211,158.6103057861328,107.91353607177734
PlantDoc External,D:\Tomato_Disease_Research\external_dataset\PlantDoc_tomato_subset\test\Tomato_Septoria_leaf_spot\test_Tomato Septoria leaf spot_6.jpg,367,640,0.5734375,176.3074951171875,74.39766693115234,327.4735107421875,6.261950525879572,171.12399291992188,184.3671112060547,148.40293884277344
PlantDoc External,D:\Tomato_Disease_Research\external_dataset\PlantDoc_tomato_subset\test\Tomato_Septoria_leaf_spot\test_Tomato Septoria leaf spot_7.jpg,1251,1125,1.112,127.45919036865234,37.48617935180664,172.9477996826172,7.203021346875838,92.28189849853516,150.88848876953125,99.08210754394531
PlantDoc External,D:\Tomato_Disease_Research\external_dataset\PlantDoc_tomato_subset\test\Tomato_Septoria_leaf_spot\test_Tomato Septoria leaf spot_8.jpg,1903,1444,1.3178670360110802,158.64083862304688,41.79757308959961,141.2063751220703,7.142213825573621,181.4493865966797,160.58761596679688,88.79434204101562
PlantDoc External,D:\Tomato_Disease_Research\external_dataset\PlantDoc_tomato_subset\test\Tomato_Septoria_leaf_spot\test_Tomato Septoria leaf spot_9.jpg,500,332,1.5060240963855422,103.95500183105469,31.026704788208008,695.6351928710938,6.860911782328229,74.32099151611328,126.15784454345703,67.3541030883789
PlantDoc External,D:\Tomato_Disease_Research\external_dataset\PlantDoc_tomato_subset\test\Tomato_leaf_yellow_virus\test_Tomato leaf yellow virus_1.jpg,320,240,1.3333333333333333,132.57664489746094,38.795623779296875,1178.8372802734375,7.291937246865609,117.75112915039062,148.75253295898438,88.16950225830078
PlantDoc External,D:\Tomato_Disease_Research\external_dataset\PlantDoc_tomato_subset\test\Tomato_leaf_yellow_virus\test_Tomato leaf yellow virus_2_1.jpg,300,300,1.0,128.99639892578125,57.4344482421875,1168.8065185546875,7.657666175527684,127.57563018798828,144.15869140625,54.650333404541016
PlantDoc External,D:\Tomato_Disease_Research\external_dataset\PlantDoc_tomato_subset\test\Tomato_leaf_yellow_virus\test_Tomato leaf yellow virus_2_2.jpg,300,300,1.0,132.67919921875,53.64330291748047,1653.157470703125,7.6164018834922915,126.93226623535156,149.8699951171875,59.23484420776367
PlantDoc External,D:\Tomato_Disease_Research\external_dataset\PlantDoc_tomato_subset\test\Tomato_leaf_yellow_virus\test_Tomato leaf yellow virus_2_3.jpg,300,300,1.0,110.41946411132812,60.27880096435547,1411.467529296875,7.4617228506971,108.97818756103516,123.02021026611328,49.316856384277344
PlantDoc External,D:\Tomato_Disease_Research\external_dataset\PlantDoc_tomato_subset\test\Tomato_leaf_yellow_virus\test_Tomato leaf yellow virus_2_4.jpg,300,300,1.0,105.54141998291016,47.10530471801758,633.1155395507812,7.324504118886955,102.79495239257812,118.72093200683594,44.881988525390625
PlantDoc External,D:\Tomato_Disease_Research\external_dataset\PlantDoc_tomato_subset\test\Tomato_leaf_yellow_virus\test_Tomato leaf yellow virus_2_5.jpg,300,300,1.0,105.270263671875,44.529197692871094,213.00393676757812,7.357372557270992,102.02894592285156,118.72344207763672,44.49951171875
PlantDoc External,D:\Tomato_Disease_Research\external_dataset\PlantDoc_tomato_subset\test\Tomato_leaf_yellow_virus\test_Tomato leaf yellow virus_2_6.jpg,300,300,1.0,125.19366455078125,45.17353057861328,372.78472900390625,7.4254090564671245,123.39695739746094,138.66310119628906,60.55030059814453
PlantDoc External,D:\Tomato_Disease_Research\external_dataset\PlantDoc_tomato_subset\test\Tomato_leaf_yellow_virus\test_Tomato leaf yellow virus_3_1.jpg,300,300,1.0,108.60426330566406,49.080814361572266,861.5857543945312,7.48028755854201,101.12617492675781,122.42330932617188,57.06196594238281
PlantDoc External,D:\Tomato_Disease_Research\external_dataset\PlantDoc_tomato_subset\test\Tomato_leaf_yellow_virus\test_Tomato leaf yellow virus_3_2.jpg,300,300,1.0,130.36729431152344,44.56914520263672,1266.69580078125,7.142716468918046,117.1512451171875,150.48968505859375,61.4178352355957
PlantDoc External,D:\Tomato_Disease_Research\external_dataset\PlantDoc_tomato_subset\test\Tomato_leaf_yellow_virus\test_Tomato leaf yellow virus_4_1.jpg,300,300,1.0,105.26773071289062,112.59164428710938,1707.2255859375,3.966482189325809,102.67620086669922,108.76383209228516,94.06298828125
PlantDoc External,D:\Tomato_Disease_Research\external_dataset\PlantDoc_tomato_subset\test\Tomato_leaf_yellow_virus\test_Tomato leaf yellow virus_4_2.jpg,300,300,1.0,119.99378967285156,104.3653335571289,1380.99169921875,5.27753592757041,116.44855499267578,126.25616455078125,97.0465087890625
PlantDoc External,D:\Tomato_Disease_Research\external_dataset\PlantDoc_tomato_subset\test\Tomato_leaf_yellow_virus\test_Tomato leaf yellow virus_5.jpg,400,200,2.0,115.58537292480469,41.695308685302734,1421.03173828125,7.36256404516288,98.4354248046875,134.10818481445312,65.19014739990234
PlantDoc External,D:\Tomato_Disease_Research\external_dataset\PlantDoc_tomato_subset\test\Tomato_leaf_yellow_virus\test_Tomato leaf yellow virus_6_1.jpg,300,300,1.0,136.19345092773438,51.285709381103516,767.9537963867188,7.308552596756374,122.43696594238281,152.89097595214844,86.29633331298828
PlantDoc External,D:\Tomato_Disease_Research\external_dataset\PlantDoc_tomato_subset\test\Tomato_leaf_yellow_virus\test_Tomato leaf yellow virus_6_2.jpg,300,300,1.0,143.21200561523438,56.949851989746094,1090.42333984375,7.401003500736354,134.29849243164062,158.5859832763672,87.42780303955078
PlantDoc External,D:\Tomato_Disease_Research\external_dataset\PlantDoc_tomato_subset\test\Tomato_leaf_yellow_virus\test_Tomato leaf yellow virus_6_3.jpg,300,300,1.0,113.70948791503906,60.655155181884766,1006.0383911132812,7.554800743929603,101.76964569091797,126.99189758300781,76.63265228271484
PlantDoc External,D:\Tomato_Disease_Research\external_dataset\PlantDoc_tomato_subset\test\Tomato_leaf_mosaic_virus\test_Tomato leaf mosaic virus_1.jpg,3648,2736,1.3333333333333333,143.2388916015625,38.38227844238281,54.723697662353516,6.97124846352228,129.35958862304688,156.477783203125,111.47296905517578
PlantDoc External,D:\Tomato_Disease_Research\external_dataset\PlantDoc_tomato_subset\test\Tomato_leaf_mosaic_virus\test_Tomato leaf mosaic virus_10.jpg,540,400,1.35,120.81531524658203,45.96074295043945,129.896484375,7.532978608262589,103.9570541381836,137.66859436035156,78.25163269042969
PlantDoc External,D:\Tomato_Disease_Research\external_dataset\PlantDoc_tomato_subset\test\Tomato_leaf_mosaic_virus\test_Tomato leaf mosaic virus_2.jpg,3648,2736,1.3333333333333333,130.12962341308594,44.6663703918457,103.87814331054688,7.449859150441456,116.49877166748047,144.88217163085938,89.91807556152344
PlantDoc External,D:\Tomato_Disease_Research\external_dataset\PlantDoc_tomato_subset\test\Tomato_leaf_mosaic_virus\test_Tomato leaf mosaic virus_3.jpg,900,675,1.3333333333333333,87.30368041992188,59.830867767333984,142.9855194091797,7.073857840426041,94.73751068115234,88.39727783203125,62.175209045410156
PlantDoc External,D:\Tomato_Disease_Research\external_dataset\PlantDoc_tomato_subset\test\Tomato_leaf_mosaic_virus\test_Tomato leaf mosaic virus_4.jpg,1300,956,1.3598326359832635,112.92889404296875,52.74458312988281,241.8190460205078,7.49168652428061,95.8968505859375,126.4817886352539,87.8150634765625
PlantDoc External,D:\Tomato_Disease_Research\external_dataset\PlantDoc_tomato_subset\test\Tomato_leaf_mosaic_virus\test_Tomato leaf mosaic virus_5.jpg,907,605,1.4991735537190083,59.881591796875,73.50447082519531,710.9940795898438,6.191371572576099,46.37040710449219,68.46297454833984,51.13222122192383
PlantDoc External,D:\Tomato_Disease_Research\external_dataset\PlantDoc_tomato_subset\test\Tomato_leaf_mosaic_virus\test_Tomato leaf mosaic virus_6.jpg,500,375,1.3333333333333333,105.67428588867188,46.51020431518555,911.644775390625,7.418829234705552,86.32418060302734,123.94029998779297,62.37195587158203
PlantDoc External,D:\Tomato_Disease_Research\external_dataset\PlantDoc_tomato_subset\test\Tomato_leaf_mosaic_virus\test_Tomato leaf mosaic virus_7.jpg,960,774,1.2403100775193798,162.5087890625,77.34806823730469,824.8583984375,5.988680914720586,157.65130615234375,172.92396545410156,121.61994171142578
PlantDoc External,D:\Tomato_Disease_Research\external_dataset\PlantDoc_tomato_subset\test\Tomato_leaf_mosaic_virus\test_Tomato leaf mosaic virus_8.jpg,130,69,1.8840579710144927,122.50650787353516,52.901695251464844,2023.979248046875,7.338198295633486,131.53221130371094,129.0779266357422,64.99676513671875
PlantDoc External,D:\Tomato_Disease_Research\external_dataset\PlantDoc_tomato_subset\test\Tomato_leaf_mosaic_virus\test_Tomato leaf mosaic virus_9.jpg,400,317,1.2618296529968454,80.3914566040039,88.75989532470703,677.861572265625,6.476219382999123,70.8322525024414,85.5196762084961,79.05753326416016
PlantDoc External,D:\Tomato_Disease_Research\external_dataset\PlantDoc_tomato_subset\test\Tomato_leaf\test_Tomato leaf_1.jpg,563,631,0.8922345483359746,169.36558532714844,38.05684280395508,39.09917068481445,6.31962089293366,156.59730529785156,179.44903564453125,150.93333435058594
PlantDoc External,D:\Tomato_Disease_Research\external_dataset\PlantDoc_tomato_subset\test\Tomato_leaf\test_Tomato leaf_2.jpg,1600,1200,1.3333333333333333,126.269287109375,37.213836669921875,227.81137084960938,7.184906928287946,98.30329132080078,146.39466857910156,95.99055480957031
PlantDoc External,D:\Tomato_Disease_Research\external_dataset\PlantDoc_tomato_subset\test\Tomato_leaf\test_Tomato leaf_3.jpg,1600,1205,1.3278008298755186,110.20230865478516,45.914730072021484,274.4598693847656,7.4470884830736805,97.25857543945312,121.80167388916016,84.42461395263672
PlantDoc External,D:\Tomato_Disease_Research\external_dataset\PlantDoc_tomato_subset\test\Tomato_leaf\test_Tomato leaf_4.jpg,602,462,1.303030303030303,215.0037384033203,59.93446350097656,453.989013671875,3.955914594790787,205.9854278564453,224.10476684570312,191.79470825195312
PlantDoc External,D:\Tomato_Disease_Research\external_dataset\PlantDoc_tomato_subset\test\Tomato_leaf\test_Tomato leaf_5.jpg,1200,1200,1.0,157.0153350830078,54.936378479003906,199.72618103027344,7.425669897445338,123.77384185791016,178.16546630859375,135.29666137695312
PlantDoc External,D:\Tomato_Disease_Research\external_dataset\PlantDoc_tomato_subset\test\Tomato_leaf\test_Tomato leaf_6.jpg,1000,1333,0.7501875468867217,84.56306457519531,59.005027770996094,111.18070220947266,7.603084353201895,79.86360168457031,89.7875747680664,69.98719787597656
PlantDoc External,D:\Tomato_Disease_Research\external_dataset\PlantDoc_tomato_subset\test\Tomato_leaf\test_Tomato leaf_7.jpg,2144,2143,1.0004666355576295,123.51435089111328,69.80165100097656,104.82677459716797,7.780983315739294,120.43122863769531,144.3494110107422,24.31853485107422
PlantDoc External,D:\Tomato_Disease_Research\external_dataset\PlantDoc_tomato_subset\test\Tomato_leaf\test_Tomato leaf_8.jpg,1600,1200,1.3333333333333333,116.06770324707031,51.257877349853516,96.22050476074219,7.655202033901384,106.55728149414062,124.29441833496094,98.65129089355469
