embedding_row,domain,domain_code,image_path,predicted_index,confidence,embedding_norm
0,PlantVillage Internal,0,D:\Tomato_Disease_Research\plantvillage\Tomato_Bacterial_spot\0045ba29-ed1b-43b4-afde-719cc7adefdb___GCREC_Bact.Sp 6254.JPG,0,0.99999917,24.850569
1,PlantVillage Internal,0,D:\Tomato_Disease_Research\plantvillage\Tomato_Bacterial_spot\014b58ae-091b-408a-ab4a-5a780cd1c3f3___GCREC_Bact.Sp 2971.JPG,0,0.9999994,25.326244
2,PlantVillage Internal,0,D:\Tomato_Disease_Research\plantvillage\Tomato_Bacterial_spot\030501db-683b-4ed5-9ec0-c475a5dfdd76___GCREC_Bact.Sp 5650.JPG,0,0.9999993,25.017344
3,PlantVillage Internal,0,D:\Tomato_Disease_Research\plantvillage\Tomato_Bacterial_spot\03e6cea1-1c09-420a-a22e-2c29844004d1___GCREC_Bact.Sp 3076.JPG,0,0.9999994,25.38642
4,PlantVillage Internal,0,D:\Tomato_Disease_Research\plantvillage\Tomato_Bacterial_spot\045e9a8d-bed0-4700-8d27-7f8d0735223e___GCREC_Bact.Sp 3848.JPG,0,0.99999917,25.192253
5,PlantVillage Internal,0,D:\Tomato_Disease_Research\plantvillage\Tomato_Bacterial_spot\0493c0e5-27e3-41d6-81f0-7830cef39080___UF.GRC_BS_Lab Leaf 8615.JPG,0,0.99999917,24.89505
6,PlantVillage Internal,0,D:\Tomato_Disease_Research\plantvillage\Tomato_Bacterial_spot\04fcd6e4-a96e-49ba-b67a-32b88337b505___GCREC_Bact.Sp 3689.JPG,0,0.9999995,25.438694
7,PlantVillage Internal,0,D:\Tomato_Disease_Research\plantvillage\Tomato_Bacterial_spot\05530c50-5cb9-484f-91d0-82c9df7689d5___GCREC_Bact.Sp 6051.JPG,0,0.9999993,25.298147
8,PlantVillage Internal,0,D:\Tomato_Disease_Research\plantvillage\Tomato_Bacterial_spot\07238109-52ed-4369-b16c-6f5844858b81___UF.GRC_BS_Lab Leaf 0447.JPG,0,0.999998,24.89509
9,PlantVillage Internal,0,D:\Tomato_Disease_Research\plantvillage\Tomato_Bacterial_spot\076ef17d-dfd3-4dbc-a351-a14eff1aecdb___UF.GRC_BS_Lab Leaf 8980.JPG,0,0.9999989,24.861528
10,PlantVillage Internal,0,D:\Tomato_Disease_Research\plantvillage\Tomato_Bacterial_spot\087cec29-0b94-4fd0-9c29-92f50cc8155f___UF.GRC_BS_Lab Leaf 0289.JPG,0,0.99999857,24.598475
11,PlantVillage Internal,0,D:\Tomato_Disease_Research\plantvillage\Tomato_Bacterial_spot\096c159e-7f45-404c-ba64-eecc7941ce23___GCREC_Bact.Sp 5675.JPG,0,0.9999994,25.071503
12,PlantVillage Internal,0,D:\Tomato_Disease_Research\plantvillage\Tomato_Bacterial_spot\0a1655ed-797c-4d1d-ba35-dc255d68a2ee___GCREC_Bact.Sp 3560.JPG,0,0.9999994,25.320272
13,PlantVillage Internal,0,D:\Tomato_Disease_Research\plantvillage\Tomato_Bacterial_spot\0a6d40e4-75d6-4659-8bc1-22f47cdb2ca8___GCREC_Bact.Sp 6247.JPG,0,0.9999994,24.894978
14,PlantVillage Internal,0,D:\Tomato_Disease_Research\plantvillage\Tomato_Bacterial_spot\0ab41c2e-c6fc-4ef1-9ffb-ce1b241d32be___GCREC_Bact.Sp 3426.JPG,0,0.9999993,25.569979
15,PlantVillage Internal,0,D:\Tomato_Disease_Research\plantvillage\Tomato_Bacterial_spot\0ad88d7a-c14a-4ac9-8520-c11a0ade3a8f___UF.GRC_BS_Lab Leaf 0996.JPG,0,0.9999932,24.514643
16,PlantVillage Internal,0,D:\Tomato_Disease_Research\plantvillage\Tomato_Bacterial_spot\0b37769a-a451-4507-a236-f46348e3a9ac___GCREC_Bact.Sp 3265.JPG,0,0.9999995,25.429327
17,PlantVillage Internal,0,D:\Tomato_Disease_Research\plantvillage\Tomato_Bacterial_spot\0c2ee2f1-e725-4031-96ea-57e3b8b626b3___GCREC_Bact.Sp 5645.JPG,0,0.9999993,25.22746
18,PlantVillage Internal,0,D:\Tomato_Disease_Research\plantvillage\Tomato_Bacterial_spot\0ce4dee0-2d0c-4c25-a9b2-4abc5f9083db___GCREC_Bact.Sp 3708.JPG,0,0.9999988,24.802212
19,PlantVillage Internal,0,D:\Tomato_Disease_Research\plantvillage\Tomato_Bacterial_spot\0d227915-443b-402c-8a25-cc43434c4bb0___GCREC_Bact.Sp 5913.JPG,0,0.999997,24.911629
20,PlantVillage Internal,0,D:\Tomato_Disease_Research\plantvillage\Tomato_Bacterial_spot\0de30b71-8bd0-4270-a65b-7ae8befdd765___GCREC_Bact.Sp 6360.JPG,0,0.99999905,25.379997
21,PlantVillage Internal,0,D:\Tomato_Disease_Research\plantvillage\Tomato_Bacterial_spot\0f3160b6-4cd4-486f-b0cf-269e406c41b5___GCREC_Bact.Sp 3522.JPG,0,0.9999994,25.327484
22,PlantVillage Internal,0,D:\Tomato_Disease_Research\plantvillage\Tomato_Bacterial_spot\0f4ce5ef-5ecf-4c5d-b301-3b5a44e3a1c8___UF.GRC_BS_Lab Leaf 0408.JPG,0,0.9999989,24.912903
23,PlantVillage Internal,0,D:\Tomato_Disease_Research\plantvillage\Tomato_Bacterial_spot\0fe8eb74-5520-4870-a069-d4f54b99d719___GCREC_Bact.Sp 6330.JPG,0,0.99999905,24.969164
24,PlantVillage Internal,0,D:\Tomato_Disease_Research\plantvillage\Tomato_Bacterial_spot\10c418e8-59b3-4d9f-a22b-7762b538e758___UF.GRC_BS_Lab Leaf 0900.JPG,0,0.99999917,25.132767
25,PlantVillage Internal,0,D:\Tomato_Disease_Research\plantvillage\Tomato_Bacterial_spot\111a63c7-6445-47a4-a0d6-9157fd82b804___UF.GRC_BS_Lab Leaf 0565.JPG,0,0.99999845,24.352003
26,PlantVillage Internal,0,D:\Tomato_Disease_Research\plantvillage\Tomato_Bacterial_spot\1169b92d-a606-4560-ae1a-ceee401fc959___GCREC_Bact.Sp 3447.JPG,0,0.9999994,25.26526
27,PlantVillage Internal,0,D:\Tomato_Disease_Research\plantvillage\Tomato_Bacterial_spot\12071472-8b0f-494e-994e-8abff2082ec4___GCREC_Bact.Sp 6130.JPG,0,0.9999995,25.200766
28,PlantVillage Internal,0,D:\Tomato_Disease_Research\plantvillage\Tomato_Bacterial_spot\12168e10-ea77-4d6b-841e-bfe48e141cee___GCREC_Bact.Sp 6085.JPG,0,0.99999917,25.100037
29,PlantVillage Internal,0,D:\Tomato_Disease_Research\plantvillage\Tomato_Bacterial_spot\1371d8ed-b95f-4dd0-834c-9f3a944ca8dd___GCREC_Bact.Sp 3463.JPG,0,0.9999995,25.393059
30,PlantVillage Internal,0,D:\Tomato_Disease_Research\plantvillage\Tomato_Bacterial_spot\1406a6e5-8aab-44df-997a-6386c01dc086___GCREC_Bact.Sp 5974.JPG,0,0.9999995,25.020199
31,PlantVillage Internal,0,D:\Tomato_Disease_Research\plantvillage\Tomato_Bacterial_spot\140ee344-ae36-403a-ace1-21d45f67ce57___GCREC_Bact.Sp 2969.JPG,0,0.9999981,24.718115
32,PlantVillage Internal,0,D:\Tomato_Disease_Research\plantvillage\Tomato_Bacterial_spot\16912266-6a1b-426c-9e58-2f0ff1a4e35a___UF.GRC_BS_Lab Leaf 8673.JPG,0,0.99999917,25.189243
33,PlantVillage Internal,0,D:\Tomato_Disease_Research\plantvillage\Tomato_Bacterial_spot\1737e7ba-181e-400c-ab66-7723468e277f___UF.GRC_BS_Lab Leaf 0348.JPG,0,0.99999833,24.719479
34,PlantVillage Internal,0,D:\Tomato_Disease_Research\plantvillage\Tomato_Bacterial_spot\176ee70d-778e-4f49-a761-67271feff912___GCREC_Bact.Sp 5976.JPG,0,0.9999995,25.256609
35,PlantVillage Internal,0,D:\Tomato_Disease_Research\plantvillage\Tomato_Bacterial_spot\1917515d-7e2f-479c-afec-95b4d3ae07e8___GCREC_Bact.Sp 5607.JPG,0,0.99999917,25.114544
36,PlantVillage Internal,0,D:\Tomato_Disease_Research\plantvillage\Tomato_Bacterial_spot\19969ddc-0cdd-42f6-bbc4-351752a7ccec___GCREC_Bact.Sp 3428.JPG,0,0.9999993,25.55298
37,PlantVillage Internal,0,D:\Tomato_Disease_Research\plantvillage\Tomato_Bacterial_spot\1a067cc9-cf70-41a5-a51c-aa0f6b8a936d___UF.GRC_BS_Lab Leaf 0327.JPG,0,0.9999988,24.650797
38,PlantVillage Internal,0,D:\Tomato_Disease_Research\plantvillage\Tomato_Bacterial_spot\1a83cb1d-6e47-4caf-931f-61ecad37dca4___GCREC_Bact.Sp 6167.JPG,0,0.9999994,25.563356
39,PlantVillage Internal,0,D:\Tomato_Disease_Research\plantvillage\Tomato_Bacterial_spot\1ac8d300-077c-43dc-8685-83ac695e07b4___GCREC_Bact.Sp 3672.JPG,0,0.9999993,25.468597
40,PlantVillage Internal,0,D:\Tomato_Disease_Research\plantvillage\Tomato_Bacterial_spot\1addf690-441a-40c5-b1e7-c618a8af1f40___GCREC_Bact.Sp 3744.JPG,0,0.9999994,25.07392
41,PlantVillage Internal,0,D:\Tomato_Disease_Research\plantvillage\Tomato_Bacterial_spot\1aeee055-1c5f-4aab-a4af-bfe860f7dc46___GCREC_Bact.Sp 3034.JPG,0,0.9999994,25.20243
42,PlantVillage Internal,0,D:\Tomato_Disease_Research\plantvillage\Tomato_Bacterial_spot\1afcd540-c746-4c02-8611-686ec35caaf5___GCREC_Bact.Sp 5654.JPG,0,0.99999905,25.123466
43,PlantVillage Internal,0,D:\Tomato_Disease_Research\plantvillage\Tomato_Bacterial_spot\1cdfa566-3dc1-4be4-8ec9-91fd300ac06d___GCREC_Bact.Sp 3468.JPG,0,0.9999995,25.511484
44,PlantVillage Internal,0,D:\Tomato_Disease_Research\plantvillage\Tomato_Bacterial_spot\1d6494e5-d659-47f2-a854-95f7633f8018___GCREC_Bact.Sp 6102.JPG,0,0.9999993,24.704117
45,PlantVillage Internal,0,D:\Tomato_Disease_Research\plantvillage\Tomato_Bacterial_spot\1e0582c9-3b55-4aaf-b63b-f223c13eac86___GCREC_Bact.Sp 5571.JPG,0,0.9999995,25.364222
46,PlantVillage Internal,0,D:\Tomato_Disease_Research\plantvillage\Tomato_Bacterial_spot\1eca836c-208e-40a8-a69c-fb7232d92368___GCREC_Bact.Sp 6110.JPG,0,0.9999993,24.700115
47,PlantVillage Internal,0,D:\Tomato_Disease_Research\plantvillage\Tomato_Bacterial_spot\21833eb1-b84e-4471-816b-166e575ed0e7___GCREC_Bact.Sp 3244.JPG,0,0.9999994,25.169237
48,PlantVillage Internal,0,D:\Tomato_Disease_Research\plantvillage\Tomato_Bacterial_spot\225a427b-3e65-45fc-aaa4-1210fb81c20e___GCREC_Bact.Sp 3457.JPG,0,0.9999994,25.24816
49,PlantVillage Internal,0,D:\Tomato_Disease_Research\plantvillage\Tomato_Bacterial_spot\228ee04a-62e3-4fad-a457-62eb8b1472ee___UF.GRC_BS_Lab Leaf 0436.JPG,0,0.99999774,24.69214
50,PlantVillage Internal,0,D:\Tomato_Disease_Research\plantvillage\Tomato_Bacterial_spot\2290365c-ec97-46fb-bc6c-51395d458821___GCREC_Bact.Sp 5937.JPG,0,0.9999995,25.273989
51,PlantVillage Internal,0,D:\Tomato_Disease_Research\plantvillage\Tomato_Bacterial_spot\24408a22-6358-438e-99a1-729ea90726ad___GCREC_Bact.Sp 3645.JPG,0,0.9999988,24.530712
52,PlantVillage Internal,0,D:\Tomato_Disease_Research\plantvillage\Tomato_Bacterial_spot\2471c3d8-c8b2-4e2a-9943-afb84ed48a35___GCREC_Bact.Sp 3198.JPG,0,0.9999995,25.626118
53,PlantVillage Internal,0,D:\Tomato_Disease_Research\plantvillage\Tomato_Bacterial_spot\256051f1-8e69-4f2b-b4d5-400fccb18623___GCREC_Bact.Sp 3313.JPG,0,0.99999917,25.20108
54,PlantVillage Internal,0,D:\Tomato_Disease_Research\plantvillage\Tomato_Bacterial_spot\2642e2b0-d2d8-49ea-b9c3-44133f863169___GCREC_Bact.Sp 5660.JPG,0,0.99999845,24.963099
55,PlantVillage Internal,0,D:\Tomato_Disease_Research\plantvillage\Tomato_Bacterial_spot\268422eb-2e4a-433b-bad2-d5e63a5e765d___GCREC_Bact.Sp 3466.JPG,0,0.9999995,25.614258
56,PlantVillage Internal,0,D:\Tomato_Disease_Research\plantvillage\Tomato_Bacterial_spot\2693b1a4-a4a2-4c40-a775-75b640e50b01___GCREC_Bact.Sp 5798.JPG,0,0.9999994,25.134161
57,PlantVillage Internal,0,D:\Tomato_Disease_Research\plantvillage\Tomato_Bacterial_spot\27753ef8-a51a-4414-970d-c26419c6e13a___GCREC_Bact.Sp 3252.JPG,0,0.9999994,25.136286
58,PlantVillage Internal,0,D:\Tomato_Disease_Research\plantvillage\Tomato_Bacterial_spot\277f9f6d-07b0-4687-afef-ebf67e227e96___GCREC_Bact.Sp 6364.JPG,0,0.9999993,25.515024
59,PlantVillage Internal,0,D:\Tomato_Disease_Research\plantvillage\Tomato_Bacterial_spot\27ebdaaa-b432-4d4a-b404-a04e58a46f44___GCREC_Bact.Sp 6025.JPG,0,0.9999995,25.229366
60,PlantVillage Internal,0,D:\Tomato_Disease_Research\plantvillage\Tomato_Bacterial_spot\2a377230-f904-4646-95da-76e242051242___GCREC_Bact.Sp 3085.JPG,0,0.9999993,25.315142
61,PlantVillage Internal,0,D:\Tomato_Disease_Research\plantvillage\Tomato_Bacterial_spot\2b77473d-c669-4e5e-bf26-c1d32c800001___GCREC_Bact.Sp 3005.JPG,0,0.9999995,25.260994
62,PlantVillage Internal,0,D:\Tomato_Disease_Research\plantvillage\Tomato_Bacterial_spot\2c0d4b4f-d53f-4acc-bc40-ae766236b526___UF.GRC_BS_Lab Leaf 9298.JPG,0,0.9999981,24.773546
63,PlantVillage Internal,0,D:\Tomato_Disease_Research\plantvillage\Tomato_Bacterial_spot\2c8b59b4-05b2-4234-aa0d-15a52e624e52___GCREC_Bact.Sp 3027.JPG,0,0.9999994,25.18729
64,PlantVillage Internal,0,D:\Tomato_Disease_Research\plantvillage\Tomato_Bacterial_spot\2cafa053-4dd6-4528-bb4f-53e4afeecefe___GCREC_Bact.Sp 2968.JPG,0,0.9999994,24.970636
65,PlantVillage Internal,0,D:\Tomato_Disease_Research\plantvillage\Tomato_Bacterial_spot\2cd0bf74-c7ca-4b2f-87e4-1ba003e8b944___GCREC_Bact.Sp 3414.JPG,0,0.9999994,25.550041
66,PlantVillage Internal,0,D:\Tomato_Disease_Research\plantvillage\Tomato_Bacterial_spot\2e917b6c-8617-419d-b54e-2e5222d88e09___UF.GRC_BS_Lab Leaf 8938.JPG,0,0.9999994,25.390148
67,PlantVillage Internal,0,D:\Tomato_Disease_Research\plantvillage\Tomato_Bacterial_spot\2fa6fe6b-a7dc-471e-a878-b8d8e0121126___GCREC_Bact.Sp 3159.JPG,0,0.9999993,25.235973
68,PlantVillage Internal,0,D:\Tomato_Disease_Research\plantvillage\Tomato_Bacterial_spot\2fb3c629-42bc-4027-8f7b-505ce5e0c211___GCREC_Bact.Sp 3460.JPG,0,0.9999995,25.406395
69,PlantVillage Internal,0,D:\Tomato_Disease_Research\plantvillage\Tomato_Bacterial_spot\2fd17140-f483-4f98-9d08-fc9e57b355e1___GCREC_Bact.Sp 6269.JPG,0,0.9999993,25.476192
70,PlantVillage Internal,0,D:\Tomato_Disease_Research\plantvillage\Tomato_Bacterial_spot\305e943b-26f0-470a-83e1-3c2c05bac687___GCREC_Bact.Sp 5887.JPG,0,0.9999995,25.416632
71,PlantVillage Internal,0,D:\Tomato_Disease_Research\plantvillage\Tomato_Bacterial_spot\32231fc1-ec78-45c6-9c7a-8412a7e38a25___GCREC_Bact.Sp 6143.JPG,0,0.9999995,25.227318
72,PlantVillage Internal,0,D:\Tomato_Disease_Research\plantvillage\Tomato_Bacterial_spot\325d6d7f-c30b-43a3-8714-74b9cee673b0___GCREC_Bact.Sp 5984.JPG,0,0.9999994,24.844545
73,PlantVillage Internal,0,D:\Tomato_Disease_Research\plantvillage\Tomato_Bacterial_spot\3423b48a-9ded-4b8f-b552-1121e156f932___GCREC_Bact.Sp 5894.JPG,0,0.9999995,25.23132
74,PlantVillage Internal,0,D:\Tomato_Disease_Research\plantvillage\Tomato_Bacterial_spot\355edec8-e1bd-4f57-afa3-cbf03c2f06b1___GCREC_Bact.Sp 3353.JPG,0,0.99999917,24.959196
75,PlantVillage Internal,0,D:\Tomato_Disease_Research\plantvillage\Tomato_Bacterial_spot\372d40b5-aac9-43d3-b9e7-08d52467622c___GCREC_Bact.Sp 6215.JPG,0,0.9999995,25.052652
76,PlantVillage Internal,0,D:\Tomato_Disease_Research\plantvillage\Tomato_Bacterial_spot\37d9751a-27aa-4771-a131-5411a43028f5___GCREC_Bact.Sp 3470.JPG,0,0.9999989,25.277588
77,PlantVillage Internal,0,D:\Tomato_Disease_Research\plantvillage\Tomato_Bacterial_spot\38f440f1-c527-4d22-abf0-61bc2effa58b___GCREC_Bact.Sp 2946.JPG,0,0.9999994,25.424917
78,PlantVillage Internal,0,D:\Tomato_Disease_Research\plantvillage\Tomato_Bacterial_spot\3926a14d-ed26-4c2b-9dcc-a15370eae355___GCREC_Bact.Sp 5647.JPG,0,0.9999993,24.937378
79,PlantVillage Internal,0,D:\Tomato_Disease_Research\plantvillage\Tomato_Bacterial_spot\393946a5-3f5d-4ed3-af1f-fcb7647b369d___GCREC_Bact.Sp 6190.JPG,0,0.9999993,24.86178
80,PlantVillage Internal,0,D:\Tomato_Disease_Research\plantvillage\Tomato_Bacterial_spot\3a9b39fb-47f0-4a36-b80d-9cea0c9ff58b___GCREC_Bact.Sp 6173.JPG,0,0.9999995,25.094967
81,PlantVillage Internal,0,D:\Tomato_Disease_Research\plantvillage\Tomato_Bacterial_spot\3aa68bda-a2db-4986-a260-3acde7bbceda___GCREC_Bact.Sp 5603.JPG,0,0.9999994,25.050371
82,PlantVillage Internal,0,D:\Tomato_Disease_Research\plantvillage\Tomato_Bacterial_spot\3b41dc98-4539-4b3d-9400-2867156db0fc___GCREC_Bact.Sp 3483.JPG,0,0.9999994,24.981451
83,PlantVillage Internal,0,D:\Tomato_Disease_Research\plantvillage\Tomato_Bacterial_spot\3cd5b241-d5f1-4ae7-92ea-447613dac98a___GCREC_Bact.Sp 3561.JPG,0,0.9999994,25.269651
84,PlantVillage Internal,0,D:\Tomato_Disease_Research\plantvillage\Tomato_Bacterial_spot\3f71f836-8ffa-4bf7-98f7-e5cff0887fe1___GCREC_Bact.Sp 3814.JPG,0,0.9999995,25.320566
85,PlantVillage Internal,0,D:\Tomato_Disease_Research\plantvillage\Tomato_Bacterial_spot\405e216e-b24f-4688-bd81-09de831eaada___UF.GRC_BS_Lab Leaf 0329.JPG,0,0.9999994,24.85104
86,PlantVillage Internal,0,D:\Tomato_Disease_Research\plantvillage\Tomato_Bacterial_spot\411860f2-2474-462d-83ea-ab11e3f5afe6___GCREC_Bact.Sp 3373.JPG,0,0.9999988,24.846678
87,PlantVillage Internal,0,D:\Tomato_Disease_Research\plantvillage\Tomato_Bacterial_spot\417a1a4c-18d5-449e-995c-1512f7cdcd41___GCREC_Bact.Sp 6367.JPG,0,0.99999917,25.529686
88,PlantVillage Internal,0,D:\Tomato_Disease_Research\plantvillage\Tomato_Bacterial_spot\431d6abc-9adb-4454-a3c6-e6b6a3ec79db___GCREC_Bact.Sp 6045.JPG,0,0.9999993,24.969679
89,PlantVillage Internal,0,D:\Tomato_Disease_Research\plantvillage\Tomato_Bacterial_spot\43b71f8a-175a-4847-a2c8-69c7d2f59f10___GCREC_Bact.Sp 3476.JPG,0,0.9999994,25.340162
90,PlantVillage Internal,0,D:\Tomato_Disease_Research\plantvillage\Tomato_Bacterial_spot\43d79893-c9e3-49b1-9dd7-52677d9bd325___GCREC_Bact.Sp 3196.JPG,0,0.9999993,25.3751
91,PlantVillage Internal,0,D:\Tomato_Disease_Research\plantvillage\Tomato_Bacterial_spot\45b562f0-a975-4c93-a705-699d7cc977bc___GCREC_Bact.Sp 5733.JPG,0,0.9999994,25.44093
92,PlantVillage Internal,0,D:\Tomato_Disease_Research\plantvillage\Tomato_Bacterial_spot\47a3c2c9-1f3b-4d42-8857-cfc714042c2a___UF.GRC_BS_Lab Leaf 8631.JPG,0,0.99999833,24.849588
93,PlantVillage Internal,0,D:\Tomato_Disease_Research\plantvillage\Tomato_Bacterial_spot\486fec1f-c2fe-4aab-9e88-46ad54ebdbea___GCREC_Bact.Sp 5995.JPG,0,0.9999993,25.093397
94,PlantVillage Internal,0,D:\Tomato_Disease_Research\plantvillage\Tomato_Bacterial_spot\48ea939e-918d-4cc2-8285-267811f84914___GCREC_Bact.Sp 3634.JPG,0,0.9999994,24.930752
95,PlantVillage Internal,0,D:\Tomato_Disease_Research\plantvillage\Tomato_Bacterial_spot\4990878e-265e-4dad-98cf-ce60fb67035b___GCREC_Bact.Sp 3479.JPG,0,0.9999994,25.290642
96,PlantVillage Internal,0,D:\Tomato_Disease_Research\plantvillage\Tomato_Bacterial_spot\49bfc0c9-1a64-4a1b-8a52-50d0df72e140___GCREC_Bact.Sp 3817.JPG,0,0.9999995,25.408188
97,PlantVillage Internal,0,D:\Tomato_Disease_Research\plantvillage\Tomato_Bacterial_spot\49c04c82-89d6-480e-96a3-d74a14b717b3___GCREC_Bact.Sp 3274.JPG,0,0.9999994,24.936472
98,PlantVillage Internal,0,D:\Tomato_Disease_Research\plantvillage\Tomato_Bacterial_spot\49c34c1b-08a8-4bdd-a933-0eb4daff5f97___GCREC_Bact.Sp 3501.JPG,0,0.9999995,25.226334
99,PlantVillage Internal,0,D:\Tomato_Disease_Research\plantvillage\Tomato_Bacterial_spot\4bd24403-eb33-4848-b47e-39e4d48333fa___GCREC_Bact.Sp 3713.JPG,0,0.9999989,24.769041
100,PlantVillage Internal,0,D:\Tomato_Disease_Research\plantvillage\Tomato_Bacterial_spot\4cc672a5-b8d1-4f05-b95f-333e72fa6205___GCREC_Bact.Sp 5997.JPG,0,0.99999917,25.048107
101,PlantVillage Internal,0,D:\Tomato_Disease_Research\plantvillage\Tomato_Bacterial_spot\4d036bc9-ce94-4da8-af1b-564b2846fbf8___GCREC_Bact.Sp 5789.JPG,0,0.9999993,25.13161
102,PlantVillage Internal,0,D:\Tomato_Disease_Research\plantvillage\Tomato_Bacterial_spot\4da52d81-c129-4638-9fb5-2b412130ed05___GCREC_Bact.Sp 3475.JPG,0,0.9999995,25.206495
103,PlantVillage Internal,0,D:\Tomato_Disease_Research\plantvillage\Tomato_Bacterial_spot\4ef7faee-a40b-4f02-9ecb-d660ed0fd708___GCREC_Bact.Sp 6322.JPG,0,0.9999988,25.28663
104,PlantVillage Internal,0,D:\Tomato_Disease_Research\plantvillage\Tomato_Bacterial_spot\4f107108-ac41-4921-b933-4e041604de61___GCREC_Bact.Sp 5579.JPG,0,0.99999905,24.827217
105,PlantVillage Internal,0,D:\Tomato_Disease_Research\plantvillage\Tomato_Bacterial_spot\50396b93-07af-41f8-bd0c-9d5068e1699e___GCREC_Bact.Sp 5662.JPG,0,0.9999987,24.931816
106,PlantVillage Internal,0,D:\Tomato_Disease_Research\plantvillage\Tomato_Bacterial_spot\51f50a63-acca-45b3-866a-95e339e08e91___GCREC_Bact.Sp 3319.JPG,0,0.9999995,25.192446
107,PlantVillage Internal,0,D:\Tomato_Disease_Research\plantvillage\Tomato_Bacterial_spot\52a7b480-2795-4a77-b301-1df31e4e4718___GCREC_Bact.Sp 6118.JPG,0,0.99999917,25.242474
108,PlantVillage Internal,0,D:\Tomato_Disease_Research\plantvillage\Tomato_Bacterial_spot\53a586ef-8136-4f96-929e-f51c590a628c___UF.GRC_BS_Lab Leaf 0769.JPG,0,0.9999989,24.75327
109,PlantVillage Internal,0,D:\Tomato_Disease_Research\plantvillage\Tomato_Bacterial_spot\53fbf33e-78a4-4e56-862b-69b2eed0d72e___GCREC_Bact.Sp 3047.JPG,0,0.9999994,25.201418
110,PlantVillage Internal,0,D:\Tomato_Disease_Research\plantvillage\Tomato_Bacterial_spot\54f6ee80-e418-4320-b8bc-789e702c4b14___GCREC_Bact.Sp 6328.JPG,0,0.9999995,25.33718
111,PlantVillage Internal,0,D:\Tomato_Disease_Research\plantvillage\Tomato_Bacterial_spot\5512c9ea-9177-4860-8035-c4f8b2025693___GCREC_Bact.Sp 5651.JPG,0,0.9999988,25.147432
112,PlantVillage Internal,0,D:\Tomato_Disease_Research\plantvillage\Tomato_Bacterial_spot\55b8b2b8-0967-441a-9524-9c4cdfe6db46___GCREC_Bact.Sp 3075.JPG,0,0.9999995,25.149353
113,PlantVillage Internal,0,D:\Tomato_Disease_Research\plantvillage\Tomato_Bacterial_spot\5b65716f-ed7d-42cc-b9b6-c7712782f366___UF.GRC_BS_Lab Leaf 9230.JPG,0,0.99999905,24.72383
114,PlantVillage Internal,0,D:\Tomato_Disease_Research\plantvillage\Tomato_Bacterial_spot\5bbb489c-d164-4e67-a965-6ab33a754d3f___GCREC_Bact.Sp 3016.JPG,0,0.9999995,25.45637
115,PlantVillage Internal,0,D:\Tomato_Disease_Research\plantvillage\Tomato_Bacterial_spot\5c04a777-eb5c-4864-9c18-bc39d0c4dd2a___GCREC_Bact.Sp 5969.JPG,0,0.9999993,25.130455
116,PlantVillage Internal,0,D:\Tomato_Disease_Research\plantvillage\Tomato_Bacterial_spot\5e802218-06bd-4542-b310-ca99753a5a83___GCREC_Bact.Sp 5933.JPG,0,0.9999994,24.972471
117,PlantVillage Internal,0,D:\Tomato_Disease_Research\plantvillage\Tomato_Bacterial_spot\5ebe2915-f288-47f8-ae67-2ab2c99a8c54___GCREC_Bact.Sp 3430.JPG,0,0.9999995,25.445284
118,PlantVillage Internal,0,D:\Tomato_Disease_Research\plantvillage\Tomato_Bacterial_spot\602448f7-1b22-4675-a26a-3024bf147348___GCREC_Bact.Sp 6155.JPG,0,0.9999994,25.304073
119,PlantVillage Internal,0,D:\Tomato_Disease_Research\plantvillage\Tomato_Bacterial_spot\606ad875-f0db-4725-8b4d-d046b6a1405f___GCREC_Bact.Sp 6228.JPG,0,0.9999995,25.341604
120,PlantVillage Internal,0,D:\Tomato_Disease_Research\plantvillage\Tomato_Bacterial_spot\61a05330-1086-4891-8482-3f422ff59492___GCREC_Bact.Sp 3429.JPG,0,0.99999917,25.553442
121,PlantVillage Internal,0,D:\Tomato_Disease_Research\plantvillage\Tomato_Bacterial_spot\631fcec5-39db-474a-a929-097718ad2162___GCREC_Bact.Sp 3327.JPG,0,0.99999917,24.995953
122,PlantVillage Internal,0,D:\Tomato_Disease_Research\plantvillage\Tomato_Bacterial_spot\6322dd1e-a6fa-462c-b985-1f9188da0d95___GCREC_Bact.Sp 5972.JPG,0,0.9999995,25.310516
123,PlantVillage Internal,0,D:\Tomato_Disease_Research\plantvillage\Tomato_Bacterial_spot\6423c12d-7802-4fd0-92d3-2f5438f22418___UF.GRC_BS_Lab Leaf 9152.JPG,0,0.99999917,25.061539
124,PlantVillage Internal,0,D:\Tomato_Disease_Research\plantvillage\Tomato_Bacterial_spot\64d5ec90-b356-4ce8-9ad4-2a152d98782e___GCREC_Bact.Sp 5557.JPG,0,0.9999993,25.097437
125,PlantVillage Internal,0,D:\Tomato_Disease_Research\plantvillage\Tomato_Bacterial_spot\659908ff-205b-4fd1-af8b-5b2c11b56adf___GCREC_Bact.Sp 3139.JPG,0,0.9999994,25.416069
126,PlantVillage Internal,0,D:\Tomato_Disease_Research\plantvillage\Tomato_Bacterial_spot\666a5368-e53d-41f2-8fee-4a85f1257b8c___GCREC_Bact.Sp 3163.JPG,0,0.9999995,25.206959
127,PlantVillage Internal,0,D:\Tomato_Disease_Research\plantvillage\Tomato_Bacterial_spot\66ba68aa-9004-44d8-91f9-e3bd1de3a183___GCREC_Bact.Sp 5548.JPG,0,0.9999993,25.201385
128,PlantVillage Internal,0,D:\Tomato_Disease_Research\plantvillage\Tomato_Bacterial_spot\68bc253e-0c0f-4180-8f86-13048c04b26e___GCREC_Bact.Sp 6088.JPG,0,0.99999905,25.125864
129,PlantVillage Internal,0,D:\Tomato_Disease_Research\plantvillage\Tomato_Bacterial_spot\6a309da1-f8f4-404f-afb3-f07482a19282___UF.GRC_BS_Lab Leaf 9049.JPG,0,0.99999905,24.968018
130,PlantVillage Internal,0,D:\Tomato_Disease_Research\plantvillage\Tomato_Bacterial_spot\6b30245b-6c88-4cdb-b170-96bcba1212c4___UF.GRC_BS_Lab Leaf 8765.JPG,0,0.9999987,24.586771
131,PlantVillage Internal,0,D:\Tomato_Disease_Research\plantvillage\Tomato_Bacterial_spot\6b463262-379a-4694-affa-1030a9f4c087___GCREC_Bact.Sp 3366.JPG,0,0.9999994,25.241648
132,PlantVillage Internal,0,D:\Tomato_Disease_Research\plantvillage\Tomato_Bacterial_spot\6c07fb76-06d2-4f7d-8531-7c01485b98d4___GCREC_Bact.Sp 3782.JPG,0,0.9999994,25.449883
133,PlantVillage Internal,0,D:\Tomato_Disease_Research\plantvillage\Tomato_Bacterial_spot\6d5932e3-485c-40c0-8236-94c771fa9154___GCREC_Bact.Sp 5981.JPG,0,0.9999994,25.317394
134,PlantVillage Internal,0,D:\Tomato_Disease_Research\plantvillage\Tomato_Bacterial_spot\6dc57c16-e5f8-41c4-9188-83c8d60cf931___GCREC_Bact.Sp 3597.JPG,0,0.9999995,25.116898
135,PlantVillage Internal,0,D:\Tomato_Disease_Research\plantvillage\Tomato_Bacterial_spot\6fbea9aa-cc3b-46be-a066-a762cd659113___GCREC_Bact.Sp 6024.JPG,0,0.9999993,25.102415
136,PlantVillage Internal,0,D:\Tomato_Disease_Research\plantvillage\Tomato_Bacterial_spot\6fea8e75-6d4e-4cbb-93bf-98ef33b57302___GCREC_Bact.Sp 3508.JPG,0,0.9999994,25.06578
137,PlantVillage Internal,0,D:\Tomato_Disease_Research\plantvillage\Tomato_Bacterial_spot\7007f29f-6c4d-4b83-9bec-6e711d6fa7e0___UF.GRC_BS_Lab Leaf 0722.JPG,0,0.99999857,25.09506
138,PlantVillage Internal,0,D:\Tomato_Disease_Research\plantvillage\Tomato_Bacterial_spot\703e4fe2-0e0c-4472-afcc-ff72a1d1870c___GCREC_Bact.Sp 3091.JPG,0,0.9999995,25.526136
139,PlantVillage Internal,0,D:\Tomato_Disease_Research\plantvillage\Tomato_Bacterial_spot\71bbf536-8d96-427e-8dd5-1f330b24aff9___GCREC_Bact.Sp 2982.JPG,0,0.99999905,25.022404
140,PlantVillage Internal,0,D:\Tomato_Disease_Research\plantvillage\Tomato_Bacterial_spot\71eeeb09-ce59-4b58-80a4-a01c4348a218___GCREC_Bact.Sp 3305.JPG,0,0.9999995,25.130665
141,PlantVillage Internal,0,D:\Tomato_Disease_Research\plantvillage\Tomato_Bacterial_spot\7334e742-de72-4561-9b0d-cdd8bc3313e7___GCREC_Bact.Sp 3066.JPG,0,0.9999994,25.17928
142,PlantVillage Internal,0,D:\Tomato_Disease_Research\plantvillage\Tomato_Bacterial_spot\741e2f09-1b62-42c2-b218-6504d57c0f27___GCREC_Bact.Sp 3302.JPG,0,0.9999994,25.294724
143,PlantVillage Internal,0,D:\Tomato_Disease_Research\plantvillage\Tomato_Bacterial_spot\75139eaa-5078-4bee-9020-b507b1d23ef1___GCREC_Bact.Sp 3831.JPG,0,0.9999994,25.625736
144,PlantVillage Internal,0,D:\Tomato_Disease_Research\plantvillage\Tomato_Bacterial_spot\75348d38-1c41-4798-89c9-b99660d937ef___GCREC_Bact.Sp 5602.JPG,0,0.9999993,25.381578
145,PlantVillage Internal,0,D:\Tomato_Disease_Research\plantvillage\Tomato_Bacterial_spot\75702024-ade9-4eac-b531-77da04d236ee___GCREC_Bact.Sp 6070.JPG,0,0.99999905,24.867878
146,PlantVillage Internal,0,D:\Tomato_Disease_Research\plantvillage\Tomato_Bacterial_spot\75801778-ca08-4e6c-a209-a5eb74564929___GCREC_Bact.Sp 6390.JPG,0,0.9999994,25.364925
147,PlantVillage Internal,0,D:\Tomato_Disease_Research\plantvillage\Tomato_Bacterial_spot\759ba7d2-9535-45b5-a11d-935602edf6cd___GCREC_Bact.Sp 3314.JPG,0,0.9999995,25.311165
148,PlantVillage Internal,0,D:\Tomato_Disease_Research\plantvillage\Tomato_Bacterial_spot\7843b77e-20cc-4721-9eeb-62206d91af0e___GCREC_Bact.Sp 6144.JPG,0,0.9999995,24.986578
149,PlantVillage Internal,0,D:\Tomato_Disease_Research\plantvillage\Tomato_Bacterial_spot\78c90a7a-a37f-44fa-bc11-38c1823a7af1___GCREC_Bact.Sp 6145.JPG,0,0.9999995,25.184444
150,PlantVillage Internal,0,D:\Tomato_Disease_Research\plantvillage\Tomato_Bacterial_spot\793c4393-0e98-4de2-bbb2-eb0c8412a959___GCREC_Bact.Sp 5621.JPG,0,0.99999905,25.430101
151,PlantVillage Internal,0,D:\Tomato_Disease_Research\plantvillage\Tomato_Bacterial_spot\7af94581-44a3-4c4b-a6a9-d88d831f0f0a___GCREC_Bact.Sp 3820.JPG,0,0.99999857,25.365046
152,PlantVillage Internal,0,D:\Tomato_Disease_Research\plantvillage\Tomato_Bacterial_spot\7c6b8e90-fd14-4f00-b1cc-1f3e9406fd6d___GCREC_Bact.Sp 5764.JPG,0,0.9999987,24.52865
153,PlantVillage Internal,0,D:\Tomato_Disease_Research\plantvillage\Tomato_Bacterial_spot\7d5c4263-84e6-40c1-ac2d-bb9bfae35890___UF.GRC_BS_Lab Leaf 0905.JPG,0,0.99999833,24.348478
154,PlantVillage Internal,0,D:\Tomato_Disease_Research\plantvillage\Tomato_Bacterial_spot\7e423f77-2947-4e4e-9777-17a780996d39___GCREC_Bact.Sp 5600.JPG,0,0.9999994,25.319433
155,PlantVillage Internal,0,D:\Tomato_Disease_Research\plantvillage\Tomato_Bacterial_spot\7eb976bd-5203-44c2-85ab-f27a5852a7db___GCREC_Bact.Sp 3360.JPG,0,0.9999993,25.330044
156,PlantVillage Internal,0,D:\Tomato_Disease_Research\plantvillage\Tomato_Bacterial_spot\7f4e7217-5d75-432f-824f-c175dedbfe06___GCREC_Bact.Sp 3762.JPG,0,0.9999995,25.274673
157,PlantVillage Internal,0,D:\Tomato_Disease_Research\plantvillage\Tomato_Bacterial_spot\805d07e6-2190-4c8a-9267-75b1c0477a04___GCREC_Bact.Sp 3010.JPG,0,0.9999994,25.467003
158,PlantVillage Internal,0,D:\Tomato_Disease_Research\plantvillage\Tomato_Bacterial_spot\8227d24c-9e0f-4119-9324-8ba192ba9201___GCREC_Bact.Sp 3299.JPG,0,0.9999994,25.548763
159,PlantVillage Internal,0,D:\Tomato_Disease_Research\plantvillage\Tomato_Bacterial_spot\83e484bc-0e3e-4e57-b5a4-9e8d85f03cfb___GCREC_Bact.Sp 3837.JPG,0,0.9999995,25.375256
160,PlantVillage Internal,0,D:\Tomato_Disease_Research\plantvillage\Tomato_Bacterial_spot\84397079-5839-431e-97d1-9dfc144f1fff___UF.GRC_BS_Lab Leaf 0486.JPG,0,0.9999987,24.845995
161,PlantVillage Internal,0,D:\Tomato_Disease_Research\plantvillage\Tomato_Bacterial_spot\8571dec5-c1d3-4d91-8b7e-2d1c188bede6___GCREC_Bact.Sp 5683.JPG,0,0.99999917,24.728209
162,PlantVillage Internal,0,D:\Tomato_Disease_Research\plantvillage\Tomato_Bacterial_spot\879bb942-2577-425e-8781-9dfb540d98ac___GCREC_Bact.Sp 6072.JPG,0,0.9999987,24.398441
163,PlantVillage Internal,0,D:\Tomato_Disease_Research\plantvillage\Tomato_Bacterial_spot\87de72a0-fb7c-493a-bec6-227f39b44f96___GCREC_Bact.Sp 5861.JPG,0,0.9999995,25.342764
164,PlantVillage Internal,0,D:\Tomato_Disease_Research\plantvillage\Tomato_Bacterial_spot\87e80453-5c30-413b-b60f-673730e8e2d4___GCREC_Bact.Sp 3207.JPG,0,0.9999995,25.392494
165,PlantVillage Internal,0,D:\Tomato_Disease_Research\plantvillage\Tomato_Bacterial_spot\892f8dc8-7076-46f4-84f4-a9d8c4546ab5___GCREC_Bact.Sp 3658.JPG,0,0.9999988,25.356998
166,PlantVillage Internal,0,D:\Tomato_Disease_Research\plantvillage\Tomato_Bacterial_spot\8a5ddf5c-d342-4729-95cc-e846494d37ed___GCREC_Bact.Sp 3130.JPG,0,0.9999995,25.350164
167,PlantVillage Internal,0,D:\Tomato_Disease_Research\plantvillage\Tomato_Bacterial_spot\8ce30140-8d8b-4a58-81f1-8efd2655a907___GCREC_Bact.Sp 3180.JPG,0,0.9999994,25.527548
168,PlantVillage Internal,0,D:\Tomato_Disease_Research\plantvillage\Tomato_Bacterial_spot\8d5d586c-35ad-4cf2-99f7-a8d92f56a306___GCREC_Bact.Sp 3145.JPG,0,0.9999994,25.362535
169,PlantVillage Internal,0,D:\Tomato_Disease_Research\plantvillage\Tomato_Bacterial_spot\8e01eb47-11f6-4e93-ac8f-09db0a9854dd___UF.GRC_BS_Lab Leaf 0519.JPG,0,0.99999857,24.711647
170,PlantVillage Internal,0,D:\Tomato_Disease_Research\plantvillage\Tomato_Bacterial_spot\8eaf0808-40a2-40a0-987d-793b5cbab81f___GCREC_Bact.Sp 3585.JPG,0,0.99999714,24.410847
171,PlantVillage Internal,0,D:\Tomato_Disease_Research\plantvillage\Tomato_Bacterial_spot\8f8a9761-5871-48ab-a620-723d0e2312f6___GCREC_Bact.Sp 5596.JPG,0,0.99999917,24.872896
172,PlantVillage Internal,0,D:\Tomato_Disease_Research\plantvillage\Tomato_Bacterial_spot\8ff89c36-cac0-4ed5-ac93-206411247229___GCREC_Bact.Sp 6377.JPG,0,0.9999995,25.132969
173,PlantVillage Internal,0,D:\Tomato_Disease_Research\plantvillage\Tomato_Bacterial_spot\90107060-4458-44d1-a2b3-20cd9e3d4d11___GCREC_Bact.Sp 5728.JPG,0,0.9999995,25.265718
174,PlantVillage Internal,0,D:\Tomato_Disease_Research\plantvillage\Tomato_Bacterial_spot\9040e017-35a4-4f74-a327-7c7d6f20ef65___GCREC_Bact.Sp 5578.JPG,0,0.999998,24.951965
175,PlantVillage Internal,0,D:\Tomato_Disease_Research\plantvillage\Tomato_Bacterial_spot\90cbe307-2ec6-45f8-b62d-b6fb602466f4___UF.GRC_BS_Lab Leaf 8592.JPG,0,0.99999714,24.595627
176,PlantVillage Internal,0,D:\Tomato_Disease_Research\plantvillage\Tomato_Bacterial_spot\90fa8cf2-fc80-4944-9484-7cd6bb6cc1da___GCREC_Bact.Sp 5767.JPG,0,0.9999994,25.197222
177,PlantVillage Internal,0,D:\Tomato_Disease_Research\plantvillage\Tomato_Bacterial_spot\9116dd54-7abc-4e0e-b477-c7f361b8def4___GCREC_Bact.Sp 5899.JPG,0,0.9999995,25.170265
178,PlantVillage Internal,0,D:\Tomato_Disease_Research\plantvillage\Tomato_Bacterial_spot\919da9f4-c9aa-4c11-a383-17fdc98876c0___GCREC_Bact.Sp 5809.JPG,0,0.9999994,25.126337
179,PlantVillage Internal,0,D:\Tomato_Disease_Research\plantvillage\Tomato_Bacterial_spot\91da720b-dc5c-4e35-8b74-50229a43f8be___GCREC_Bact.Sp 2956.JPG,0,0.9999995,25.331692
180,PlantVillage Internal,0,D:\Tomato_Disease_Research\plantvillage\Tomato_Bacterial_spot\92ad5b62-cec5-424b-81a6-38b6c40c0c89___GCREC_Bact.Sp 6042.JPG,0,0.9999989,24.966589
181,PlantVillage Internal,0,D:\Tomato_Disease_Research\plantvillage\Tomato_Bacterial_spot\93330085-955f-4498-8159-77af45f02ea5___GCREC_Bact.Sp 5735.JPG,0,0.9999994,25.18539
182,PlantVillage Internal,0,D:\Tomato_Disease_Research\plantvillage\Tomato_Bacterial_spot\933ab25a-428f-4d5b-b519-9a870444093e___GCREC_Bact.Sp 5936.JPG,0,0.9999994,25.144125
183,PlantVillage Internal,0,D:\Tomato_Disease_Research\plantvillage\Tomato_Bacterial_spot\93b4e153-ff54-4ad7-871a-0f5e6e1df5cd___GCREC_Bact.Sp 5723.JPG,0,0.9999995,25.301151
184,PlantVillage Internal,0,D:\Tomato_Disease_Research\plantvillage\Tomato_Bacterial_spot\962399bf-bc19-48a8-99b1-92b2963c2dcd___UF.GRC_BS_Lab Leaf 1074.JPG,0,0.99999523,24.168982
185,PlantVillage Internal,0,D:\Tomato_Disease_Research\plantvillage\Tomato_Bacterial_spot\970f1e35-eca5-4011-9d93-be6566f27389___GCREC_Bact.Sp 3525.JPG,0,0.9999995,25.567331
186,PlantVillage Internal,0,D:\Tomato_Disease_Research\plantvillage\Tomato_Bacterial_spot\97135339-c428-4fec-9805-718d83ef7fcf___GCREC_Bact.Sp 5722.JPG,0,0.99999905,24.78722
187,PlantVillage Internal,0,D:\Tomato_Disease_Research\plantvillage\Tomato_Bacterial_spot\97f376a8-3781-4f2f-8fec-6a8150247d1e___GCREC_Bact.Sp 3387.JPG,0,0.9999994,25.094654
188,PlantVillage Internal,0,D:\Tomato_Disease_Research\plantvillage\Tomato_Bacterial_spot\986cde2a-3f8b-438d-8380-c5a8ff0a4993___UF.GRC_BS_Lab Leaf 8940.JPG,0,0.9999994,25.513615
189,PlantVillage Internal,0,D:\Tomato_Disease_Research\plantvillage\Tomato_Bacterial_spot\98df469d-20d0-4b6e-aae3-617473f3081f___GCREC_Bact.Sp 5792.JPG,0,0.9999995,25.04214
190,PlantVillage Internal,0,D:\Tomato_Disease_Research\plantvillage\Tomato_Bacterial_spot\98f8190e-9d84-4962-a833-a48643a91d4d___GCREC_Bact.Sp 3753.JPG,0,0.9999994,25.229803
191,PlantVillage Internal,0,D:\Tomato_Disease_Research\plantvillage\Tomato_Bacterial_spot\99044ddb-da2a-4b32-bc11-67e57cb2b807___UF.GRC_BS_Lab Leaf 0749.JPG,0,0.99999845,25.086756
192,PlantVillage Internal,0,D:\Tomato_Disease_Research\plantvillage\Tomato_Bacterial_spot\9981b824-96f2-4fc7-834b-4299efcdfab3___GCREC_Bact.Sp 5865.JPG,0,0.9999995,25.070261
193,PlantVillage Internal,0,D:\Tomato_Disease_Research\plantvillage\Tomato_Bacterial_spot\9a1850b9-2300-4845-a52f-73420ea76617___GCREC_Bact.Sp 3114.JPG,0,0.9999995,25.461145
194,PlantVillage Internal,0,D:\Tomato_Disease_Research\plantvillage\Tomato_Bacterial_spot\9a8c7e68-6887-40f1-b0f4-94bb5b678264___UF.GRC_BS_Lab Leaf 0399.JPG,0,0.9999987,24.711838
195,PlantVillage Internal,0,D:\Tomato_Disease_Research\plantvillage\Tomato_Bacterial_spot\9e643ad9-f96c-4f1d-a980-2a82dc72945a___GCREC_Bact.Sp 3704.JPG,0,0.9999994,25.398481
196,PlantVillage Internal,0,D:\Tomato_Disease_Research\plantvillage\Tomato_Bacterial_spot\9e748aef-42d5-429b-b2c6-c95dfa581331___GCREC_Bact.Sp 3363.JPG,0,0.99999905,25.079527
197,PlantVillage Internal,0,D:\Tomato_Disease_Research\plantvillage\Tomato_Bacterial_spot\9ea77bf9-c078-4adf-9173-ca0dca15dabd___GCREC_Bact.Sp 6333.JPG,0,0.9999993,25.392344
198,PlantVillage Internal,0,D:\Tomato_Disease_Research\plantvillage\Tomato_Bacterial_spot\a07259f0-2125-49df-ab32-c058eebf17f2___UF.GRC_BS_Lab Leaf 0218.JPG,0,0.9999993,25.061754
199,PlantVillage Internal,0,D:\Tomato_Disease_Research\plantvillage\Tomato_Bacterial_spot\a0e1d9f5-14aa-4161-aee6-0b1f42444b81___UF.GRC_BS_Lab Leaf 8714.JPG,0,0.999632,25.27593
200,PlantVillage Internal,0,D:\Tomato_Disease_Research\plantvillage\Tomato_Bacterial_spot\a114e770-fcce-48a2-8ffc-a665fae9e7f9___UF.GRC_BS_Lab Leaf 0977.JPG,0,0.9999989,25.223244
201,PlantVillage Internal,0,D:\Tomato_Disease_Research\plantvillage\Tomato_Bacterial_spot\a1166af0-6310-46bc-99ed-14215a18eb18___GCREC_Bact.Sp 3625.JPG,0,0.9999995,24.989344
202,PlantVillage Internal,0,D:\Tomato_Disease_Research\plantvillage\Tomato_Bacterial_spot\a1d8e2a7-c4c9-42d2-8a0d-bcf04053412f___GCREC_Bact.Sp 5672.JPG,0,0.9999993,25.267664
203,PlantVillage Internal,0,D:\Tomato_Disease_Research\plantvillage\Tomato_Bacterial_spot\a2347956-94dc-441c-80b4-f663e8b2edbd___GCREC_Bact.Sp 6054.JPG,0,0.99999917,25.154339
204,PlantVillage Internal,0,D:\Tomato_Disease_Research\plantvillage\Tomato_Bacterial_spot\a2e2a626-aafb-4383-8fa8-cc4d2071348a___GCREC_Bact.Sp 3125.JPG,0,0.9999994,25.22082
205,PlantVillage Internal,0,D:\Tomato_Disease_Research\plantvillage\Tomato_Bacterial_spot\a3085acc-b437-4987-997b-a2be5b5e9c0d___GCREC_Bact.Sp 3680.JPG,0,0.9999994,25.27404
206,PlantVillage Internal,0,D:\Tomato_Disease_Research\plantvillage\Tomato_Bacterial_spot\a3e27be0-e5c9-48dd-8305-dc2725c52ebd___GCREC_Bact.Sp 3853.JPG,0,0.9999994,25.598904
207,PlantVillage Internal,0,D:\Tomato_Disease_Research\plantvillage\Tomato_Bacterial_spot\a49f9691-ea2f-435a-be3e-603f5efd3cbf___GCREC_Bact.Sp 6013.JPG,0,0.9999994,25.319662
208,PlantVillage Internal,0,D:\Tomato_Disease_Research\plantvillage\Tomato_Bacterial_spot\a554c4d2-6eb9-438f-ae54-9477b0428ddf___GCREC_Bact.Sp 5570.JPG,0,0.9999994,25.070517
209,PlantVillage Internal,0,D:\Tomato_Disease_Research\plantvillage\Tomato_Bacterial_spot\a6387ef1-52bc-4596-a3a4-e0b8c3c46708___GCREC_Bact.Sp 6272.JPG,0,0.99999905,25.286669
210,PlantVillage Internal,0,D:\Tomato_Disease_Research\plantvillage\Tomato_Bacterial_spot\a6bbc7a3-0281-4fcc-b480-0917f3416908___UF.GRC_BS_Lab Leaf 9054.JPG,0,0.9999989,24.892689
211,PlantVillage Internal,0,D:\Tomato_Disease_Research\plantvillage\Tomato_Bacterial_spot\a7af4903-9aae-45be-990d-adfca4510cfa___GCREC_Bact.Sp 5872.JPG,0,0.9999995,25.488413
212,PlantVillage Internal,0,D:\Tomato_Disease_Research\plantvillage\Tomato_Bacterial_spot\a8e2a35e-8392-44cb-9b1d-da43d9127f88___UF.GRC_BS_Lab Leaf 9284.JPG,0,0.9999987,24.743546
213,PlantVillage Internal,0,D:\Tomato_Disease_Research\plantvillage\Tomato_Bacterial_spot\a9d50751-cfaf-4743-93d9-25207fadb580___GCREC_Bact.Sp 3654.JPG,0,0.9999995,25.404943
214,PlantVillage Internal,0,D:\Tomato_Disease_Research\plantvillage\Tomato_Bacterial_spot\abaa3e58-7511-4988-a555-b436b0aae002___GCREC_Bact.Sp 6161.JPG,0,0.9999987,25.30371
215,PlantVillage Internal,0,D:\Tomato_Disease_Research\plantvillage\Tomato_Bacterial_spot\ac099bdd-1fb0-4f9c-bb62-be3994736868___UF.GRC_BS_Lab Leaf 0419.JPG,0,0.99999845,24.65001
216,PlantVillage Internal,0,D:\Tomato_Disease_Research\plantvillage\Tomato_Bacterial_spot\ad286f63-30e7-4c14-87b3-9829fe00ec61___GCREC_Bact.Sp 5826.JPG,0,0.9999995,25.141512
217,PlantVillage Internal,0,D:\Tomato_Disease_Research\plantvillage\Tomato_Bacterial_spot\ad6dbb38-c44c-40c9-a6d8-8fc1d928e5de___GCREC_Bact.Sp 3775.JPG,0,0.9999989,24.881943
218,PlantVillage Internal,0,D:\Tomato_Disease_Research\plantvillage\Tomato_Bacterial_spot\afd78d63-13b3-400f-8e9a-1c87f27fa12f___UF.GRC_BS_Lab Leaf 0239.JPG,0,0.99999857,24.952196
219,PlantVillage Internal,0,D:\Tomato_Disease_Research\plantvillage\Tomato_Bacterial_spot\b042ebf8-61a8-4b00-a544-0704f299e96f___GCREC_Bact.Sp 5954.JPG,0,0.9999995,25.334484
220,PlantVillage Internal,0,D:\Tomato_Disease_Research\plantvillage\Tomato_Bacterial_spot\b070b4e5-934e-4dc3-baf0-3f9419eecb86___GCREC_Bact.Sp 5648.JPG,0,0.9999993,25.081041
221,PlantVillage Internal,0,D:\Tomato_Disease_Research\plantvillage\Tomato_Bacterial_spot\b1dd4d7d-40ab-40bc-8246-5dabfac9dbd9___GCREC_Bact.Sp 3488.JPG,0,0.9999994,25.39782
222,PlantVillage Internal,0,D:\Tomato_Disease_Research\plantvillage\Tomato_Bacterial_spot\b23d2980-58f7-4e83-b8f2-69214abf4bfc___GCREC_Bact.Sp 3529.JPG,0,0.9999994,25.421144
223,PlantVillage Internal,0,D:\Tomato_Disease_Research\plantvillage\Tomato_Bacterial_spot\b3c9f756-9328-46de-989b-a75859b40027___GCREC_Bact.Sp 3403.JPG,0,0.9999995,25.372654
224,PlantVillage Internal,0,D:\Tomato_Disease_Research\plantvillage\Tomato_Bacterial_spot\b3f77a28-f60f-46fa-91ff-cdfad5979420___UF.GRC_BS_Lab Leaf 0714.JPG,0,0.9999989,25.088877
225,PlantVillage Internal,0,D:\Tomato_Disease_Research\plantvillage\Tomato_Bacterial_spot\b5c376b6-3c0a-46d7-a053-2b3a57168897___UF.GRC_BS_Lab Leaf 9003.JPG,0,0.99999905,25.177742
226,PlantVillage Internal,0,D:\Tomato_Disease_Research\plantvillage\Tomato_Bacterial_spot\b66ad55a-0bf2-4819-90f2-10d4206122e6___GCREC_Bact.Sp 3771.JPG,0,0.9999993,25.26066
227,PlantVillage Internal,0,D:\Tomato_Disease_Research\plantvillage\Tomato_Bacterial_spot\b700874c-33cd-4e1d-8b84-f6313e31fc56___GCREC_Bact.Sp 5690.JPG,0,0.9999993,25.155142
228,PlantVillage Internal,0,D:\Tomato_Disease_Research\plantvillage\Tomato_Bacterial_spot\b8682577-be6c-42a9-9d02-48300363e796___GCREC_Bact.Sp 3498.JPG,0,0.99999905,25.0128
229,PlantVillage Internal,0,D:\Tomato_Disease_Research\plantvillage\Tomato_Bacterial_spot\b8e606e2-0630-453f-8688-b4350feb2bce___GCREC_Bact.Sp 3033.JPG,0,0.9999995,25.271873
230,PlantVillage Internal,0,D:\Tomato_Disease_Research\plantvillage\Tomato_Bacterial_spot\b8f38ecf-ef8d-47b5-90a3-e937a300a931___GCREC_Bact.Sp 5770.JPG,0,0.99999917,25.16968
231,PlantVillage Internal,0,D:\Tomato_Disease_Research\plantvillage\Tomato_Bacterial_spot\b9072867-69f3-4ea7-9afb-06781b4a4f2f___GCREC_Bact.Sp 3253.JPG,0,0.9999993,25.004568
232,PlantVillage Internal,0,D:\Tomato_Disease_Research\plantvillage\Tomato_Bacterial_spot\bb199ebe-f777-4760-adb1-368291627d3d___GCREC_Bact.Sp 5749.JPG,0,0.9999995,25.159384
233,PlantVillage Internal,0,D:\Tomato_Disease_Research\plantvillage\Tomato_Bacterial_spot\bba175d5-0107-4ea9-b485-00d169678afd___GCREC_Bact.Sp 6380.JPG,0,0.9999994,25.306398
234,PlantVillage Internal,0,D:\Tomato_Disease_Research\plantvillage\Tomato_Bacterial_spot\bd5b5a19-a9b0-4572-9920-8ed728c15804___GCREC_Bact.Sp 3653.JPG,0,0.99999905,25.343128
235,PlantVillage Internal,0,D:\Tomato_Disease_Research\plantvillage\Tomato_Bacterial_spot\bea776af-8c63-4376-a7f2-7cbd0e15e743___GCREC_Bact.Sp 3631.JPG,0,0.99999905,25.516735
236,PlantVillage Internal,0,D:\Tomato_Disease_Research\plantvillage\Tomato_Bacterial_spot\befc4ca2-a878-4f85-b983-c1506a4a1a69___GCREC_Bact.Sp 5883.JPG,0,0.9999995,25.171526
237,PlantVillage Internal,0,D:\Tomato_Disease_Research\plantvillage\Tomato_Bacterial_spot\c0a49d4f-501c-4a5f-a7cd-6164d1bddb45___GCREC_Bact.Sp 6157.JPG,0,0.9999994,25.253033
238,PlantVillage Internal,0,D:\Tomato_Disease_Research\plantvillage\Tomato_Bacterial_spot\c0b98fdd-b9b8-453f-8de3-4aeec4299f8c___GCREC_Bact.Sp 6086.JPG,0,0.9999989,24.928854
239,PlantVillage Internal,0,D:\Tomato_Disease_Research\plantvillage\Tomato_Bacterial_spot\c10643e1-3d5a-40f6-9357-57aadd3d6721___GCREC_Bact.Sp 3727.JPG,0,0.9999994,24.927628
240,PlantVillage Internal,0,D:\Tomato_Disease_Research\plantvillage\Tomato_Bacterial_spot\c1b331bd-edf3-4623-bf39-01c3c4fe6105___UF.GRC_BS_Lab Leaf 9299.JPG,0,0.99999833,24.612522
241,PlantVillage Internal,0,D:\Tomato_Disease_Research\plantvillage\Tomato_Bacterial_spot\c809df76-1ae4-4543-9a2e-ed079ae737df___UF.GRC_BS_Lab Leaf 9231.JPG,0,0.9999988,25.083822
242,PlantVillage Internal,0,D:\Tomato_Disease_Research\plantvillage\Tomato_Bacterial_spot\c8bfa39f-b92f-4c10-98e6-ff3600445c24___UF.GRC_BS_Lab Leaf 8759.JPG,0,0.9999989,24.67664
243,PlantVillage Internal,0,D:\Tomato_Disease_Research\plantvillage\Tomato_Bacterial_spot\c9c0a326-c094-4cea-94cb-bc240bb3be23___GCREC_Bact.Sp 3652.JPG,0,0.9999994,25.47403
244,PlantVillage Internal,0,D:\Tomato_Disease_Research\plantvillage\Tomato_Bacterial_spot\cb7d65bc-ae67-4686-94ce-f3fdcfc53149___UF.GRC_BS_Lab Leaf 8738.JPG,0,0.99999905,25.196217
245,PlantVillage Internal,0,D:\Tomato_Disease_Research\plantvillage\Tomato_Bacterial_spot\ccfd719f-6e00-491f-8c6e-c91bccb4550a___GCREC_Bact.Sp 3730.JPG,0,0.99999917,25.2485
246,PlantVillage Internal,0,D:\Tomato_Disease_Research\plantvillage\Tomato_Bacterial_spot\cd12526b-4a85-4329-95b0-63ed38fe9cc0___GCREC_Bact.Sp 5746.JPG,0,0.9999993,25.274576
247,PlantVillage Internal,0,D:\Tomato_Disease_Research\plantvillage\Tomato_Bacterial_spot\cdd68f49-20b8-4523-99cf-6479f85b8410___GCREC_Bact.Sp 5853.JPG,0,0.9999994,25.019337
248,PlantVillage Internal,0,D:\Tomato_Disease_Research\plantvillage\Tomato_Bacterial_spot\cf08a18e-375d-4f92-ac86-bd0e2f8f8dd2___GCREC_Bact.Sp 5808.JPG,0,0.9999994,25.186949
249,PlantVillage Internal,0,D:\Tomato_Disease_Research\plantvillage\Tomato_Bacterial_spot\d00c45d9-7b1d-478e-93bb-5d5e13ecf14a___GCREC_Bact.Sp 5812.JPG,0,0.9999993,25.495195
250,PlantVillage Internal,0,D:\Tomato_Disease_Research\plantvillage\Tomato_Bacterial_spot\d20d7a01-ca5b-41ed-ade2-e62caf0ef543___GCREC_Bact.Sp 6003.JPG,0,0.9999994,25.291067
251,PlantVillage Internal,0,D:\Tomato_Disease_Research\plantvillage\Tomato_Bacterial_spot\d2baf547-f447-4b60-b642-7e1008ac6187___GCREC_Bact.Sp 5920.JPG,0,0.9999994,25.297758
252,PlantVillage Internal,0,D:\Tomato_Disease_Research\plantvillage\Tomato_Bacterial_spot\d3388cc8-1d28-4d94-9784-d441f05fcccb___GCREC_Bact.Sp 3351.JPG,0,0.9999995,25.02208
253,PlantVillage Internal,0,D:\Tomato_Disease_Research\plantvillage\Tomato_Bacterial_spot\d34ab0c8-700c-4c3d-8d30-7b52ea715bc7___GCREC_Bact.Sp 6122.JPG,0,0.9999994,25.280792
254,PlantVillage Internal,0,D:\Tomato_Disease_Research\plantvillage\Tomato_Bacterial_spot\d42b50b2-4178-4b79-8d97-309587703ae0___GCREC_Bact.Sp 5756.JPG,0,0.99999905,24.786463
255,PlantVillage Internal,0,D:\Tomato_Disease_Research\plantvillage\Tomato_Bacterial_spot\d4e4f6a5-f887-48b1-83d5-44e6f834cab4___GCREC_Bact.Sp 6064.JPG,0,0.9999989,25.286903
256,PlantVillage Internal,0,D:\Tomato_Disease_Research\plantvillage\Tomato_Bacterial_spot\d504f56f-b000-438e-a81a-e95870d70bb0___GCREC_Bact.Sp 5668.JPG,0,0.9999994,25.296968
257,PlantVillage Internal,0,D:\Tomato_Disease_Research\plantvillage\Tomato_Bacterial_spot\d6185a8e-8ac1-4307-841a-f5e862b26a4d___GCREC_Bact.Sp 3179.JPG,0,0.9999994,25.41425
258,PlantVillage Internal,0,D:\Tomato_Disease_Research\plantvillage\Tomato_Bacterial_spot\d619a692-5746-4824-b134-982656e61633___GCREC_Bact.Sp 5593.JPG,0,0.9999994,25.029037
259,PlantVillage Internal,0,D:\Tomato_Disease_Research\plantvillage\Tomato_Bacterial_spot\d623c605-17f1-43b2-af4a-5428367f752f___GCREC_Bact.Sp 6284.JPG,0,0.9999995,25.251245
260,PlantVillage Internal,0,D:\Tomato_Disease_Research\plantvillage\Tomato_Bacterial_spot\d78cf219-53eb-4269-830d-e1822caa8fdd___GCREC_Bact.Sp 5755.JPG,0,0.9999994,25.021318
261,PlantVillage Internal,0,D:\Tomato_Disease_Research\plantvillage\Tomato_Bacterial_spot\d7f580f8-c7b1-47ff-9746-35f6f7000427___GCREC_Bact.Sp 3600.JPG,0,0.99999964,25.705038
262,PlantVillage Internal,0,D:\Tomato_Disease_Research\plantvillage\Tomato_Bacterial_spot\d8a90b81-eb30-461d-80ba-4fa9c93f379d___GCREC_Bact.Sp 3757.JPG,0,0.9999994,25.32908
263,PlantVillage Internal,0,D:\Tomato_Disease_Research\plantvillage\Tomato_Bacterial_spot\d8d3c759-4242-42c0-9be5-b3177f2664be___GCREC_Bact.Sp 5953.JPG,0,0.9999995,25.300966
264,PlantVillage Internal,0,D:\Tomato_Disease_Research\plantvillage\Tomato_Bacterial_spot\d903df67-fe54-4892-be62-1db1a8bbe6d2___GCREC_Bact.Sp 5942.JPG,0,0.99999905,25.378485
265,PlantVillage Internal,0,D:\Tomato_Disease_Research\plantvillage\Tomato_Bacterial_spot\db5044bc-64df-4f7c-a591-5b79b9318805___GCREC_Bact.Sp 5546.JPG,0,0.99999917,24.902515
266,PlantVillage Internal,0,D:\Tomato_Disease_Research\plantvillage\Tomato_Bacterial_spot\dc8612c8-6b25-4bf7-b6e8-49b20fda59ee___GCREC_Bact.Sp 3380.JPG,0,0.9999989,25.105045
267,PlantVillage Internal,0,D:\Tomato_Disease_Research\plantvillage\Tomato_Bacterial_spot\dc865b07-0701-4ddd-be52-cc75f80d0ada___UF.GRC_BS_Lab Leaf 0683.JPG,0,0.99999845,24.775953
268,PlantVillage Internal,0,D:\Tomato_Disease_Research\plantvillage\Tomato_Bacterial_spot\de2b6ef8-f5cc-4cf5-bebf-273d12f2626f___GCREC_Bact.Sp 6301.JPG,0,0.9999993,25.52401
269,PlantVillage Internal,0,D:\Tomato_Disease_Research\plantvillage\Tomato_Bacterial_spot\deafaefa-dc4f-40ab-b26a-f462d334e8b2___GCREC_Bact.Sp 3300.JPG,0,0.9999994,25.470747
270,PlantVillage Internal,0,D:\Tomato_Disease_Research\plantvillage\Tomato_Bacterial_spot\df4ce90b-64df-4ed3-8978-bc9c619bdb57___GCREC_Bact.Sp 5813.JPG,0,0.9999993,25.186222
271,PlantVillage Internal,0,D:\Tomato_Disease_Research\plantvillage\Tomato_Bacterial_spot\dff2f22f-6d7a-4331-bd7a-902e13212348___GCREC_Bact.Sp 5924.JPG,0,0.9999993,25.362999
272,PlantVillage Internal,0,D:\Tomato_Disease_Research\plantvillage\Tomato_Bacterial_spot\e0e5620f-d8bb-4f6e-9d87-87aff4b7c230___GCREC_Bact.Sp 5737.JPG,0,0.9999987,24.960073
273,PlantVillage Internal,0,D:\Tomato_Disease_Research\plantvillage\Tomato_Bacterial_spot\e1fa4f5f-d166-4483-95c4-0c420ee2098e___GCREC_Bact.Sp 3458.JPG,0,0.9999995,25.361753
274,PlantVillage Internal,0,D:\Tomato_Disease_Research\plantvillage\Tomato_Bacterial_spot\e2061420-56a2-4612-9ba9-1d9c40e7fd13___GCREC_Bact.Sp 5824.JPG,0,0.9999995,25.224413
275,PlantVillage Internal,0,D:\Tomato_Disease_Research\plantvillage\Tomato_Bacterial_spot\e2286f6d-1e30-4528-ab51-84c18a16b7e1___GCREC_Bact.Sp 3503.JPG,0,0.9999993,25.052284
276,PlantVillage Internal,0,D:\Tomato_Disease_Research\plantvillage\Tomato_Bacterial_spot\e28b2c59-c08e-4957-975f-2965d8b801e2___GCREC_Bact.Sp 3321.JPG,0,0.9999995,25.178564
277,PlantVillage Internal,0,D:\Tomato_Disease_Research\plantvillage\Tomato_Bacterial_spot\e2c2e02e-091d-46ef-a9a7-638dfd4decd6___GCREC_Bact.Sp 3228.JPG,0,0.99999964,25.633865
278,PlantVillage Internal,0,D:\Tomato_Disease_Research\plantvillage\Tomato_Bacterial_spot\e444a471-4021-424b-a375-78f3b17413c8___GCREC_Bact.Sp 6319.JPG,0,0.99999917,25.019962
279,PlantVillage Internal,0,D:\Tomato_Disease_Research\plantvillage\Tomato_Bacterial_spot\e4d01d54-df44-40ab-a6f9-74c9e0834998___GCREC_Bact.Sp 5950.JPG,0,0.9999993,25.30123
280,PlantVillage Internal,0,D:\Tomato_Disease_Research\plantvillage\Tomato_Bacterial_spot\e5ab7644-032a-44d8-97dd-3e9eec19278b___GCREC_Bact.Sp 6208.JPG,0,0.9999995,25.484842
281,PlantVillage Internal,0,D:\Tomato_Disease_Research\plantvillage\Tomato_Bacterial_spot\e6167368-bc1b-4f68-a725-cbcee3d930fb___GCREC_Bact.Sp 3510.JPG,0,0.9999995,25.24354
282,PlantVillage Internal,0,D:\Tomato_Disease_Research\plantvillage\Tomato_Bacterial_spot\e6ec0aa5-a195-4606-a539-cf7c13f62727___GCREC_Bact.Sp 3828.JPG,0,0.99999917,25.099575
283,PlantVillage Internal,0,D:\Tomato_Disease_Research\plantvillage\Tomato_Bacterial_spot\e7b30707-3b57-49a1-ba38-ad82ca2c6cce___GCREC_Bact.Sp 5795.JPG,0,0.9999993,25.122782
284,PlantVillage Internal,0,D:\Tomato_Disease_Research\plantvillage\Tomato_Bacterial_spot\e7dc7765-74e9-4cd8-94f1-a585c41bea16___GCREC_Bact.Sp 3267.JPG,0,0.99999964,25.210814
285,PlantVillage Internal,0,D:\Tomato_Disease_Research\plantvillage\Tomato_Bacterial_spot\e813e60a-25a6-4444-8fb6-eeab328d9ccc___GCREC_Bact.Sp 3573.JPG,0,0.99999905,25.037077
286,PlantVillage Internal,0,D:\Tomato_Disease_Research\plantvillage\Tomato_Bacterial_spot\e873f5c0-d887-496d-b037-6549e4c52d3a___UF.GRC_BS_Lab Leaf 9271.JPG,0,0.9999993,25.113268
287,PlantVillage Internal,0,D:\Tomato_Disease_Research\plantvillage\Tomato_Bacterial_spot\e87962ec-4dae-4c6c-8233-620e40acf137___GCREC_Bact.Sp 3160.JPG,0,0.9999994,25.476221
288,PlantVillage Internal,0,D:\Tomato_Disease_Research\plantvillage\Tomato_Bacterial_spot\e9d62efe-fb3b-4b34-8c9f-7c0f067f1daa___UF.GRC_BS_Lab Leaf 8983.JPG,0,0.9999993,25.383944
289,PlantVillage Internal,0,D:\Tomato_Disease_Research\plantvillage\Tomato_Bacterial_spot\ea5451fc-7d10-4a88-8193-cbbdb1f8f748___GCREC_Bact.Sp 3785.JPG,0,0.99999905,24.902372
290,PlantVillage Internal,0,D:\Tomato_Disease_Research\plantvillage\Tomato_Bacterial_spot\eaea12c1-998c-4853-ba5e-95c8cb08c4b9___GCREC_Bact.Sp 3324.JPG,0,0.9999994,25.332363
291,PlantVillage Internal,0,D:\Tomato_Disease_Research\plantvillage\Tomato_Bacterial_spot\eb69cd1d-ab61-44cf-b8d0-2e6317fd3043___GCREC_Bact.Sp 2998.JPG,0,0.9999995,25.410006
292,PlantVillage Internal,0,D:\Tomato_Disease_Research\plantvillage\Tomato_Bacterial_spot\eba8000b-ecbc-4417-bc21-67c7e4dd8c8d___GCREC_Bact.Sp 5916.JPG,0,0.9999995,25.409313
293,PlantVillage Internal,0,D:\Tomato_Disease_Research\plantvillage\Tomato_Bacterial_spot\ed618153-da70-475f-be98-cc2b9c28214b___GCREC_Bact.Sp 6211.JPG,0,0.99999917,25.18685
294,PlantVillage Internal,0,D:\Tomato_Disease_Research\plantvillage\Tomato_Bacterial_spot\ee6e4597-cc98-4966-a9e9-bd6a4a76ea97___GCREC_Bact.Sp 3491.JPG,0,0.9999995,25.244324
295,PlantVillage Internal,0,D:\Tomato_Disease_Research\plantvillage\Tomato_Bacterial_spot\ef238437-be93-46f4-a67d-124949f847f6___GCREC_Bact.Sp 3798.JPG,0,0.9999994,25.326939
296,PlantVillage Internal,0,D:\Tomato_Disease_Research\plantvillage\Tomato_Bacterial_spot\ef588b6e-ce90-4648-b1a4-990dc7dca22d___UF.GRC_BS_Lab Leaf 9288.JPG,0,0.9999987,24.944645
297,PlantVillage Internal,0,D:\Tomato_Disease_Research\plantvillage\Tomato_Bacterial_spot\efce769f-3228-490a-b442-58a67d2ce349___GCREC_Bact.Sp 5868.JPG,0,0.9999994,25.093473
298,PlantVillage Internal,0,D:\Tomato_Disease_Research\plantvillage\Tomato_Bacterial_spot\f0256cb3-6072-453f-9230-2ab16c2db646___GCREC_Bact.Sp 6303.JPG,0,0.9999994,25.080173
299,PlantVillage Internal,0,D:\Tomato_Disease_Research\plantvillage\Tomato_Bacterial_spot\f04fd2e9-8aef-423f-8c47-42e179092bad___GCREC_Bact.Sp 3679.JPG,0,0.99999845,25.091406
300,PlantVillage Internal,0,D:\Tomato_Disease_Research\plantvillage\Tomato_Bacterial_spot\f15cec7f-fe4f-4837-a3f0-1ec2bceaa10d___UF.GRC_BS_Lab Leaf 0226.JPG,0,0.9999993,25.001356
301,PlantVillage Internal,0,D:\Tomato_Disease_Research\plantvillage\Tomato_Bacterial_spot\f295d002-ba3b-45f4-ad4d-44ecf10afbf7___GCREC_Bact.Sp 5820.JPG,0,0.9999994,25.40786
302,PlantVillage Internal,0,D:\Tomato_Disease_Research\plantvillage\Tomato_Bacterial_spot\f2fbcaa9-66a4-4937-a531-bfbe1a8956d1___GCREC_Bact.Sp 6091.JPG,0,0.9999994,25.248823
303,PlantVillage Internal,0,D:\Tomato_Disease_Research\plantvillage\Tomato_Bacterial_spot\f3590208-3be1-4b32-accd-464e58950119___GCREC_Bact.Sp 3481.JPG,0,0.9999994,25.181803
304,PlantVillage Internal,0,D:\Tomato_Disease_Research\plantvillage\Tomato_Bacterial_spot\f4f094d0-b879-4352-adf1-c9f9b8303881___GCREC_Bact.Sp 3539.JPG,0,0.9999993,25.467985
305,PlantVillage Internal,0,D:\Tomato_Disease_Research\plantvillage\Tomato_Bacterial_spot\f68ccc94-dbbb-43e3-a7fb-c298c0f5830c___GCREC_Bact.Sp 6057.JPG,0,0.9999993,25.42598
306,PlantVillage Internal,0,D:\Tomato_Disease_Research\plantvillage\Tomato_Bacterial_spot\f69eb99b-2cf8-4fb1-abea-b1bad4d9dad8___GCREC_Bact.Sp 6151.JPG,0,0.9999988,24.618073
307,PlantVillage Internal,0,D:\Tomato_Disease_Research\plantvillage\Tomato_Bacterial_spot\f715c7e4-8b89-4eda-b020-adcf49e910f0___GCREC_Bact.Sp 6315.JPG,0,0.9999995,24.919102
308,PlantVillage Internal,0,D:\Tomato_Disease_Research\plantvillage\Tomato_Bacterial_spot\f82504ab-2205-4b5e-968f-225eff5b22fb___GCREC_Bact.Sp 3705.JPG,0,0.9999993,25.128706
309,PlantVillage Internal,0,D:\Tomato_Disease_Research\plantvillage\Tomato_Bacterial_spot\f848e0cd-2447-4b8f-8467-4e14f4d20e83___GCREC_Bact.Sp 6140.JPG,0,0.99999857,25.017818
310,PlantVillage Internal,0,D:\Tomato_Disease_Research\plantvillage\Tomato_Bacterial_spot\f8612abc-7408-451f-b6b8-89561d679bd0___GCREC_Bact.Sp 2997.JPG,0,0.9999987,24.6765
311,PlantVillage Internal,0,D:\Tomato_Disease_Research\plantvillage\Tomato_Bacterial_spot\f880355a-9e96-41a3-9e66-79d498dc6d61___GCREC_Bact.Sp 3823.JPG,0,0.9999995,25.613638
312,PlantVillage Internal,0,D:\Tomato_Disease_Research\plantvillage\Tomato_Bacterial_spot\fa0a336a-ddda-4571-9fad-d0331280640a___GCREC_Bact.Sp 3845.JPG,0,0.9999994,25.453777
313,PlantVillage Internal,0,D:\Tomato_Disease_Research\plantvillage\Tomato_Bacterial_spot\face0e7f-6173-456e-9ee5-973aedb41c3b___GCREC_Bact.Sp 3493.JPG,0,0.9999995,25.239656
314,PlantVillage Internal,0,D:\Tomato_Disease_Research\plantvillage\Tomato_Bacterial_spot\fbae79e4-5907-44e2-b249-68e0643f1a21___UF.GRC_BS_Lab Leaf 0330.JPG,0,0.99999917,24.686563
315,PlantVillage Internal,0,D:\Tomato_Disease_Research\plantvillage\Tomato_Bacterial_spot\fc48610a-675f-4fdf-998d-5d877c909550___GCREC_Bact.Sp 2959.JPG,0,0.9999994,25.095684
316,PlantVillage Internal,0,D:\Tomato_Disease_Research\plantvillage\Tomato_Bacterial_spot\fc594562-7b84-4049-8095-7e23b7ecba2f___GCREC_Bact.Sp 5910.JPG,0,0.9999993,25.128761
317,PlantVillage Internal,0,D:\Tomato_Disease_Research\plantvillage\Tomato_Bacterial_spot\fd3e89ea-d6f8-4544-8aa5-ec27578a0a7b___GCREC_Bact.Sp 3788.JPG,0,0.9999995,25.441927
318,PlantVillage Internal,0,D:\Tomato_Disease_Research\plantvillage\Tomato_Bacterial_spot\feff1503-fc62-4ea6-ac5b-e8b7448ad5e4___GCREC_Bact.Sp 3203.JPG,0,0.9999994,25.233376
319,PlantVillage Internal,0,D:\Tomato_Disease_Research\plantvillage\Tomato_Early_blight\04747279-48b2-4ce1-932b-e511424beb6b___RS_Erly.B 8240.JPG,1,0.9999993,25.463575
320,PlantVillage Internal,0,D:\Tomato_Disease_Research\plantvillage\Tomato_Early_blight\04e38351-80bc-4260-8a4d-187f7817c3e5___RS_Erly.B 7439.JPG,1,0.9999994,25.267908
321,PlantVillage Internal,0,D:\Tomato_Disease_Research\plantvillage\Tomato_Early_blight\074bc781-f586-46b0-bef5-0237e3bf5043___RS_Erly.B 8375.JPG,1,0.99999917,25.31023
322,PlantVillage Internal,0,D:\Tomato_Disease_Research\plantvillage\Tomato_Early_blight\090af0e4-75f2-495a-8bca-a3370c6dd2a6___RS_Erly.B 9562.JPG,1,0.9999995,25.40368
323,PlantVillage Internal,0,D:\Tomato_Disease_Research\plantvillage\Tomato_Early_blight\0ae44a6c-1213-4312-a11b-c7c5d4e585d0___RS_Erly.B 9442.JPG,1,0.9999995,25.88945
324,PlantVillage Internal,0,D:\Tomato_Disease_Research\plantvillage\Tomato_Early_blight\0bb52721-51a6-4343-8c54-de15cedf8e5c___RS_Erly.B 7572.JPG,1,0.9999981,25.410204
325,PlantVillage Internal,0,D:\Tomato_Disease_Research\plantvillage\Tomato_Early_blight\0bed4d68-b82c-4e96-bbfe-e0fc10df01aa___RS_Erly.B 8301.JPG,1,0.9999993,25.550114
326,PlantVillage Internal,0,D:\Tomato_Disease_Research\plantvillage\Tomato_Early_blight\0efaac13-1988-48db-aec3-f31df3045b95___RS_Erly.B 8342.JPG,1,0.9999994,25.246565
327,PlantVillage Internal,0,D:\Tomato_Disease_Research\plantvillage\Tomato_Early_blight\0f03a09c-aa48-4d51-95e1-752c466c3742___RS_Erly.B 6413.JPG,1,0.99999905,25.348368
328,PlantVillage Internal,0,D:\Tomato_Disease_Research\plantvillage\Tomato_Early_blight\0f065614-a53a-4c83-9d29-5d3e4ab5b41d___RS_Erly.B 7676.JPG,1,0.9999987,25.011862
329,PlantVillage Internal,0,D:\Tomato_Disease_Research\plantvillage\Tomato_Early_blight\0f7a2408-9c26-4ff9-bee5-2bfcd91a11f7___RS_Erly.B 9440.JPG,1,0.9999995,25.782711
330,PlantVillage Internal,0,D:\Tomato_Disease_Research\plantvillage\Tomato_Early_blight\113562f3-fe24-4b28-9ec8-7ca432bded47___RS_Erly.B 9402.JPG,1,0.99999917,25.794285
331,PlantVillage Internal,0,D:\Tomato_Disease_Research\plantvillage\Tomato_Early_blight\15fb19ad-8a5a-4e1b-8ed2-c8d48b006b1d___RS_Erly.B 7674.JPG,1,0.9999993,25.260103
332,PlantVillage Internal,0,D:\Tomato_Disease_Research\plantvillage\Tomato_Early_blight\16ae1b64-2954-4135-bea5-d599ba56740c___RS_Erly.B 7649.JPG,1,0.9999994,25.633236
333,PlantVillage Internal,0,D:\Tomato_Disease_Research\plantvillage\Tomato_Early_blight\1873e09f-31fd-4612-920a-861fac1af687___RS_Erly.B 7797.JPG,1,0.99999905,25.118084
334,PlantVillage Internal,0,D:\Tomato_Disease_Research\plantvillage\Tomato_Early_blight\19427ace-5a24-4e30-8a4d-228ab4a3b99b___RS_Erly.B 7403.JPG,1,0.9999974,25.242199
335,PlantVillage Internal,0,D:\Tomato_Disease_Research\plantvillage\Tomato_Early_blight\1bff3ab2-9e99-4d4b-ad0e-acd943324050___RS_Erly.B 6460.JPG,1,0.99999917,25.574705
336,PlantVillage Internal,0,D:\Tomato_Disease_Research\plantvillage\Tomato_Early_blight\1d3d164e-43a9-4e0a-9e4f-9c9abab64d88___RS_Erly.B 7824.JPG,1,0.9999981,24.807207
337,PlantVillage Internal,0,D:\Tomato_Disease_Research\plantvillage\Tomato_Early_blight\1f4c9f8a-5672-4e47-84dd-55f85f953174___RS_Erly.B 7582.JPG,1,0.9999993,25.41882
338,PlantVillage Internal,0,D:\Tomato_Disease_Research\plantvillage\Tomato_Early_blight\21d6c7aa-20d7-4434-9248-e21d073e165a___RS_Erly.B 7495.JPG,1,0.99999905,25.265003
339,PlantVillage Internal,0,D:\Tomato_Disease_Research\plantvillage\Tomato_Early_blight\2312305e-c167-4730-a07a-db5c9956077a___RS_Erly.B 7752.JPG,1,0.999977,24.919996
340,PlantVillage Internal,0,D:\Tomato_Disease_Research\plantvillage\Tomato_Early_blight\248a61d1-ed39-452b-b985-77120c1edc7a___RS_Erly.B 7669.JPG,1,0.99999917,25.562214
341,PlantVillage Internal,0,D:\Tomato_Disease_Research\plantvillage\Tomato_Early_blight\248f220e-56ac-43f1-8f17-641ed4637138___RS_Erly.B 7802.JPG,1,0.99999654,24.620115
342,PlantVillage Internal,0,D:\Tomato_Disease_Research\plantvillage\Tomato_Early_blight\25430871-a740-4dd8-a836-bf2d52eb233b___RS_Erly.B 6420.JPG,1,0.99999905,24.97233
343,PlantVillage Internal,0,D:\Tomato_Disease_Research\plantvillage\Tomato_Early_blight\2606a4ae-7b2f-4fd6-a561-fc9dce2ffc02___RS_Erly.B 9570.JPG,1,0.9999995,25.42643
344,PlantVillage Internal,0,D:\Tomato_Disease_Research\plantvillage\Tomato_Early_blight\26b721c9-94fd-4e19-bb7e-521238eb8a1b___RS_Erly.B 9380.JPG,1,0.9999994,25.297693
345,PlantVillage Internal,0,D:\Tomato_Disease_Research\plantvillage\Tomato_Early_blight\2792287f-aa8e-4c03-aabe-479e75cdc0f8___RS_Erly.B 9584.JPG,1,0.9999994,26.087652
346,PlantVillage Internal,0,D:\Tomato_Disease_Research\plantvillage\Tomato_Early_blight\2840c2f1-b901-41c2-8d0c-7827bc7f8ab3___RS_Erly.B 9574.JPG,1,0.99999905,26.163338
347,PlantVillage Internal,0,D:\Tomato_Disease_Research\plantvillage\Tomato_Early_blight\2c9fda20-f414-4aaa-8798-faf6bc38f014___RS_Erly.B 6491.JPG,1,0.9999994,25.67598
348,PlantVillage Internal,0,D:\Tomato_Disease_Research\plantvillage\Tomato_Early_blight\2f6115d3-4997-4174-aa6a-9025c654e81f___RS_Erly.B 9374.JPG,1,0.9999989,25.243963
349,PlantVillage Internal,0,D:\Tomato_Disease_Research\plantvillage\Tomato_Early_blight\30901e71-e656-4e7e-b3ec-0f813c307b88___RS_Erly.B 9396.JPG,1,0.99999905,25.088778
350,PlantVillage Internal,0,D:\Tomato_Disease_Research\plantvillage\Tomato_Early_blight\31e2b9eb-6005-493f-b1c7-293f3dd309dc___RS_Erly.B 7859.JPG,1,0.99999857,25.186983
351,PlantVillage Internal,0,D:\Tomato_Disease_Research\plantvillage\Tomato_Early_blight\3253ff4e-90ab-475a-89d2-f99875c53367___RS_Erly.B 8356.JPG,1,0.9999993,25.388252
352,PlantVillage Internal,0,D:\Tomato_Disease_Research\plantvillage\Tomato_Early_blight\32f37240-9abc-4a4d-8c62-37ee3e89d0b6___RS_Erly.B 6424.JPG,1,0.99999917,25.262346
353,PlantVillage Internal,0,D:\Tomato_Disease_Research\plantvillage\Tomato_Early_blight\3592b22c-09cd-4005-97c4-cdd11318cce0___RS_Erly.B 9391.JPG,1,0.99999774,24.868046
354,PlantVillage Internal,0,D:\Tomato_Disease_Research\plantvillage\Tomato_Early_blight\36c17d6d-9e00-4e7c-bf14-eaadb64b508d___RS_Erly.B 7641.JPG,1,0.9999987,25.966675
355,PlantVillage Internal,0,D:\Tomato_Disease_Research\plantvillage\Tomato_Early_blight\392df5d9-0383-4ce9-a6fa-17d09cdc3c62___RS_Erly.B 9497.JPG,1,0.9999993,25.13377
356,PlantVillage Internal,0,D:\Tomato_Disease_Research\plantvillage\Tomato_Early_blight\398d72f7-db26-4138-9364-eb506f9495f4___RS_Erly.B 9450.JPG,1,0.99999917,25.685507
357,PlantVillage Internal,0,D:\Tomato_Disease_Research\plantvillage\Tomato_Early_blight\3a2f31aa-b3e1-45a0-b0e6-2ffe3a2538b2___RS_Erly.B 9393.JPG,1,0.99999833,25.165735
358,PlantVillage Internal,0,D:\Tomato_Disease_Research\plantvillage\Tomato_Early_blight\3a5a5775-fd2c-43ea-ad6b-ce2e50b36dcf___RS_Erly.B 6469.JPG,1,0.9999988,25.123497
359,PlantVillage Internal,0,D:\Tomato_Disease_Research\plantvillage\Tomato_Early_blight\3c09557f-b69a-423e-a84f-8fd9ee6467d2___RS_Erly.B 9490.JPG,1,0.9999995,25.542366
360,PlantVillage Internal,0,D:\Tomato_Disease_Research\plantvillage\Tomato_Early_blight\3c5b8470-8596-44bf-baa3-164a03e1c818___RS_Erly.B 9611.JPG,1,0.9999975,26.283428
361,PlantVillage Internal,0,D:\Tomato_Disease_Research\plantvillage\Tomato_Early_blight\420da335-510d-4e55-ac9c-2cad3530ad68___RS_Erly.B 8442.JPG,1,0.99999917,25.146645
362,PlantVillage Internal,0,D:\Tomato_Disease_Research\plantvillage\Tomato_Early_blight\422802e1-cee5-43b7-b735-7f90b5e5d4e2___RS_Erly.B 7349.JPG,1,0.9999989,26.257862
363,PlantVillage Internal,0,D:\Tomato_Disease_Research\plantvillage\Tomato_Early_blight\427229e9-359c-49c5-8dfd-b721a3802899___RS_Erly.B 7861.JPG,1,0.9999981,24.92933
364,PlantVillage Internal,0,D:\Tomato_Disease_Research\plantvillage\Tomato_Early_blight\42a9a952-29d4-4a66-9dd9-65ebaac0db93___RS_Erly.B 7815.JPG,1,0.99999917,25.307081
365,PlantVillage Internal,0,D:\Tomato_Disease_Research\plantvillage\Tomato_Early_blight\42c0d61f-b28e-43e9-9fa3-bb03c6ec086a___RS_Erly.B 9601.JPG,1,0.9999988,25.381159
366,PlantVillage Internal,0,D:\Tomato_Disease_Research\plantvillage\Tomato_Early_blight\498e5205-4421-4ec6-80b5-e4f79156b1c5___RS_Erly.B 7362.JPG,1,0.9999993,25.1491
367,PlantVillage Internal,0,D:\Tomato_Disease_Research\plantvillage\Tomato_Early_blight\4b8821ef-8364-4a04-9549-58d58ffe0411___RS_Erly.B 7704.JPG,1,0.9999964,24.586454
368,PlantVillage Internal,0,D:\Tomato_Disease_Research\plantvillage\Tomato_Early_blight\4d88d7a6-b49c-4927-81de-60b6b807c839___RS_Erly.B 7655.JPG,1,0.9999995,25.339499
369,PlantVillage Internal,0,D:\Tomato_Disease_Research\plantvillage\Tomato_Early_blight\51f589f7-d843-4d5d-8c5a-385951f58865___RS_Erly.B 9424.JPG,1,0.9999995,25.968811
370,PlantVillage Internal,0,D:\Tomato_Disease_Research\plantvillage\Tomato_Early_blight\5390d8c0-5781-47cf-8d0a-482e000a01f3___RS_Erly.B 7400.JPG,1,0.9999993,25.80237
371,PlantVillage Internal,0,D:\Tomato_Disease_Research\plantvillage\Tomato_Early_blight\546af1f7-3d4f-4024-88b1-f981fea7f2dd___RS_Erly.B 9455.JPG,1,0.9999995,25.12671
372,PlantVillage Internal,0,D:\Tomato_Disease_Research\plantvillage\Tomato_Early_blight\54d55df4-c760-4191-b998-d1e1493a35f5___RS_Erly.B 7524.JPG,1,0.9999987,25.12556
373,PlantVillage Internal,0,D:\Tomato_Disease_Research\plantvillage\Tomato_Early_blight\5595a78c-8a56-4ee2-b085-a96c6fb67846___RS_Erly.B 7716.JPG,1,0.99999917,25.473133
374,PlantVillage Internal,0,D:\Tomato_Disease_Research\plantvillage\Tomato_Early_blight\58268d35-a896-406d-9686-5f2f2b9a5b10___RS_Erly.B 7433.JPG,1,0.9999964,25.299818
375,PlantVillage Internal,0,D:\Tomato_Disease_Research\plantvillage\Tomato_Early_blight\583a02eb-f2f2-4a62-8455-f77e08fc19c4___RS_Erly.B 8266.JPG,1,0.9999994,25.34112
376,PlantVillage Internal,0,D:\Tomato_Disease_Research\plantvillage\Tomato_Early_blight\591ec786-c9bb-4054-be3a-055f0dbecbd2___RS_Erly.B 7416.JPG,1,0.9999975,25.670715
377,PlantVillage Internal,0,D:\Tomato_Disease_Research\plantvillage\Tomato_Early_blight\5a05e4e9-74d1-40a8-aca2-dc3500ef5fbc___RS_Erly.B 9489.JPG,1,0.9999994,25.537943
378,PlantVillage Internal,0,D:\Tomato_Disease_Research\plantvillage\Tomato_Early_blight\5ad16a00-4f2d-4872-a45c-80250b507ecc___RS_Erly.B 9378.JPG,1,0.9999995,25.792633
379,PlantVillage Internal,0,D:\Tomato_Disease_Research\plantvillage\Tomato_Early_blight\5d0f4647-6f88-4c84-bacf-d6bc4d469c4d___RS_Erly.B 8411.JPG,1,0.9999994,25.3542
380,PlantVillage Internal,0,D:\Tomato_Disease_Research\plantvillage\Tomato_Early_blight\5d5d73a4-b480-4479-a5a5-8d6ba6909eac___RS_Erly.B 9409.JPG,1,0.9999989,25.33431
381,PlantVillage Internal,0,D:\Tomato_Disease_Research\plantvillage\Tomato_Early_blight\605e0af6-415f-4e25-8f0d-a8f36371732b___RS_Erly.B 7827.JPG,1,0.9999982,25.225933
382,PlantVillage Internal,0,D:\Tomato_Disease_Research\plantvillage\Tomato_Early_blight\654d7c11-664e-47c0-a6aa-c5c45a07e386___RS_Erly.B 7799.JPG,1,0.99999917,24.99002
383,PlantVillage Internal,0,D:\Tomato_Disease_Research\plantvillage\Tomato_Early_blight\65568918-2d9c-4f0c-aa9d-3f4fa8b9a60c___RS_Erly.B 7354.JPG,1,0.9999981,25.517578
384,PlantVillage Internal,0,D:\Tomato_Disease_Research\plantvillage\Tomato_Early_blight\65e02ee3-6760-4416-b1a5-9556bea43d0b___RS_Erly.B 7772.JPG,1,0.9999993,25.228956
385,PlantVillage Internal,0,D:\Tomato_Disease_Research\plantvillage\Tomato_Early_blight\66c98dd1-2790-4977-91ee-1b10ca8c687b___RS_Erly.B 8418.JPG,1,0.9999994,25.55664
386,PlantVillage Internal,0,D:\Tomato_Disease_Research\plantvillage\Tomato_Early_blight\676eb874-87e8-4f5d-bd38-013799c31996___RS_Erly.B 6458.JPG,1,0.9999901,23.850378
387,PlantVillage Internal,0,D:\Tomato_Disease_Research\plantvillage\Tomato_Early_blight\680b86dc-14e0-4668-95c8-776193015146___RS_Erly.B 7854.JPG,1,0.99999833,25.307238
388,PlantVillage Internal,0,D:\Tomato_Disease_Research\plantvillage\Tomato_Early_blight\68d12608-22a0-4b11-ab99-37cb4cd6fdce___RS_Erly.B 6392.JPG,1,0.99999917,25.240889
389,PlantVillage Internal,0,D:\Tomato_Disease_Research\plantvillage\Tomato_Early_blight\69e0581c-14a5-42d8-ad48-4f689d05632f___RS_Erly.B 6432.JPG,1,0.9999993,25.513887
390,PlantVillage Internal,0,D:\Tomato_Disease_Research\plantvillage\Tomato_Early_blight\6a6f1594-62fa-487a-a51f-38b86e7483cf___RS_Erly.B 6360.JPG,1,0.99999905,25.58361
391,PlantVillage Internal,0,D:\Tomato_Disease_Research\plantvillage\Tomato_Early_blight\6efab540-3bb1-47fd-b55f-ed447305f500___RS_Erly.B 7397.JPG,1,0.9999993,26.27826
392,PlantVillage Internal,0,D:\Tomato_Disease_Research\plantvillage\Tomato_Early_blight\6f8046e5-2fc8-4243-a887-b4e99d16397d___RS_Erly.B 6471.JPG,1,0.9999989,25.068022
393,PlantVillage Internal,0,D:\Tomato_Disease_Research\plantvillage\Tomato_Early_blight\6fbefe16-4635-4a03-b245-65594ded39cf___RS_Erly.B 7654.JPG,1,0.9999989,24.918499
394,PlantVillage Internal,0,D:\Tomato_Disease_Research\plantvillage\Tomato_Early_blight\7984dac1-acc8-466a-bbee-7377ea702462___RS_Erly.B 8386.JPG,1,0.9999993,24.959007
395,PlantVillage Internal,0,D:\Tomato_Disease_Research\plantvillage\Tomato_Early_blight\7e236dc3-40e2-4ff9-8356-4fb7a3fcc0ff___RS_Erly.B 6426.JPG,1,0.9999989,25.03492
396,PlantVillage Internal,0,D:\Tomato_Disease_Research\plantvillage\Tomato_Early_blight\815fb4d0-7902-45a2-a7c7-2ee400a2e25a___RS_Erly.B 7646.JPG,1,0.9999994,25.577044
397,PlantVillage Internal,0,D:\Tomato_Disease_Research\plantvillage\Tomato_Early_blight\829d0a5e-326c-4ae6-a3c6-c65297cb5d2f___RS_Erly.B 8338.JPG,1,0.9999994,25.458448
398,PlantVillage Internal,0,D:\Tomato_Disease_Research\plantvillage\Tomato_Early_blight\84fe717f-2161-43c2-ad2f-ee2678a31e9f___RS_Erly.B 9416.JPG,1,0.9999995,25.613764
399,PlantVillage Internal,0,D:\Tomato_Disease_Research\plantvillage\Tomato_Early_blight\8597694d-3162-40ab-9f5b-e8c7cf03e045___RS_Erly.B 9485.JPG,1,0.9999993,25.113226
400,PlantVillage Internal,0,D:\Tomato_Disease_Research\plantvillage\Tomato_Early_blight\893b7469-eb50-4567-9292-dc8f7610c311___RS_Erly.B 6442.JPG,1,0.9999989,25.15344
401,PlantVillage Internal,0,D:\Tomato_Disease_Research\plantvillage\Tomato_Early_blight\89e7a492-7347-4659-ac0b-2df664ed4c80___RS_Erly.B 8438.JPG,1,0.99999857,24.980255
402,PlantVillage Internal,0,D:\Tomato_Disease_Research\plantvillage\Tomato_Early_blight\8a13da5b-4bc2-485a-962d-df8c6634ea00___RS_Erly.B 7519.JPG,1,0.9999989,25.009369
403,PlantVillage Internal,0,D:\Tomato_Disease_Research\plantvillage\Tomato_Early_blight\8ac21e2c-f953-4e96-8d43-e82dae24017e___RS_Erly.B 7459.JPG,1,0.9999982,25.732725
404,PlantVillage Internal,0,D:\Tomato_Disease_Research\plantvillage\Tomato_Early_blight\8c757ec5-a977-412f-bf8e-208fefc79063___RS_Erly.B 9504.JPG,1,0.99999917,25.00789
405,PlantVillage Internal,0,D:\Tomato_Disease_Research\plantvillage\Tomato_Early_blight\8d4ae220-8a79-4ca0-886c-92e90fc7efb2___RS_Erly.B 7625.JPG,1,0.9999993,25.46545
406,PlantVillage Internal,0,D:\Tomato_Disease_Research\plantvillage\Tomato_Early_blight\8eba4e89-f5bf-45d4-be9b-30dfde83f538___RS_Erly.B 7586.JPG,1,0.9999994,25.414782
407,PlantVillage Internal,0,D:\Tomato_Disease_Research\plantvillage\Tomato_Early_blight\90b9c783-480b-4f9b-a97a-d632f60a8f24___RS_Erly.B 9566.JPG,1,0.9999993,25.549088
408,PlantVillage Internal,0,D:\Tomato_Disease_Research\plantvillage\Tomato_Early_blight\93296d31-4bc2-4998-adce-ec243e940152___RS_Erly.B 7410.JPG,1,0.9999993,25.884472
409,PlantVillage Internal,0,D:\Tomato_Disease_Research\plantvillage\Tomato_Early_blight\9664a85d-6c90-46d7-98e6-cbf1b99cc53e___RS_Erly.B 7503.JPG,1,0.99999917,25.324347
410,PlantVillage Internal,0,D:\Tomato_Disease_Research\plantvillage\Tomato_Early_blight\96aa2fd2-d8dc-4650-9b56-7b0f25f27edf___RS_Erly.B 7821.JPG,1,0.99999845,25.141064
411,PlantVillage Internal,0,D:\Tomato_Disease_Research\plantvillage\Tomato_Early_blight\983a04ad-2cc6-4d78-9365-a67012b4ffdc___RS_Erly.B 7661.JPG,1,0.9999993,25.070614
412,PlantVillage Internal,0,D:\Tomato_Disease_Research\plantvillage\Tomato_Early_blight\9ba87e80-e0d5-4b50-8f7e-a0957c370320___RS_Erly.B 8324.JPG,1,0.9999958,25.0086
413,PlantVillage Internal,0,D:\Tomato_Disease_Research\plantvillage\Tomato_Early_blight\9d8aacaf-ef28-4f23-a18d-4035f59d92b1___RS_Erly.B 7565.JPG,1,0.9999994,25.539272
414,PlantVillage Internal,0,D:\Tomato_Disease_Research\plantvillage\Tomato_Early_blight\9e8f1cbd-f128-47f3-b90d-9c8dc1efcb78___RS_Erly.B 7425.JPG,1,0.9999994,25.588558
415,PlantVillage Internal,0,D:\Tomato_Disease_Research\plantvillage\Tomato_Early_blight\9eaef8d7-dd22-449e-b837-d01a7eb4afe6___RS_Erly.B 7686.JPG,1,0.9999988,25.137793
416,PlantVillage Internal,0,D:\Tomato_Disease_Research\plantvillage\Tomato_Early_blight\9f98d981-b130-4238-aa34-21b0edfc1eaf___RS_Erly.B 7806.JPG,1,0.99999845,24.995007
417,PlantVillage Internal,0,D:\Tomato_Disease_Research\plantvillage\Tomato_Early_blight\a138ec63-9d5e-4c6d-97d6-da0159c93c0a___RS_Erly.B 7744.JPG,1,0.99999905,25.220102
418,PlantVillage Internal,0,D:\Tomato_Disease_Research\plantvillage\Tomato_Early_blight\a52492e3-7916-4a13-a175-6a6c0dd3440a___RS_Erly.B 7613.JPG,1,0.9999994,25.819664
419,PlantVillage Internal,0,D:\Tomato_Disease_Research\plantvillage\Tomato_Early_blight\a5b33d5a-99bc-43b9-b408-aaf9535189e0___RS_Erly.B 8372.JPG,1,0.9999988,25.15606
420,PlantVillage Internal,0,D:\Tomato_Disease_Research\plantvillage\Tomato_Early_blight\a5c26ace-e91d-4afc-a958-eee6bbe7aed2___RS_Erly.B 6361.JPG,1,0.99999905,25.152807
421,PlantVillage Internal,0,D:\Tomato_Disease_Research\plantvillage\Tomato_Early_blight\a8844870-0efc-494c-af8c-d5c94fd619f3___RS_Erly.B 7756.JPG,1,0.99999917,24.880272
422,PlantVillage Internal,0,D:\Tomato_Disease_Research\plantvillage\Tomato_Early_blight\a8b2bbbc-5bef-4ef4-8322-48cde639a9aa___RS_Erly.B 7438.JPG,1,0.9999994,25.22711
423,PlantVillage Internal,0,D:\Tomato_Disease_Research\plantvillage\Tomato_Early_blight\ad567130-1714-4f31-9735-9ffe4b373964___RS_Erly.B 7623.JPG,1,0.9999995,26.0144
424,PlantVillage Internal,0,D:\Tomato_Disease_Research\plantvillage\Tomato_Early_blight\aea263ac-87a1-42b7-a3ca-15d69e55204e___RS_Erly.B 9486.JPG,1,0.9999993,25.186487
425,PlantVillage Internal,0,D:\Tomato_Disease_Research\plantvillage\Tomato_Early_blight\b037f266-a24e-4f2c-9115-cf2eadd17293___RS_Erly.B 8214.JPG,1,0.9999989,25.869236
426,PlantVillage Internal,0,D:\Tomato_Disease_Research\plantvillage\Tomato_Early_blight\b2b63d7c-d8f7-44ff-b53e-6214ddbed5d9___RS_Erly.B 9509.JPG,1,0.99999726,25.498837
427,PlantVillage Internal,0,D:\Tomato_Disease_Research\plantvillage\Tomato_Early_blight\b383b96d-13d9-454a-a179-3093e48d8708___RS_Erly.B 7500.JPG,1,0.9999995,25.733904
428,PlantVillage Internal,0,D:\Tomato_Disease_Research\plantvillage\Tomato_Early_blight\b58d7a66-097f-4167-abae-92f865407d90___RS_Erly.B 7845.JPG,1,0.99999785,24.866133
429,PlantVillage Internal,0,D:\Tomato_Disease_Research\plantvillage\Tomato_Early_blight\ba19f779-d0cf-4bc7-88df-96e6080fdc96___RS_Erly.B 7599.JPG,2,0.999894,27.485468
430,PlantVillage Internal,0,D:\Tomato_Disease_Research\plantvillage\Tomato_Early_blight\ba75cd48-68cb-49cb-9d79-d03c1b007852___RS_Erly.B 7432.JPG,1,0.99999917,24.865269
431,PlantVillage Internal,0,D:\Tomato_Disease_Research\plantvillage\Tomato_Early_blight\bac5677d-59b4-4183-839f-24860287ed6a___RS_Erly.B 9503.JPG,1,0.99999917,24.890781
432,PlantVillage Internal,0,D:\Tomato_Disease_Research\plantvillage\Tomato_Early_blight\baea464c-e54b-4e22-8bbc-8047d19ed0cf___RS_Erly.B 8323.JPG,1,0.99999857,25.462423
433,PlantVillage Internal,0,D:\Tomato_Disease_Research\plantvillage\Tomato_Early_blight\bb2586ff-9676-4100-89f7-200d9ce5ecd6___RS_Erly.B 9386.JPG,1,0.9999987,24.95331
434,PlantVillage Internal,0,D:\Tomato_Disease_Research\plantvillage\Tomato_Early_blight\c0caae76-1327-4d16-95dd-138603f7573b___RS_Erly.B 8362.JPG,1,0.99999976,25.704485
435,PlantVillage Internal,0,D:\Tomato_Disease_Research\plantvillage\Tomato_Early_blight\c27f6ed4-7ae2-4187-8e96-edafd886f123___RS_Erly.B 7618.JPG,1,0.9999993,25.41903
436,PlantVillage Internal,0,D:\Tomato_Disease_Research\plantvillage\Tomato_Early_blight\c35fc6de-4796-4f7a-a350-7bff160cbbd5___RS_Erly.B 7740.JPG,1,0.9999988,24.941675
437,PlantVillage Internal,0,D:\Tomato_Disease_Research\plantvillage\Tomato_Early_blight\c43cc003-56f4-4d9d-b224-6948f499cf95___RS_Erly.B 7675.JPG,1,0.9999995,25.312956
438,PlantVillage Internal,0,D:\Tomato_Disease_Research\plantvillage\Tomato_Early_blight\c78c9d19-e83d-4c3b-a690-e6e3b95c979d___RS_Erly.B 9569.JPG,1,0.9999994,25.717606
439,PlantVillage Internal,0,D:\Tomato_Disease_Research\plantvillage\Tomato_Early_blight\c8412a1c-4e61-4a35-9538-c3d3a7c46cbe___RS_Erly.B 7383.JPG,1,0.9999993,25.147532
440,PlantVillage Internal,0,D:\Tomato_Disease_Research\plantvillage\Tomato_Early_blight\c9fa82b3-776c-4a44-8309-a6faf88898e3___RS_Erly.B 7498.JPG,1,0.9999993,25.720703
441,PlantVillage Internal,0,D:\Tomato_Disease_Research\plantvillage\Tomato_Early_blight\cc822ace-0411-4ff9-b040-3670031c6467___RS_Erly.B 7553.JPG,1,0.9999995,25.494953
442,PlantVillage Internal,0,D:\Tomato_Disease_Research\plantvillage\Tomato_Early_blight\d1668361-aac6-41e3-b729-c5e5092326c1___RS_Erly.B 7562.JPG,1,0.9999988,25.264051
443,PlantVillage Internal,0,D:\Tomato_Disease_Research\plantvillage\Tomato_Early_blight\d344e6d5-259e-4f1c-a72e-919ae9e13005___RS_Erly.B 6482.JPG,1,0.99999917,24.89817
444,PlantVillage Internal,0,D:\Tomato_Disease_Research\plantvillage\Tomato_Early_blight\d368153c-6779-4a7e-a82d-9ae10dd36bb2___RS_Erly.B 7678.JPG,1,0.9999994,25.15198
445,PlantVillage Internal,0,D:\Tomato_Disease_Research\plantvillage\Tomato_Early_blight\d3ebceea-8021-4168-85a4-27ef48cdaacb___RS_Erly.B 7857.JPG,1,0.999998,24.840834
446,PlantVillage Internal,0,D:\Tomato_Disease_Research\plantvillage\Tomato_Early_blight\d452210c-ee07-4a6e-a0e0-15676dafacb1___RS_Erly.B 7419.JPG,1,0.9999962,25.286678
447,PlantVillage Internal,0,D:\Tomato_Disease_Research\plantvillage\Tomato_Early_blight\dbbc206a-90ab-4b29-abe0-5613028278be___RS_Erly.B 8409.JPG,1,0.99999917,25.586521
448,PlantVillage Internal,0,D:\Tomato_Disease_Research\plantvillage\Tomato_Early_blight\e0f7927f-2310-4db1-92cf-cb89a3e14678___RS_Erly.B 7848.JPG,1,0.999997,25.022108
449,PlantVillage Internal,0,D:\Tomato_Disease_Research\plantvillage\Tomato_Early_blight\e29ee209-e895-434f-9078-db727c5a98dd___RS_Erly.B 9383.JPG,1,0.99999905,25.265884
450,PlantVillage Internal,0,D:\Tomato_Disease_Research\plantvillage\Tomato_Early_blight\e2e1bccc-15ec-47f8-8ee7-d33be16fac07___RS_Erly.B 9523.JPG,1,0.9999993,25.610584
451,PlantVillage Internal,0,D:\Tomato_Disease_Research\plantvillage\Tomato_Early_blight\e5266d06-0ba7-49c6-9bc6-c8351b56fc88___RS_Erly.B 8294.JPG,1,0.9999994,25.225042
452,PlantVillage Internal,0,D:\Tomato_Disease_Research\plantvillage\Tomato_Early_blight\e592659e-566b-454b-95ba-851f3a53197c___RS_Erly.B 7843.JPG,1,0.99999905,24.964272
453,PlantVillage Internal,0,D:\Tomato_Disease_Research\plantvillage\Tomato_Early_blight\e5f8bd02-fa52-4ba0-9074-cb7618adacda___RS_Erly.B 9617.JPG,1,0.9999994,26.16636
454,PlantVillage Internal,0,D:\Tomato_Disease_Research\plantvillage\Tomato_Early_blight\e7d248e4-a5e5-431f-9061-6383c14d8526___RS_Erly.B 7426.JPG,1,0.9999989,25.959112
455,PlantVillage Internal,0,D:\Tomato_Disease_Research\plantvillage\Tomato_Early_blight\e81dfd96-227c-41a7-8cf8-dbc14f2e4b33___RS_Erly.B 7407.JPG,1,0.9999993,25.91834
456,PlantVillage Internal,0,D:\Tomato_Disease_Research\plantvillage\Tomato_Early_blight\ea08bf85-06df-41d8-8b09-29feb53cdccf___RS_Erly.B 7486.JPG,1,0.9999995,25.518415
457,PlantVillage Internal,0,D:\Tomato_Disease_Research\plantvillage\Tomato_Early_blight\eaf0d111-089a-4808-a34c-dd40e3bb4db4___RS_Erly.B 8393.JPG,1,0.99999845,25.356892
458,PlantVillage Internal,0,D:\Tomato_Disease_Research\plantvillage\Tomato_Early_blight\ee7a6de8-1aca-4a55-8c12-69be6277c1c1___RS_Erly.B 9591.JPG,1,0.99999917,24.99179
459,PlantVillage Internal,0,D:\Tomato_Disease_Research\plantvillage\Tomato_Early_blight\efb0d54f-53c7-4a6a-a194-2bd449799c8c___RS_Erly.B 7726.JPG,1,0.9999968,24.433746
460,PlantVillage Internal,0,D:\Tomato_Disease_Research\plantvillage\Tomato_Early_blight\f0763973-1898-4ae6-9350-c9b61976c600___RS_Erly.B 6456.JPG,1,0.97828704,24.195992
461,PlantVillage Internal,0,D:\Tomato_Disease_Research\plantvillage\Tomato_Early_blight\f834c581-d183-4a7a-98a5-77e8e2cbfa69___RS_Erly.B 7722.JPG,1,0.9999993,25.81494
462,PlantVillage Internal,0,D:\Tomato_Disease_Research\plantvillage\Tomato_Early_blight\f899b748-cd86-460f-a202-a6946e04946e___RS_Erly.B 7494.JPG,1,0.9999994,25.024439
463,PlantVillage Internal,0,D:\Tomato_Disease_Research\plantvillage\Tomato_Early_blight\fad513f7-c56a-439a-9a5b-515bd0fc8151___RS_Erly.B 9458.JPG,1,0.9999995,25.444653
464,PlantVillage Internal,0,D:\Tomato_Disease_Research\plantvillage\Tomato_Early_blight\fb2aaea3-f1cd-49c3-aa02-b640c62e59f5___RS_Erly.B 9389.JPG,1,0.9999994,25.546806
465,PlantVillage Internal,0,D:\Tomato_Disease_Research\plantvillage\Tomato_Early_blight\fc296f63-8cb3-42f1-a9c1-f6ed8e49777c___RS_Erly.B 6400.JPG,1,0.99999905,25.18417
466,PlantVillage Internal,0,D:\Tomato_Disease_Research\plantvillage\Tomato_Early_blight\fcf8557f-890e-441b-9dc1-c8854f694f2e___RS_Erly.B 9505.JPG,1,0.9999982,25.063623
467,PlantVillage Internal,0,D:\Tomato_Disease_Research\plantvillage\Tomato_Early_blight\fe46f781-a40c-4c73-9e2c-50872f1ab370___RS_Erly.B 8348.JPG,1,0.9999994,25.49108
468,PlantVillage Internal,0,D:\Tomato_Disease_Research\plantvillage\Tomato_Early_blight\fe856320-407c-4390-9960-a6a539371182___RS_Erly.B 7624.JPG,1,0.9999994,25.761961
469,PlantVillage Internal,0,D:\Tomato_Disease_Research\plantvillage\Tomato_Late_blight\014d4972-1301-46d3-afc4-56470b774137___GHLB2 Leaf 8831.JPG,2,0.99999845,27.258053
470,PlantVillage Internal,0,D:\Tomato_Disease_Research\plantvillage\Tomato_Late_blight\02a3e0cd-04da-4e08-b929-167bcb7f46f4___GHLB2 Leaf 8731.JPG,2,0.9999981,26.958797
471,PlantVillage Internal,0,D:\Tomato_Disease_Research\plantvillage\Tomato_Late_blight\037c55c7-6e33-4b8d-af05-4d555f4e658e___GHLB_PS Leaf 42.1 Day 18.jpg,2,0.9999988,26.874796
472,PlantVillage Internal,0,D:\Tomato_Disease_Research\plantvillage\Tomato_Late_blight\0566e4e3-675b-4289-9e36-ad199448975b___GHLB2 Leaf 161.2.JPG,2,0.99999857,27.407038
473,PlantVillage Internal,0,D:\Tomato_Disease_Research\plantvillage\Tomato_Late_blight\05a34df9-4fc9-460a-b675-3c4a37cfdf4c___GHLB2 Leaf 8917.JPG,2,0.99999905,27.17363
474,PlantVillage Internal,0,D:\Tomato_Disease_Research\plantvillage\Tomato_Late_blight\0736fe9f-bd15-4a85-ab6e-2b570b10f377___GHLB2 Leaf 64.1.JPG,2,0.9999989,26.868872
475,PlantVillage Internal,0,D:\Tomato_Disease_Research\plantvillage\Tomato_Late_blight\077c04cc-184d-4efd-bbc3-093cd61bedef___RS_Late.B 5560.JPG,2,0.99998665,26.385082
476,PlantVillage Internal,0,D:\Tomato_Disease_Research\plantvillage\Tomato_Late_blight\078a999d-6e6f-427e-a1e6-80b4d2df2bae___GHLB2 Leaf 9029.JPG,2,0.99999905,26.838207
477,PlantVillage Internal,0,D:\Tomato_Disease_Research\plantvillage\Tomato_Late_blight\07b42bb5-9f6c-43bc-9bbe-e4b127d84cb6___GHLB Leaf 18.1 Day 8.jpg,2,0.9982829,25.770073
478,PlantVillage Internal,0,D:\Tomato_Disease_Research\plantvillage\Tomato_Late_blight\08593ca1-a595-44d1-8052-3d1430f305d3___GHLB2 Leaf 8579.JPG,2,0.99999833,27.361433
479,PlantVillage Internal,0,D:\Tomato_Disease_Research\plantvillage\Tomato_Late_blight\0879b927-2226-455f-9eac-10f5e1f36fdd___RS_Late.B 5331.JPG,2,0.9999981,27.212542
480,PlantVillage Internal,0,D:\Tomato_Disease_Research\plantvillage\Tomato_Late_blight\08931b78-a571-41bf-b5b4-6904ffbbe8b7___GHLB Leaf 1.1 Day 12.JPG,2,0.99999714,26.941446
481,PlantVillage Internal,0,D:\Tomato_Disease_Research\plantvillage\Tomato_Late_blight\0c47de5b-adbe-479f-8ccf-5b8c530c32f8___RS_Late.B 6312.JPG,2,0.9999982,27.187757
482,PlantVillage Internal,0,D:\Tomato_Disease_Research\plantvillage\Tomato_Late_blight\0d7b0e84-1c99-4699-84ed-ca86aec642e5___GHLB2 Leaf 8652.JPG,2,0.9999981,27.043793
483,PlantVillage Internal,0,D:\Tomato_Disease_Research\plantvillage\Tomato_Late_blight\0ed7d5f6-9394-4ae7-87db-3de58f469263___GHLB2 Leaf 8732.JPG,2,0.9999974,27.157497
484,PlantVillage Internal,0,D:\Tomato_Disease_Research\plantvillage\Tomato_Late_blight\0f67214c-eede-4292-b731-30ef1c47b7b6___RS_Late.B 4902.JPG,2,0.9999981,26.816017
485,PlantVillage Internal,0,D:\Tomato_Disease_Research\plantvillage\Tomato_Late_blight\10019e40-277e-4d69-8dee-8c034a3752a1___GHLB2ES Leaf 62.JPG,2,0.99993587,26.530302
486,PlantVillage Internal,0,D:\Tomato_Disease_Research\plantvillage\Tomato_Late_blight\11b2caf9-a56c-4d3e-bea4-a5d00affd161___RS_Late.B 6140.JPG,2,0.9999989,27.07545
487,PlantVillage Internal,0,D:\Tomato_Disease_Research\plantvillage\Tomato_Late_blight\146b33cf-e412-48fd-9366-ad726b51889e___GHLB2 Leaf 157.1.JPG,2,0.9999988,26.88755
488,PlantVillage Internal,0,D:\Tomato_Disease_Research\plantvillage\Tomato_Late_blight\149b8460-2bf2-409a-ad61-b8f34d33cd82___RS_Late.B 6826.JPG,2,0.99999917,27.001833
489,PlantVillage Internal,0,D:\Tomato_Disease_Research\plantvillage\Tomato_Late_blight\16613329-813d-4d3d-9f44-e52c0ad72bb0___RS_Late.B 4980.JPG,2,0.999998,26.683512
490,PlantVillage Internal,0,D:\Tomato_Disease_Research\plantvillage\Tomato_Late_blight\16e4a1f9-21c2-4c1a-bdbc-1336da74ba2c___GHLB2 Leaf 145.3.JPG,2,0.99999905,27.584661
491,PlantVillage Internal,0,D:\Tomato_Disease_Research\plantvillage\Tomato_Late_blight\19369d60-553a-416b-9378-84f4a1d203d9___GHLB2 Leaf 9006.JPG,2,0.9999982,26.696747
492,PlantVillage Internal,0,D:\Tomato_Disease_Research\plantvillage\Tomato_Late_blight\19b2b71e-d648-46fb-921d-a7858a1c67c7___GHLB2 Leaf 9102.JPG,2,0.9999989,27.49938
493,PlantVillage Internal,0,D:\Tomato_Disease_Research\plantvillage\Tomato_Late_blight\19bfccfd-5df8-41be-910e-2c5f3eae3573___GHLB2 Leaf 8597.JPG,2,0.9999988,26.612177
494,PlantVillage Internal,0,D:\Tomato_Disease_Research\plantvillage\Tomato_Late_blight\1c6b66db-9891-41cc-972f-a3521deee072___RS_Late.B 5589.JPG,2,0.99999774,26.667732
495,PlantVillage Internal,0,D:\Tomato_Disease_Research\plantvillage\Tomato_Late_blight\1c74783c-7863-4b1b-bf1a-6b3ef55b34b8___RS_Late.B 7094.JPG,2,0.99999833,26.8643
496,PlantVillage Internal,0,D:\Tomato_Disease_Research\plantvillage\Tomato_Late_blight\1e095cdc-6a71-4ae4-9709-be97b5668454___GHLB2 Leaf 8845.JPG,2,0.99999917,27.363268
497,PlantVillage Internal,0,D:\Tomato_Disease_Research\plantvillage\Tomato_Late_blight\1e55a2c0-6618-4c42-93a6-cfc8a9d5ca77___GHLB2 Leaf 9039.JPG,2,0.9999987,27.388601
498,PlantVillage Internal,0,D:\Tomato_Disease_Research\plantvillage\Tomato_Late_blight\1f38a263-cfb5-47fe-8c0e-f8d62141f922___GHLB_PS leaf 28 Day 12 .jpg,2,0.99999857,26.923756
499,PlantVillage Internal,0,D:\Tomato_Disease_Research\plantvillage\Tomato_Late_blight\1f73406a-14e8-4be2-8450-9379d4f9b2b5___GHLB2 Leaf 9062.JPG,2,0.9999988,26.568058
500,PlantVillage Internal,0,D:\Tomato_Disease_Research\plantvillage\Tomato_Late_blight\1fa37cd4-066e-4deb-ab99-5fa8dcc4481c___RS_Late.B 5454.JPG,2,0.9999958,26.735518
501,PlantVillage Internal,0,D:\Tomato_Disease_Research\plantvillage\Tomato_Late_blight\207dbe65-2d3b-4820-ab49-2a1db65f9bec___RS_Late.B 5485.JPG,2,0.99999905,27.178534
502,PlantVillage Internal,0,D:\Tomato_Disease_Research\plantvillage\Tomato_Late_blight\20ab7535-34d8-4bac-b3a7-4fa929a1bed3___GHLB2 Leaf 59.1.JPG,2,0.99966526,25.389957
503,PlantVillage Internal,0,D:\Tomato_Disease_Research\plantvillage\Tomato_Late_blight\215565cf-2897-40f6-97b3-3dd63045242f___GHLB2 Leaf 8800.JPG,2,0.99999905,27.276438
504,PlantVillage Internal,0,D:\Tomato_Disease_Research\plantvillage\Tomato_Late_blight\2159d0f7-09ef-46ad-ad49-749e8ce1becc___GHLB2 Leaf 8836.JPG,2,0.999997,26.688694
505,PlantVillage Internal,0,D:\Tomato_Disease_Research\plantvillage\Tomato_Late_blight\2248836f-550a-4183-a2d8-5ff5f87e1800___GHLB2 Leaf 8810.JPG,2,0.99999905,27.440243
506,PlantVillage Internal,0,D:\Tomato_Disease_Research\plantvillage\Tomato_Late_blight\22c36fa3-849f-4918-8790-99a8bda1e527___RS_Late.B 5987.JPG,2,0.9999988,26.972025
507,PlantVillage Internal,0,D:\Tomato_Disease_Research\plantvillage\Tomato_Late_blight\239111ba-7348-4075-bacb-e206d440ecc8___RS_Late.B 5389.JPG,2,0.9999962,27.134235
508,PlantVillage Internal,0,D:\Tomato_Disease_Research\plantvillage\Tomato_Late_blight\23c5c930-6830-46c6-8353-616c0b34ae12___RS_Late.B 4947.JPG,2,0.9999981,26.53188
509,PlantVillage Internal,0,D:\Tomato_Disease_Research\plantvillage\Tomato_Late_blight\24364b4f-3f9f-4166-860d-34a938d3d630___RS_Late.B 4986.JPG,2,0.9999981,26.468685
510,PlantVillage Internal,0,D:\Tomato_Disease_Research\plantvillage\Tomato_Late_blight\24584c68-d48b-4023-86e9-5915aeb6bc0f___RS_Late.B 4928.JPG,2,0.999997,26.045797
511,PlantVillage Internal,0,D:\Tomato_Disease_Research\plantvillage\Tomato_Late_blight\246cb5c4-d52f-4ba4-a77c-915f5a5c7d2b___GHLB2 Leaf 85.2.JPG,2,0.9999989,27.072601
512,PlantVillage Internal,0,D:\Tomato_Disease_Research\plantvillage\Tomato_Late_blight\2482cadb-d097-4091-8b10-099abca71a72___RS_Late.B 5078.JPG,2,0.9999975,26.438604
513,PlantVillage Internal,0,D:\Tomato_Disease_Research\plantvillage\Tomato_Late_blight\25bb0739-cbd4-4e75-a6f4-67ca5cc7f986___GHLB2 Leaf 8789.JPG,2,0.9999982,26.921957
514,PlantVillage Internal,0,D:\Tomato_Disease_Research\plantvillage\Tomato_Late_blight\26480c44-e0f2-4ab7-a6a9-919d532ecfd5___RS_Late.B 5037.JPG,2,0.9999987,26.626753
515,PlantVillage Internal,0,D:\Tomato_Disease_Research\plantvillage\Tomato_Late_blight\26a317de-3882-41ca-a83d-5f1f106b9a85___RS_Late.B 4967.JPG,2,0.999998,26.791193
516,PlantVillage Internal,0,D:\Tomato_Disease_Research\plantvillage\Tomato_Late_blight\26a758e3-7804-4240-b1da-b6b6691355ca___RS_Late.B 4951.JPG,2,0.99999833,26.57054
517,PlantVillage Internal,0,D:\Tomato_Disease_Research\plantvillage\Tomato_Late_blight\27dd7c54-809f-445e-97a5-ba0792d4592b___RS_Late.B 6371.JPG,2,0.9999988,26.738192
518,PlantVillage Internal,0,D:\Tomato_Disease_Research\plantvillage\Tomato_Late_blight\27ffa018-265a-4ae7-9c3d-66586f28f342___GHLB2 Leaf 9044.JPG,2,0.99999833,27.425436
519,PlantVillage Internal,0,D:\Tomato_Disease_Research\plantvillage\Tomato_Late_blight\288f203e-7996-4290-afa7-f95c0c30506a___RS_Late.B 5562.JPG,2,0.9999956,26.136982
520,PlantVillage Internal,0,D:\Tomato_Disease_Research\plantvillage\Tomato_Late_blight\28d8dd2a-d5d1-427c-8c58-383af4a8b2d1___GHLB2 Leaf 9041.JPG,2,0.99999857,26.818645
521,PlantVillage Internal,0,D:\Tomato_Disease_Research\plantvillage\Tomato_Late_blight\2a295211-a73b-4460-95c5-81842743518f___RS_Late.B 5116.JPG,2,0.9999981,26.60932
522,PlantVillage Internal,0,D:\Tomato_Disease_Research\plantvillage\Tomato_Late_blight\2a49b85e-6b7a-4a55-82c3-f596ed09f82d___GHLB2 Leaf 133.1.JPG,2,0.99999607,27.082413
523,PlantVillage Internal,0,D:\Tomato_Disease_Research\plantvillage\Tomato_Late_blight\2a7cceba-5a33-418a-9718-ccd99ba6c4d1___RS_Late.B 6868.JPG,2,0.9999939,26.947023
524,PlantVillage Internal,0,D:\Tomato_Disease_Research\plantvillage\Tomato_Late_blight\2c2326e9-eb07-45c1-8296-116df4108c03___RS_Late.B 4834.JPG,2,0.9999989,27.332926
525,PlantVillage Internal,0,D:\Tomato_Disease_Research\plantvillage\Tomato_Late_blight\2ccd5383-74a3-41d5-9483-110a20ebf247___RS_Late.B 5329.JPG,2,0.9999975,26.588957
526,PlantVillage Internal,0,D:\Tomato_Disease_Research\plantvillage\Tomato_Late_blight\2d583f2c-3e59-4c4c-be45-5f367a38af95___GHLB2 Leaf 8724.JPG,2,0.9999987,26.789568
527,PlantVillage Internal,0,D:\Tomato_Disease_Research\plantvillage\Tomato_Late_blight\2fd3c2fb-ebd9-48f3-810a-8e365c0db1e2___RS_Late.B 5347.JPG,2,0.99999785,25.898964
528,PlantVillage Internal,0,D:\Tomato_Disease_Research\plantvillage\Tomato_Late_blight\302da4a0-3b99-46ad-80f6-16ae585abf24___GHLB_PS Leaf 2.1 Day 18.jpg,2,0.99999917,26.974106
529,PlantVillage Internal,0,D:\Tomato_Disease_Research\plantvillage\Tomato_Late_blight\3152f2ab-94e6-4e06-8fb9-568c45d31b0b___RS_Late.B 6175.JPG,2,0.9999889,26.338758
530,PlantVillage Internal,0,D:\Tomato_Disease_Research\plantvillage\Tomato_Late_blight\335be291-a0f7-4b25-aa7c-99af0b073dc9___GHLB2 Leaf 8640.JPG,2,0.9999989,27.342587
531,PlantVillage Internal,0,D:\Tomato_Disease_Research\plantvillage\Tomato_Late_blight\345e34f9-1a77-4d5f-bd62-aa41f648e41d___GHLB2 Leaf 8930.JPG,2,0.9999993,27.646793
532,PlantVillage Internal,0,D:\Tomato_Disease_Research\plantvillage\Tomato_Late_blight\34bd18fa-d898-40d4-83ed-665caabed7d0___RS_Late.B 5113.JPG,2,0.999997,25.905672
533,PlantVillage Internal,0,D:\Tomato_Disease_Research\plantvillage\Tomato_Late_blight\35a4883c-bef7-4465-b136-a7465a0752de___RS_Late.B 5054.JPG,2,0.9999988,26.822666
534,PlantVillage Internal,0,D:\Tomato_Disease_Research\plantvillage\Tomato_Late_blight\37f580bd-7070-4cb0-b4ab-53b78ffc96ae___RS_Late.B 7109.JPG,2,0.9999987,26.765976
535,PlantVillage Internal,0,D:\Tomato_Disease_Research\plantvillage\Tomato_Late_blight\385e730c-e1f9-4f46-b8b0-42bfa13866d7___RS_Late.B 4965.JPG,2,0.99999833,26.735275
536,PlantVillage Internal,0,D:\Tomato_Disease_Research\plantvillage\Tomato_Late_blight\3afd2f69-8335-4cb1-842c-1f95bb98f07e___RS_Late.B 6502.JPG,2,0.9999988,26.971931
537,PlantVillage Internal,0,D:\Tomato_Disease_Research\plantvillage\Tomato_Late_blight\3be006f1-7062-47da-a375-8fb7fedb77c0___RS_Late.B 6229.JPG,2,0.9999987,26.78402
538,PlantVillage Internal,0,D:\Tomato_Disease_Research\plantvillage\Tomato_Late_blight\3f36ff41-3817-497b-95c9-7f79819925e7___RS_Late.B 6314.JPG,2,0.9999974,26.4255
539,PlantVillage Internal,0,D:\Tomato_Disease_Research\plantvillage\Tomato_Late_blight\3f389ac5-10ee-4623-98f2-76b0b479cf3e___RS_Late.B 6785.JPG,2,0.9999975,26.586687
540,PlantVillage Internal,0,D:\Tomato_Disease_Research\plantvillage\Tomato_Late_blight\40161a9a-7473-4496-9267-99a451276868___RS_Late.B 5021.JPG,2,0.9999982,27.098104
541,PlantVillage Internal,0,D:\Tomato_Disease_Research\plantvillage\Tomato_Late_blight\40bca58c-a09e-429b-a0b3-03fce3ea88e5___GHLB2 Leaf 9113.JPG,2,0.9999988,27.065798
542,PlantVillage Internal,0,D:\Tomato_Disease_Research\plantvillage\Tomato_Late_blight\413f7280-43ce-4f09-983c-8266588a6e67___RS_Late.B 7088.JPG,2,0.9999981,26.587744
543,PlantVillage Internal,0,D:\Tomato_Disease_Research\plantvillage\Tomato_Late_blight\41c1d7a7-5d90-4b0a-bd41-565393d422c5___GHLB2 Leaf 108.1.JPG,2,0.9999989,26.719067
544,PlantVillage Internal,0,D:\Tomato_Disease_Research\plantvillage\Tomato_Late_blight\434242f4-5988-41b8-9ab3-375b76b31766___RS_Late.B 6497.JPG,2,0.9999989,27.13917
545,PlantVillage Internal,0,D:\Tomato_Disease_Research\plantvillage\Tomato_Late_blight\4378c0ca-ff9f-48f4-8311-e716e89b1a99___RS_Late.B 5087.JPG,2,0.999998,26.613953
546,PlantVillage Internal,0,D:\Tomato_Disease_Research\plantvillage\Tomato_Late_blight\4435bd64-52a2-46cf-a319-a13a28571b03___GHLB2 Leaf 157.2.JPG,2,0.9999989,27.059246
547,PlantVillage Internal,0,D:\Tomato_Disease_Research\plantvillage\Tomato_Late_blight\4462526f-af54-4342-8f7d-56f5a6052e9b___GHLB2 Leaf 111.1.JPG,2,0.99999857,27.799166
548,PlantVillage Internal,0,D:\Tomato_Disease_Research\plantvillage\Tomato_Late_blight\449c9233-a3bb-4743-874b-f5d092d652b9___GHLB2 Leaf 8975.JPG,2,0.99999905,27.192556
549,PlantVillage Internal,0,D:\Tomato_Disease_Research\plantvillage\Tomato_Late_blight\44e96c62-48e6-454c-bab5-c34569deb2a5___RS_Late.B 5162.JPG,2,0.9999989,27.22116
550,PlantVillage Internal,0,D:\Tomato_Disease_Research\plantvillage\Tomato_Late_blight\44f72a0c-3313-44bd-acdb-905ae5944a57___GHLB2 Leaf 8880.JPG,2,0.9999987,26.953451
551,PlantVillage Internal,0,D:\Tomato_Disease_Research\plantvillage\Tomato_Late_blight\46c6a276-b915-46d0-9a28-5655645c2d8b___RS_Late.B 7115.JPG,2,0.99999833,26.895403
552,PlantVillage Internal,0,D:\Tomato_Disease_Research\plantvillage\Tomato_Late_blight\48246fa8-29ce-4ae2-abc3-586440295cf0___RS_Late.B 5459.JPG,2,0.99999833,26.460634
553,PlantVillage Internal,0,D:\Tomato_Disease_Research\plantvillage\Tomato_Late_blight\48f00178-13a0-4565-b09d-57944fe67472___RS_Late.B 5081.JPG,2,0.9999969,26.57811
554,PlantVillage Internal,0,D:\Tomato_Disease_Research\plantvillage\Tomato_Late_blight\491a9294-8f46-4563-9787-6b8b68a9c050___RS_Late.B 6591.JPG,2,0.9999982,26.610523
555,PlantVillage Internal,0,D:\Tomato_Disease_Research\plantvillage\Tomato_Late_blight\49d0531e-3d55-47b6-a4ed-2d87bd23bbcf___RS_Late.B 5457.JPG,2,0.99999774,26.876097
556,PlantVillage Internal,0,D:\Tomato_Disease_Research\plantvillage\Tomato_Late_blight\4a5a39d1-e05e-4ec2-acf7-3987cd04a71e___RS_Late.B 6547.JPG,2,0.9999988,26.844166
557,PlantVillage Internal,0,D:\Tomato_Disease_Research\plantvillage\Tomato_Late_blight\4ae26730-1f0b-4f49-aad5-774f0ed4df35___GHLB2 Leaf 8621.JPG,2,0.9999993,27.600473
558,PlantVillage Internal,0,D:\Tomato_Disease_Research\plantvillage\Tomato_Late_blight\4b115bc3-911c-4e98-b948-a6a360f06a87___GHLB_PS Leaf 25 Day 9.jpg,2,0.9999989,26.845974
559,PlantVillage Internal,0,D:\Tomato_Disease_Research\plantvillage\Tomato_Late_blight\4c27ed2d-96c2-4f8f-ac68-d699bc665cec___GHLB2 Leaf 8954.JPG,2,0.9999988,26.757326
560,PlantVillage Internal,0,D:\Tomato_Disease_Research\plantvillage\Tomato_Late_blight\4ceb4156-66d9-4405-9472-82a35f0fa245___GHLB2 Leaf 8662.JPG,2,0.999998,27.160238
561,PlantVillage Internal,0,D:\Tomato_Disease_Research\plantvillage\Tomato_Late_blight\4d6314e5-b280-4872-8eb6-cf4632934ae3___GHLB2 Leaf 81.JPG,2,0.99999845,26.53499
562,PlantVillage Internal,0,D:\Tomato_Disease_Research\plantvillage\Tomato_Late_blight\4f52cae6-d6f1-4557-987a-eb9318dc574f___RS_Late.B 6439.JPG,2,0.99999774,25.9418
563,PlantVillage Internal,0,D:\Tomato_Disease_Research\plantvillage\Tomato_Late_blight\4fa3fe36-2c59-4860-be94-508954283149___RS_Late.B 5495.JPG,2,0.99999857,26.820948
564,PlantVillage Internal,0,D:\Tomato_Disease_Research\plantvillage\Tomato_Late_blight\50d87798-e696-4845-89d8-13de30ebbdcd___GHLB2 Leaf 8818.JPG,2,0.99999905,27.053257
565,PlantVillage Internal,0,D:\Tomato_Disease_Research\plantvillage\Tomato_Late_blight\541b1d99-c630-4730-861f-a8ef53615709___GHLB2 Leaf 8857.JPG,2,0.99999857,26.777802
566,PlantVillage Internal,0,D:\Tomato_Disease_Research\plantvillage\Tomato_Late_blight\54ead8ea-8e27-4c67-b683-7420d5c6ae3e___RS_Late.B 6061.JPG,2,0.9999987,27.19465
567,PlantVillage Internal,0,D:\Tomato_Disease_Research\plantvillage\Tomato_Late_blight\5735bc4e-7a49-4a84-85f6-de312603c7f5___GHLB2 Leaf 8668.JPG,2,0.9999982,26.98973
568,PlantVillage Internal,0,D:\Tomato_Disease_Research\plantvillage\Tomato_Late_blight\573be558-1fa3-4889-88d6-4c733f4c79d6___GHLB2 Leaf 8598.JPG,2,0.9999989,27.199501
569,PlantVillage Internal,0,D:\Tomato_Disease_Research\plantvillage\Tomato_Late_blight\57c53f65-3137-41d3-9bf7-7ac867f3efe8___RS_Late.B 6255.JPG,2,0.99999905,26.73641
570,PlantVillage Internal,0,D:\Tomato_Disease_Research\plantvillage\Tomato_Late_blight\57e8eac3-bf54-463c-a3d7-6ef04ae0a8dc___GHLB2 Leaf 124.3.JPG,2,0.99999857,27.089878
571,PlantVillage Internal,0,D:\Tomato_Disease_Research\plantvillage\Tomato_Late_blight\58465768-148b-40c6-8534-e695e9c517d5___GHLB2 Leaf 95.1.JPG,2,0.9999987,27.017284
572,PlantVillage Internal,0,D:\Tomato_Disease_Research\plantvillage\Tomato_Late_blight\5916c8e5-c9d2-4bc5-b5e7-8812caf890aa___GHLB_PS Leaf 29 Day 12.jpg,2,0.99999833,26.742788
573,PlantVillage Internal,0,D:\Tomato_Disease_Research\plantvillage\Tomato_Late_blight\5a4428ec-59da-40e5-823c-2e5bbb2a1fb6___RS_Late.B 5461.JPG,2,0.99999714,26.543327
574,PlantVillage Internal,0,D:\Tomato_Disease_Research\plantvillage\Tomato_Late_blight\5aac391c-87ed-44cd-84f0-a7bf235003fd___RS_Late.B 4842.JPG,2,0.9999851,25.264948
575,PlantVillage Internal,0,D:\Tomato_Disease_Research\plantvillage\Tomato_Late_blight\5b4ca8b4-ed80-43c7-90ca-f9912d9fb7b6___RS_Late.B 5226.JPG,2,0.9999137,26.83378
576,PlantVillage Internal,0,D:\Tomato_Disease_Research\plantvillage\Tomato_Late_blight\5b95aab7-c5be-42e3-afc8-c99f7c1c2c0c___GHLB2 Leaf 8658.JPG,2,0.9999988,26.779984
577,PlantVillage Internal,0,D:\Tomato_Disease_Research\plantvillage\Tomato_Late_blight\5c6dfda8-1d4e-4ad0-92b1-5c6ffc790ea1___RS_Late.B 6223.JPG,2,0.9999989,26.728157
578,PlantVillage Internal,0,D:\Tomato_Disease_Research\plantvillage\Tomato_Late_blight\5de5dfbd-cd1f-4e5f-a263-256abb97b05b___GHLB_PS Leaf 8.1 Day 13.jpg,2,0.99999917,27.092901
579,PlantVillage Internal,0,D:\Tomato_Disease_Research\plantvillage\Tomato_Late_blight\5e590575-5588-422f-96a7-5e8c920fc7e2___GHLB2 Leaf 8671.JPG,2,0.99999845,26.980299
580,PlantVillage Internal,0,D:\Tomato_Disease_Research\plantvillage\Tomato_Late_blight\5f21282c-e2ef-4c4a-ace1-b5701fe7effc___GHLB2 Leaf 8999.JPG,2,0.99999905,26.965847
581,PlantVillage Internal,0,D:\Tomato_Disease_Research\plantvillage\Tomato_Late_blight\5f3a7632-91cb-4b5f-a36f-9e31f8daf5d5___GHLB2 Leaf 9056.JPG,2,0.99999857,27.057673
582,PlantVillage Internal,0,D:\Tomato_Disease_Research\plantvillage\Tomato_Late_blight\5f473bdb-1899-4877-8d8f-df2e94996d1f___RS_Late.B 6266.JPG,2,0.99999905,26.69026
583,PlantVillage Internal,0,D:\Tomato_Disease_Research\plantvillage\Tomato_Late_blight\62474b8c-4625-4d73-ab6a-5e1d328a9cd4___GHLB2 Leaf 9038.JPG,2,0.9999982,27.115728
584,PlantVillage Internal,0,D:\Tomato_Disease_Research\plantvillage\Tomato_Late_blight\62ca9559-f079-4bac-864e-9da06a4eb3a2___GHLB2 Leaf 148.1.JPG,2,0.9999989,27.168743
585,PlantVillage Internal,0,D:\Tomato_Disease_Research\plantvillage\Tomato_Late_blight\634c3515-80da-4144-8cc8-9b8bb29134ec___RS_Late.B 5481.JPG,2,0.9999988,27.21819
586,PlantVillage Internal,0,D:\Tomato_Disease_Research\plantvillage\Tomato_Late_blight\63c3c2c0-f5fc-4d89-9990-784c9229542e___RS_Late.B 5612.JPG,2,0.9999938,26.172997
587,PlantVillage Internal,0,D:\Tomato_Disease_Research\plantvillage\Tomato_Late_blight\64984183-009e-4dba-a25a-f769bab08080___GHLB2 Leaf 8637.JPG,2,0.9999993,27.491806
588,PlantVillage Internal,0,D:\Tomato_Disease_Research\plantvillage\Tomato_Late_blight\64e98151-c3bc-417e-bd40-02aac283e3c0___RS_Late.B 6678.JPG,2,0.9999988,26.863625
589,PlantVillage Internal,0,D:\Tomato_Disease_Research\plantvillage\Tomato_Late_blight\65773c21-d788-4c22-84b4-91257a603e74___GHLB_PS Leaf 13 Day 7.jpg,2,0.9999987,26.72595
590,PlantVillage Internal,0,D:\Tomato_Disease_Research\plantvillage\Tomato_Late_blight\65911337-0263-4cfa-a89d-9acf3f5eb39a___GHLB2 Leaf 8681.JPG,2,0.9999988,27.416521
591,PlantVillage Internal,0,D:\Tomato_Disease_Research\plantvillage\Tomato_Late_blight\6599f991-2b56-4e40-b7f3-534a440d44c1___RS_Late.B 6260.JPG,2,0.99999833,27.00611
592,PlantVillage Internal,0,D:\Tomato_Disease_Research\plantvillage\Tomato_Late_blight\670337a4-55b1-4312-8644-3545b1fcc06f___GHLB2 Leaf 8902.JPG,2,0.9999988,27.2216
593,PlantVillage Internal,0,D:\Tomato_Disease_Research\plantvillage\Tomato_Late_blight\67a63018-22b8-45c5-8f71-90f7589a6ba5___GHLB2 Leaf 9032.JPG,2,0.99999857,26.505278
594,PlantVillage Internal,0,D:\Tomato_Disease_Research\plantvillage\Tomato_Late_blight\67b4c3a2-6d38-4db4-be3e-7655303ae13c___RS_Late.B 5051.JPG,2,0.9999989,26.671349
595,PlantVillage Internal,0,D:\Tomato_Disease_Research\plantvillage\Tomato_Late_blight\695709e4-d869-4003-97eb-b2de21d5d1a5___GHLB2ES Leaf 62.1.JPG,2,0.89713657,25.738571
596,PlantVillage Internal,0,D:\Tomato_Disease_Research\plantvillage\Tomato_Late_blight\6b68a1c0-31aa-49f9-b69c-55e96bebcc8b___GHLB Leaf 8.2 Day 13.JPG,2,0.99961,25.433859
597,PlantVillage Internal,0,D:\Tomato_Disease_Research\plantvillage\Tomato_Late_blight\6c9a2927-d29d-4cca-80d9-63ddb240ef70___RS_Late.B 5340.JPG,2,0.99999845,26.78109
598,PlantVillage Internal,0,D:\Tomato_Disease_Research\plantvillage\Tomato_Late_blight\6dcf84e4-bfbc-467d-83d8-546c22779f6d___GHLB2 Leaf 76.1.JPG,2,0.99999917,27.00409
599,PlantVillage Internal,0,D:\Tomato_Disease_Research\plantvillage\Tomato_Late_blight\6e594cdd-0b3f-41d2-b056-f03819790e8c___RS_Late.B 5348.JPG,2,0.99999666,26.214462
600,PlantVillage Internal,0,D:\Tomato_Disease_Research\plantvillage\Tomato_Late_blight\6ed45835-4863-4d95-9d71-8ec0f1b26f27___GHLB2 Leaf 8834.JPG,2,0.99999905,27.5401
601,PlantVillage Internal,0,D:\Tomato_Disease_Research\plantvillage\Tomato_Late_blight\7048f52e-7b68-43d2-81d7-a146d5a73407___GHLB2 Leaf 8708.JPG,2,0.9999989,27.248468
602,PlantVillage Internal,0,D:\Tomato_Disease_Research\plantvillage\Tomato_Late_blight\718abdbd-f884-4d86-aa62-96275f9b6241___RS_Late.B 6065.JPG,2,0.9999989,27.197554
603,PlantVillage Internal,0,D:\Tomato_Disease_Research\plantvillage\Tomato_Late_blight\72138adb-455c-4ddf-939e-00811e3fb6dd___GHLB2 Leaf 8750.JPG,2,0.9999988,27.148348
604,PlantVillage Internal,0,D:\Tomato_Disease_Research\plantvillage\Tomato_Late_blight\726a5ae7-e33b-4854-a872-71318ec3a493___RS_Late.B 5538.JPG,2,0.999998,26.73744
605,PlantVillage Internal,0,D:\Tomato_Disease_Research\plantvillage\Tomato_Late_blight\728bec30-bf7b-40f0-abb5-cf6a78d018da___GHLB2 Leaf 8817.JPG,2,0.99999917,27.270523
606,PlantVillage Internal,0,D:\Tomato_Disease_Research\plantvillage\Tomato_Late_blight\732a9df6-b5dd-493b-a7dc-3f3cd034e3c7___GHLB2 Leaf 8762.JPG,2,0.9999989,27.318459
607,PlantVillage Internal,0,D:\Tomato_Disease_Research\plantvillage\Tomato_Late_blight\73e493c6-3149-451d-b4e4-39aa10d02113___RS_Late.B 6642.JPG,2,0.99999595,25.452703
608,PlantVillage Internal,0,D:\Tomato_Disease_Research\plantvillage\Tomato_Late_blight\747a2385-2777-445a-b215-7a14a5c0135c___RS_Late.B 7111.JPG,2,0.9999981,26.960056
609,PlantVillage Internal,0,D:\Tomato_Disease_Research\plantvillage\Tomato_Late_blight\77730acc-705a-4b8f-8e3a-dc70bd348d40___GHLB_PS Leaf 32 Day 13.jpg,2,0.99999857,26.646929
610,PlantVillage Internal,0,D:\Tomato_Disease_Research\plantvillage\Tomato_Late_blight\781582d3-8bad-4e20-9073-e1fa1b50abba___RS_Late.B 6269.JPG,2,0.9999989,26.771957
611,PlantVillage Internal,0,D:\Tomato_Disease_Research\plantvillage\Tomato_Late_blight\781e93a9-2059-42de-8075-658033a6abf7___RS_Late.B 6075.JPG,2,0.9999988,27.084896
612,PlantVillage Internal,0,D:\Tomato_Disease_Research\plantvillage\Tomato_Late_blight\7973db5e-9bc6-4573-9173-f0ef7f1d62d6___GHLB Leaf 23.4 Day 18.JPG,2,0.99999857,26.825907
613,PlantVillage Internal,0,D:\Tomato_Disease_Research\plantvillage\Tomato_Late_blight\7a163b85-1356-4b3e-98f2-2d24b3a1adaf___RS_Late.B 6802.JPG,2,0.9999982,26.605423
614,PlantVillage Internal,0,D:\Tomato_Disease_Research\plantvillage\Tomato_Late_blight\7a711eda-02e6-49fa-9d2c-8463330fa797___RS_Late.B 5045.JPG,2,0.9999969,26.225018
615,PlantVillage Internal,0,D:\Tomato_Disease_Research\plantvillage\Tomato_Late_blight\7d0d5e78-87b9-4d47-9291-4a1e75fe9d97___GHLB2 Leaf 8693.JPG,2,0.9999989,27.24707
616,PlantVillage Internal,0,D:\Tomato_Disease_Research\plantvillage\Tomato_Late_blight\7f3884a8-82eb-4db8-b5c2-cc3f6dbe0cf9___RS_Late.B 6196.JPG,2,0.9999981,26.790775
617,PlantVillage Internal,0,D:\Tomato_Disease_Research\plantvillage\Tomato_Late_blight\7f533ee8-1d72-486e-b2a6-b5ef2ac7cc88___GHLB2 Leaf 8837.JPG,2,0.9999981,27.395313
618,PlantVillage Internal,0,D:\Tomato_Disease_Research\plantvillage\Tomato_Late_blight\7f790574-ac82-4a3e-9a4d-02cd7762dce2___GHLB2 Leaf 8948.JPG,2,0.9999987,27.491383
619,PlantVillage Internal,0,D:\Tomato_Disease_Research\plantvillage\Tomato_Late_blight\8061d6e6-8237-4ad3-9270-b6711e3819dd___GHLB2 Leaf 8539.JPG,2,0.999997,27.090937
620,PlantVillage Internal,0,D:\Tomato_Disease_Research\plantvillage\Tomato_Late_blight\82e462d5-14fb-4530-a8b8-c844d1cc5f43___GHLB2 Leaf 8701.JPG,2,0.9999987,27.63445
621,PlantVillage Internal,0,D:\Tomato_Disease_Research\plantvillage\Tomato_Late_blight\830c33b8-d419-4fb7-98f8-08387e726648___GHLB_PS Leaf 1.5 Day 16.jpg,2,0.99999917,27.151329
622,PlantVillage Internal,0,D:\Tomato_Disease_Research\plantvillage\Tomato_Late_blight\83abc50b-0705-4165-a9f3-e67b7ad93bf0___RS_Late.B 6170.JPG,2,0.9999989,26.769802
623,PlantVillage Internal,0,D:\Tomato_Disease_Research\plantvillage\Tomato_Late_blight\845735fd-cca2-4d7b-ace8-292ca8f5f940___GHLB2 Leaf 8771.JPG,2,0.9999987,27.571045
624,PlantVillage Internal,0,D:\Tomato_Disease_Research\plantvillage\Tomato_Late_blight\846005e7-d4ad-49e4-bfce-3aefe50b44e0___RS_Late.B 5158.JPG,2,0.99999833,27.424047
625,PlantVillage Internal,0,D:\Tomato_Disease_Research\plantvillage\Tomato_Late_blight\84b7d3ab-56ae-4eef-a852-7b32f3ef0160___GHLB2 Leaf 150.JPG,2,0.99999833,27.44558
626,PlantVillage Internal,0,D:\Tomato_Disease_Research\plantvillage\Tomato_Late_blight\85550b3b-28a6-4489-ae91-63ea771622ae___RS_Late.B 5539.JPG,2,0.999998,26.922617
627,PlantVillage Internal,0,D:\Tomato_Disease_Research\plantvillage\Tomato_Late_blight\86a3f3b6-660b-4711-b509-4654d0b5c2fa___RS_Late.B 5007.JPG,2,0.9999982,26.654255
628,PlantVillage Internal,0,D:\Tomato_Disease_Research\plantvillage\Tomato_Late_blight\88e11fb2-9752-4c08-97d6-7392fbcf8a95___RS_Late.B 6176.JPG,2,0.999998,26.222063
629,PlantVillage Internal,0,D:\Tomato_Disease_Research\plantvillage\Tomato_Late_blight\898fbe14-3442-44ae-9638-471ce8efcc2f___GHLB2 Leaf 117.1.JPG,2,0.99999785,26.836988
630,PlantVillage Internal,0,D:\Tomato_Disease_Research\plantvillage\Tomato_Late_blight\89c134ee-41f7-46b7-b4dc-4229b3b3ca08___GHLB2 Leaf 8952.JPG,2,0.9999987,27.576937
631,PlantVillage Internal,0,D:\Tomato_Disease_Research\plantvillage\Tomato_Late_blight\8ad4d607-b0e5-4151-9455-66e8ece55ff7___GHLB2 Leaf 8774.JPG,2,0.99999905,27.411797
632,PlantVillage Internal,0,D:\Tomato_Disease_Research\plantvillage\Tomato_Late_blight\8b37de5f-4c98-4880-b1a8-a921178959a9___RS_Late.B 6248.JPG,2,0.9999981,26.677694
633,PlantVillage Internal,0,D:\Tomato_Disease_Research\plantvillage\Tomato_Late_blight\8b3de207-e6ff-4ac5-8480-f6230bd6b385___RS_Late.B 6506.JPG,2,0.9999989,26.959465
634,PlantVillage Internal,0,D:\Tomato_Disease_Research\plantvillage\Tomato_Late_blight\8c36f3d7-3aee-4341-8319-449e3f5e6f79___RS_Late.B 5596.JPG,2,0.9999981,26.72787
635,PlantVillage Internal,0,D:\Tomato_Disease_Research\plantvillage\Tomato_Late_blight\8d58aa38-714a-45b6-b36d-fe52ab36aae8___GHLB Leaf 24.1 Day 12.JPG,2,0.9999981,26.630825
636,PlantVillage Internal,0,D:\Tomato_Disease_Research\plantvillage\Tomato_Late_blight\8fa2b785-6eba-47c3-aeb3-139ebe284185___RS_Late.B 4954.JPG,2,0.9999981,26.784586
637,PlantVillage Internal,0,D:\Tomato_Disease_Research\plantvillage\Tomato_Late_blight\902aed86-4d96-4a9b-9742-f01ae845c22c___GHLB2 Leaf 9037.JPG,2,0.9999988,26.77573
638,PlantVillage Internal,0,D:\Tomato_Disease_Research\plantvillage\Tomato_Late_blight\903f6204-3857-495a-9cf3-8e3fbc930115___RS_Late.B 5496.JPG,2,0.999997,26.461298
639,PlantVillage Internal,0,D:\Tomato_Disease_Research\plantvillage\Tomato_Late_blight\913a9ecb-2dad-4a37-8e5e-e97a1aa2b8a1___RS_Late.B 5327.JPG,2,0.9999976,26.571749
640,PlantVillage Internal,0,D:\Tomato_Disease_Research\plantvillage\Tomato_Late_blight\9176c69b-991a-4cd0-bfad-9742ad81a8b4___RS_Late.B 4989.JPG,2,0.99999845,26.673758
641,PlantVillage Internal,0,D:\Tomato_Disease_Research\plantvillage\Tomato_Late_blight\92abc2a8-b18b-45f9-bf9a-c774cc040ac7___GHLB2 Leaf 149.2.JPG,2,0.9999989,27.071053
642,PlantVillage Internal,0,D:\Tomato_Disease_Research\plantvillage\Tomato_Late_blight\9309c2d7-07ea-4dfb-a79e-2e9128d38a75___GHLB2 Leaf 107.3.JPG,2,0.9999987,27.133118
643,PlantVillage Internal,0,D:\Tomato_Disease_Research\plantvillage\Tomato_Late_blight\942e670b-9e1b-4c27-a2d7-287ad07fd986___RS_Late.B 4977.JPG,2,0.99999833,26.924961
644,PlantVillage Internal,0,D:\Tomato_Disease_Research\plantvillage\Tomato_Late_blight\94531b7b-15e2-4cd3-b6c2-cb3df21c9848___GHLB2 Leaf 8559.JPG,2,0.99999833,27.382236
645,PlantVillage Internal,0,D:\Tomato_Disease_Research\plantvillage\Tomato_Late_blight\948bd29b-11cf-4100-8e94-bae0a34def22___RS_Late.B 6781.JPG,2,0.9999989,27.11294
646,PlantVillage Internal,0,D:\Tomato_Disease_Research\plantvillage\Tomato_Late_blight\94b06669-5f80-4a76-9eae-8d34f6489f15___GHLB2 Leaf 8839.JPG,2,0.99999857,27.55171
647,PlantVillage Internal,0,D:\Tomato_Disease_Research\plantvillage\Tomato_Late_blight\94cc1863-a527-4f26-9b08-2f3bc17ff93f___GHLB Leaf 23.3 Day 13.JPG,2,0.9999981,26.787281
648,PlantVillage Internal,0,D:\Tomato_Disease_Research\plantvillage\Tomato_Late_blight\94f53287-b156-4ece-94a2-3c12783e4fbb___RS_Late.B 5409.JPG,2,0.999998,26.9464
649,PlantVillage Internal,0,D:\Tomato_Disease_Research\plantvillage\Tomato_Late_blight\97cb14c0-e0e6-4acb-b387-583e12cdc859___RS_Late.B 4860.JPG,2,0.9999987,26.662
650,PlantVillage Internal,0,D:\Tomato_Disease_Research\plantvillage\Tomato_Late_blight\97e49ab1-3159-4659-9954-518c94690a9e___RS_Late.B 5534.JPG,2,0.95652187,27.394686
651,PlantVillage Internal,0,D:\Tomato_Disease_Research\plantvillage\Tomato_Late_blight\97f6b5cb-a2aa-4846-a306-decda7f1ad73___RS_Late.B 6127.JPG,2,0.99999833,26.964901
652,PlantVillage Internal,0,D:\Tomato_Disease_Research\plantvillage\Tomato_Late_blight\9823fb17-3426-48be-a3de-ed8a3d742674___RS_Late.B 6320.JPG,2,0.99999905,27.33101
653,PlantVillage Internal,0,D:\Tomato_Disease_Research\plantvillage\Tomato_Late_blight\993825d6-dbbd-41b8-9993-c68c3504eff8___GHLB_PS Leaf 36 Day 13.jpg,2,0.9999988,26.76266
654,PlantVillage Internal,0,D:\Tomato_Disease_Research\plantvillage\Tomato_Late_blight\994043ad-6d4c-4ab8-b825-45e61317bce8___GHLB2 Leaf 8829.JPG,2,0.99999905,27.284496
655,PlantVillage Internal,0,D:\Tomato_Disease_Research\plantvillage\Tomato_Late_blight\9adeaa24-183e-4403-b899-6fdce79ed524___RS_Late.B 6023.JPG,2,0.99999857,27.064991
656,PlantVillage Internal,0,D:\Tomato_Disease_Research\plantvillage\Tomato_Late_blight\9b75e0b6-342b-4409-a02d-598e661160a6___GHLB2 Leaf 75.JPG,2,0.9999989,26.682531
657,PlantVillage Internal,0,D:\Tomato_Disease_Research\plantvillage\Tomato_Late_blight\9bf7479a-5809-48ad-90f7-f4dd4cb9a82b___RS_Late.B 6902.JPG,2,0.99999845,27.312319
658,PlantVillage Internal,0,D:\Tomato_Disease_Research\plantvillage\Tomato_Late_blight\9ce46f18-eccc-4dc4-aa01-f41ad7e6e7fb___GHLB2 Leaf 8544.JPG,2,0.9999987,26.859974
659,PlantVillage Internal,0,D:\Tomato_Disease_Research\plantvillage\Tomato_Late_blight\9ecb8001-2f48-4487-b287-535dbcfb5c2f___RS_Late.B 6206.JPG,2,0.9999988,26.672564
660,PlantVillage Internal,0,D:\Tomato_Disease_Research\plantvillage\Tomato_Late_blight\9ed7a670-72d9-4bb7-adcb-6aeb2eecb5db___GHLB Leaf 23.5 Day 12.JPG,2,0.9999982,26.744621
661,PlantVillage Internal,0,D:\Tomato_Disease_Research\plantvillage\Tomato_Late_blight\9f824326-5b34-4f6d-b500-a184cc984d0a___RS_Late.B 5382.JPG,2,0.9999975,27.002441
662,PlantVillage Internal,0,D:\Tomato_Disease_Research\plantvillage\Tomato_Late_blight\a1f7a744-1d30-4343-992c-b1521d924094___GHLB2 Leaf 8563.JPG,2,0.9999708,27.398123
663,PlantVillage Internal,0,D:\Tomato_Disease_Research\plantvillage\Tomato_Late_blight\a2405206-ef97-4d3c-b143-ec07ac51f89e___GHLB2 Leaf 8555.JPG,2,0.99999917,27.060873
664,PlantVillage Internal,0,D:\Tomato_Disease_Research\plantvillage\Tomato_Late_blight\a41982b4-98ca-40de-a386-96e865a3dd21___RS_Late.B 6138.JPG,2,0.9999989,27.154724
665,PlantVillage Internal,0,D:\Tomato_Disease_Research\plantvillage\Tomato_Late_blight\a4a85f99-e178-4f06-83ba-230048d3446e___GHLB2 Leaf 162.2.JPG,2,0.9999988,27.056744
666,PlantVillage Internal,0,D:\Tomato_Disease_Research\plantvillage\Tomato_Late_blight\a4cdb993-ba37-45c5-b845-ed5650516b39___GHLB2 Leaf 8878.JPG,2,0.99999917,27.0497
667,PlantVillage Internal,0,D:\Tomato_Disease_Research\plantvillage\Tomato_Late_blight\a5d9410b-4ca9-494f-ba13-c7a01c48fa49___RS_Late.B 7147.JPG,2,0.99999785,26.39259
668,PlantVillage Internal,0,D:\Tomato_Disease_Research\plantvillage\Tomato_Late_blight\a5fbcb1e-c1f2-4cc9-b69b-24ce89f7ec7a___RS_Late.B 5585.JPG,2,0.9999974,25.906229
669,PlantVillage Internal,0,D:\Tomato_Disease_Research\plantvillage\Tomato_Late_blight\a6007dbc-3a2f-4c1e-9ec6-28d7d3a17f28___GHLB_PS Leaf 13 Day 8.jpg,2,0.9999975,26.12654
670,PlantVillage Internal,0,D:\Tomato_Disease_Research\plantvillage\Tomato_Late_blight\a6154a52-2013-4b02-9682-f8c5b0b6c17a___GHLB2 Leaf 64.JPG,2,0.9999989,27.050404
671,PlantVillage Internal,0,D:\Tomato_Disease_Research\plantvillage\Tomato_Late_blight\a63362e0-5e9f-4056-b66b-2f3fc23ea932___GHLB2 Leaf 111.2.JPG,2,0.99999905,27.744398
672,PlantVillage Internal,0,D:\Tomato_Disease_Research\plantvillage\Tomato_Late_blight\a6876e29-dc0f-4716-bd3c-eedc9f45cf70___GHLB_PS Leaf 41 Day 18.jpg,2,0.9999989,26.958332
673,PlantVillage Internal,0,D:\Tomato_Disease_Research\plantvillage\Tomato_Late_blight\a7cee503-4a3e-42dc-963c-2ae166064f6a___RS_Late.B 5602.JPG,2,0.999998,26.771915
674,PlantVillage Internal,0,D:\Tomato_Disease_Research\plantvillage\Tomato_Late_blight\a93a7ca0-3ed4-4d86-9441-49a6d605c26d___GHLB_PS Leaf 26 Day 9.jpg,2,0.99999857,26.712263
675,PlantVillage Internal,0,D:\Tomato_Disease_Research\plantvillage\Tomato_Late_blight\a93e7941-b915-4e05-a3b8-7dd4176e6eaa___GHLB2 Leaf 85.JPG,2,0.9999989,27.046879
676,PlantVillage Internal,0,D:\Tomato_Disease_Research\plantvillage\Tomato_Late_blight\a9e5eb70-1dc4-44ec-927a-4ac745c1ff31___RS_Late.B 5035.JPG,2,0.9999989,26.563526
677,PlantVillage Internal,0,D:\Tomato_Disease_Research\plantvillage\Tomato_Late_blight\aa1945c1-9d44-4e84-a18c-e5d78e3f4c37___RS_Late.B 5601.JPG,2,0.99999833,26.762405
678,PlantVillage Internal,0,D:\Tomato_Disease_Research\plantvillage\Tomato_Late_blight\aa5594a4-0679-4f85-bc2e-ff65342aaca1___GHLB2 Leaf 71.JPG,2,0.9999988,27.207037
679,PlantVillage Internal,0,D:\Tomato_Disease_Research\plantvillage\Tomato_Late_blight\aa5e6a40-afc1-47e5-80a3-e41fb9e5a40b___GHLB2 Leaf 9085.JPG,2,0.9999975,26.90335
680,PlantVillage Internal,0,D:\Tomato_Disease_Research\plantvillage\Tomato_Late_blight\addfb0ca-2f18-4ed6-94e9-192ea15bf9e8___RS_Late.B 5616.JPG,2,0.9999982,26.817837
681,PlantVillage Internal,0,D:\Tomato_Disease_Research\plantvillage\Tomato_Late_blight\ae581c9f-2be2-4ca8-b27d-5a333d15012c___RS_Late.B 5170.JPG,2,0.9999969,27.015415
682,PlantVillage Internal,0,D:\Tomato_Disease_Research\plantvillage\Tomato_Late_blight\ae811562-9670-4094-a791-41c848b909c4___GHLB2 Leaf 8982.JPG,2,0.9999989,26.782202
683,PlantVillage Internal,0,D:\Tomato_Disease_Research\plantvillage\Tomato_Late_blight\aee192d9-666e-4ef8-aa5e-86d09d14216c___GHLB2 Leaf 8582.JPG,2,0.9999987,26.897299
684,PlantVillage Internal,0,D:\Tomato_Disease_Research\plantvillage\Tomato_Late_blight\b17fad17-1d16-4a55-9b4e-d1a35ddbb611___GHLB2 Leaf 8933.JPG,2,0.9999989,27.593971
685,PlantVillage Internal,0,D:\Tomato_Disease_Research\plantvillage\Tomato_Late_blight\b2a9abfe-731d-4143-a534-158a4aea4dd1___GHLB_PS Leaf 1.5 Day 13.jpg,2,0.99999905,27.102924
686,PlantVillage Internal,0,D:\Tomato_Disease_Research\plantvillage\Tomato_Late_blight\b2ecc0ad-1b95-4555-8c8e-ac38f0944c5f___RS_Late.B 4871.JPG,2,0.9999975,26.50137
687,PlantVillage Internal,0,D:\Tomato_Disease_Research\plantvillage\Tomato_Late_blight\b3cc95da-557b-456d-9c5d-2ba5d9eb0e98___RS_Late.B 4930.JPG,2,0.9999976,26.377478
688,PlantVillage Internal,0,D:\Tomato_Disease_Research\plantvillage\Tomato_Late_blight\b45f36d3-b367-4c96-9e4d-a8da7c8c584d___RS_Late.B 5195.JPG,2,0.99999833,26.810339
689,PlantVillage Internal,0,D:\Tomato_Disease_Research\plantvillage\Tomato_Late_blight\b5e5a3bd-a8c8-46fc-928f-f0bb083b9a4e___GHLB2 Leaf 8550.JPG,2,0.9999989,27.024725
690,PlantVillage Internal,0,D:\Tomato_Disease_Research\plantvillage\Tomato_Late_blight\b9478b81-3911-4589-b169-84c1e1971906___RS_Late.B 5579.JPG,2,0.99999845,26.58814
691,PlantVillage Internal,0,D:\Tomato_Disease_Research\plantvillage\Tomato_Late_blight\bb1cfbc3-b8eb-4a56-9313-86cffbea4524___GHLB_PS Leaf 30.1 Day 13.jpg,2,0.99999845,26.85595
692,PlantVillage Internal,0,D:\Tomato_Disease_Research\plantvillage\Tomato_Late_blight\be5c294b-38cc-44b8-b404-ab7d899cb717___GHLB2 Leaf 161.1.JPG,2,0.9999987,27.441105
693,PlantVillage Internal,0,D:\Tomato_Disease_Research\plantvillage\Tomato_Late_blight\bf0b58c2-1d95-4f37-80ea-1bcd82e9c59b___GHLB2 Leaf 145.4.JPG,2,0.99999857,27.274258
694,PlantVillage Internal,0,D:\Tomato_Disease_Research\plantvillage\Tomato_Late_blight\bf89b543-1d30-4648-8b4a-bb8d1f2f913a___GHLB2 Leaf 8606.JPG,2,0.99999905,26.902803
695,PlantVillage Internal,0,D:\Tomato_Disease_Research\plantvillage\Tomato_Late_blight\c1f3a153-7738-4cdc-a8a2-003e7221001a___GHLB2 Leaf 9013.JPG,2,0.9999987,27.027948
696,PlantVillage Internal,0,D:\Tomato_Disease_Research\plantvillage\Tomato_Late_blight\c2327b45-3e5f-4f36-8f5b-2146c89d446d___RS_Late.B 6343.JPG,2,0.99999857,26.706232
697,PlantVillage Internal,0,D:\Tomato_Disease_Research\plantvillage\Tomato_Late_blight\c3a5ec63-9d0d-48a2-898a-9bc31b4443a9___GHLB_PS Leaf 1.2 Day 16.jpg,2,0.99999857,26.368795
698,PlantVillage Internal,0,D:\Tomato_Disease_Research\plantvillage\Tomato_Late_blight\c451aa60-ebde-4dfd-a008-ad6e4cfef3fe___RS_Late.B 6857.JPG,2,0.9999982,26.603584
699,PlantVillage Internal,0,D:\Tomato_Disease_Research\plantvillage\Tomato_Late_blight\c4e17a14-ebac-4e2b-b00f-8b6b5e267b42___RS_Late.B 5097.JPG,2,0.99999845,27.073368
700,PlantVillage Internal,0,D:\Tomato_Disease_Research\plantvillage\Tomato_Late_blight\c614e6d5-04cc-4846-9867-84c83961c5cf___GHLB2 Leaf 8617.JPG,2,0.9999987,27.480936
701,PlantVillage Internal,0,D:\Tomato_Disease_Research\plantvillage\Tomato_Late_blight\c88e92df-e964-428e-9d8b-df1e402fa41f___GHLB_PS Leaf 27.1 Day 13.jpg,2,0.99999857,26.667105
702,PlantVillage Internal,0,D:\Tomato_Disease_Research\plantvillage\Tomato_Late_blight\c91400cf-83f0-4472-9504-3234ccecf65c___RS_Late.B 5218.JPG,2,0.99999857,27.03147
703,PlantVillage Internal,0,D:\Tomato_Disease_Research\plantvillage\Tomato_Late_blight\c991e311-e10c-4505-a01a-3ad7c92d3e3b___RS_Late.B 7194.JPG,2,0.9999974,27.09629
704,PlantVillage Internal,0,D:\Tomato_Disease_Research\plantvillage\Tomato_Late_blight\c9c8854f-00f2-4bec-b263-f03354f58114___RS_Late.B 6997.JPG,2,0.99999905,26.573431
705,PlantVillage Internal,0,D:\Tomato_Disease_Research\plantvillage\Tomato_Late_blight\c9f19d2a-8c9d-4ac1-b077-545c5d6f53a9___GHLB_PS Leaf 53 Day 18 .jpg,2,0.9999989,27.256437
706,PlantVillage Internal,0,D:\Tomato_Disease_Research\plantvillage\Tomato_Late_blight\ca5daff3-da8c-404a-b51a-02612ca741e4___GHLB2 Leaf 8722.JPG,2,0.9999981,27.088339
707,PlantVillage Internal,0,D:\Tomato_Disease_Research\plantvillage\Tomato_Late_blight\cb11b3a4-a1f5-43a2-a7ff-399d7674b708___GHLB_PS Leaf 2.2 Day 18.jpg,2,0.99999917,27.09354
708,PlantVillage Internal,0,D:\Tomato_Disease_Research\plantvillage\Tomato_Late_blight\cbba9493-51c1-4cad-b194-0ca6ac3a3059___RS_Late.B 6773.JPG,2,0.9999982,26.78085
709,PlantVillage Internal,0,D:\Tomato_Disease_Research\plantvillage\Tomato_Late_blight\cc182d88-d09a-4caa-948a-91db3007290a___GHLB_PS Leaf 2.1 Day 7.jpg,2,0.9999982,26.788664
710,PlantVillage Internal,0,D:\Tomato_Disease_Research\plantvillage\Tomato_Late_blight\cc822a81-2140-421a-957c-e4ccfa2c0ba5___RS_Late.B 5357.JPG,2,0.99999833,26.718128
711,PlantVillage Internal,0,D:\Tomato_Disease_Research\plantvillage\Tomato_Late_blight\ce90a66b-6d07-4fc1-89bd-af0de0c5dee1___GHLB2 Leaf 108.JPG,2,0.9999988,27.010754
712,PlantVillage Internal,0,D:\Tomato_Disease_Research\plantvillage\Tomato_Late_blight\ceec7525-b67e-43fc-8967-77d57133afba___RS_Late.B 5586.JPG,2,0.99999607,26.367624
713,PlantVillage Internal,0,D:\Tomato_Disease_Research\plantvillage\Tomato_Late_blight\cf724383-bfe7-454a-9f22-bb59072d56ae___RS_Late.B 5442.JPG,2,0.9999969,27.515627
714,PlantVillage Internal,0,D:\Tomato_Disease_Research\plantvillage\Tomato_Late_blight\d28832cb-6291-40c8-b48e-c6019c1eb6a5___RS_Late.B 6437.JPG,2,0.99999845,26.34279
715,PlantVillage Internal,0,D:\Tomato_Disease_Research\plantvillage\Tomato_Late_blight\d2ef0edd-4a4f-4245-85a8-34309ef9ef71___GHLB_PS Leaf 46.1 Day 18.jpg,2,0.9999989,26.908758
716,PlantVillage Internal,0,D:\Tomato_Disease_Research\plantvillage\Tomato_Late_blight\d346f7f2-7cc9-43ef-bfcf-fbfd9d9db724___GHLB_PS Leaf 18 Day 8.jpg,2,0.9999796,25.418007
717,PlantVillage Internal,0,D:\Tomato_Disease_Research\plantvillage\Tomato_Late_blight\d3d532b0-4927-4818-a12c-709ce0134435___GHLB2 Leaf 9051.JPG,2,0.99999845,27.092312
718,PlantVillage Internal,0,D:\Tomato_Disease_Research\plantvillage\Tomato_Late_blight\d491156d-bcb8-47b9-b6b9-3f1d2dc1777f___GHLB2 Leaf 8779.JPG,2,0.9999987,26.95214
719,PlantVillage Internal,0,D:\Tomato_Disease_Research\plantvillage\Tomato_Late_blight\d7052146-5be7-4d3d-a2a7-32d4277c26a2___GHLB2ES Leaf 141.JPG,2,0.99999666,27.141016
720,PlantVillage Internal,0,D:\Tomato_Disease_Research\plantvillage\Tomato_Late_blight\d70b86ba-e117-43d6-ad51-43c67d9a2483___RS_Late.B 6347.JPG,2,0.9999987,26.912395
721,PlantVillage Internal,0,D:\Tomato_Disease_Research\plantvillage\Tomato_Late_blight\d87455f4-a924-426a-8c62-b9870b8a6d34___RS_Late.B 6024.JPG,2,0.9999988,26.852875
722,PlantVillage Internal,0,D:\Tomato_Disease_Research\plantvillage\Tomato_Late_blight\dbecc777-f8a4-4222-9872-051d44b19b2c___RS_Late.B 6426.JPG,2,0.9999988,27.059666
723,PlantVillage Internal,0,D:\Tomato_Disease_Research\plantvillage\Tomato_Late_blight\df7775b2-73f3-4708-86d5-a56e2bbb3337___RS_Late.B 5378.JPG,2,0.9999927,26.413576
724,PlantVillage Internal,0,D:\Tomato_Disease_Research\plantvillage\Tomato_Late_blight\e1836b6b-a14d-402a-ac9f-db7d12feeec9___RS_Late.B 4924.JPG,2,0.99999833,26.68986
725,PlantVillage Internal,0,D:\Tomato_Disease_Research\plantvillage\Tomato_Late_blight\e27901d0-1f93-4342-a8d1-6e19f234b296___GHLB2 Leaf 8916.JPG,2,0.99999905,27.276049
726,PlantVillage Internal,0,D:\Tomato_Disease_Research\plantvillage\Tomato_Late_blight\e2acf01a-92f6-47b2-bc21-e830899f9f0b___GHLB2 Leaf 95.2.JPG,2,0.9999989,27.095222
727,PlantVillage Internal,0,D:\Tomato_Disease_Research\plantvillage\Tomato_Late_blight\e2e89956-491c-42a0-9154-6b8ef41cd63b___GHLB2 Leaf 8689.JPG,2,0.9999988,27.144028
728,PlantVillage Internal,0,D:\Tomato_Disease_Research\plantvillage\Tomato_Late_blight\e60c6680-9c50-4063-9eb9-6e77980afcfa___RS_Late.B 5343.JPG,2,0.999998,26.730938
729,PlantVillage Internal,0,D:\Tomato_Disease_Research\plantvillage\Tomato_Late_blight\e7619088-871f-422e-a6e8-5c8a7da70b3e___GHLB2 Leaf 8825.JPG,2,0.9999988,27.47949
730,PlantVillage Internal,0,D:\Tomato_Disease_Research\plantvillage\Tomato_Late_blight\e7ad9c9f-d300-4246-8e98-4e364eb4d7b6___GHLB Leaf 23.1 Day 18.JPG,2,0.9999981,26.617523
731,PlantVillage Internal,0,D:\Tomato_Disease_Research\plantvillage\Tomato_Late_blight\e82e3fd9-cc3c-4196-9bef-178576b882de___RS_Late.B 6316.JPG,2,0.999998,27.073055
732,PlantVillage Internal,0,D:\Tomato_Disease_Research\plantvillage\Tomato_Late_blight\e980207c-6e67-4caf-8973-7128ca2a1c12___GHLB2 Leaf 8876.JPG,2,0.9999988,27.109056
733,PlantVillage Internal,0,D:\Tomato_Disease_Research\plantvillage\Tomato_Late_blight\ebe561c5-4d97-4008-a998-a7c02ed6d3d3___GHLB2 Leaf 87.JPG,2,0.9999988,27.268541
734,PlantVillage Internal,0,D:\Tomato_Disease_Research\plantvillage\Tomato_Late_blight\ecacf5db-abcf-408c-b41a-93e339fbfc0c___RS_Late.B 6405.JPG,2,0.9999987,26.847748
735,PlantVillage Internal,0,D:\Tomato_Disease_Research\plantvillage\Tomato_Late_blight\ed70dd6e-db68-4cf5-95b6-e25c67be113f___RS_Late.B 4966.JPG,2,0.9999987,26.40146
736,PlantVillage Internal,0,D:\Tomato_Disease_Research\plantvillage\Tomato_Late_blight\edab4e30-5e08-4bf9-92eb-695d4472add6___RS_Late.B 5582.JPG,2,0.99999833,26.796383
737,PlantVillage Internal,0,D:\Tomato_Disease_Research\plantvillage\Tomato_Late_blight\edaeb655-f663-4be5-900a-17255d65c997___GHLB2 Leaf 8768.JPG,2,0.99999905,27.667461
738,PlantVillage Internal,0,D:\Tomato_Disease_Research\plantvillage\Tomato_Late_blight\eedd252b-1d20-4cc8-94ca-b8800334996c___GHLB2 Leaf 8667.JPG,2,0.9999987,27.139137
739,PlantVillage Internal,0,D:\Tomato_Disease_Research\plantvillage\Tomato_Late_blight\f0ac2b25-fb74-43f7-9ca6-52bb05dd2ec2___RS_Late.B 6545.JPG,2,0.9999988,27.11182
740,PlantVillage Internal,0,D:\Tomato_Disease_Research\plantvillage\Tomato_Late_blight\f1604e72-b6ee-4b8b-81fa-cf3acc501e17___GHLB2 Leaf 8752.JPG,2,0.9999988,26.907223
741,PlantVillage Internal,0,D:\Tomato_Disease_Research\plantvillage\Tomato_Late_blight\f2581062-48ef-4957-bab3-9beb606ff3ef___RS_Late.B 6291.JPG,2,0.99999905,26.890474
742,PlantVillage Internal,0,D:\Tomato_Disease_Research\plantvillage\Tomato_Late_blight\f2c089b3-34a5-4300-848f-a0d6eebcb756___RS_Late.B 5174.JPG,2,0.9999989,27.367256
743,PlantVillage Internal,0,D:\Tomato_Disease_Research\plantvillage\Tomato_Late_blight\f336431f-8e79-4ff6-9afd-03bacf1bfaf2___RS_Late.B 5521.JPG,2,0.9999975,26.54993
744,PlantVillage Internal,0,D:\Tomato_Disease_Research\plantvillage\Tomato_Late_blight\f401bc9a-3136-40cd-8a6b-99308e7de798___RS_Late.B 5004.JPG,2,0.9999987,26.757761
745,PlantVillage Internal,0,D:\Tomato_Disease_Research\plantvillage\Tomato_Late_blight\f5538cfb-7556-4f4d-a680-6a15cc6283ab___RS_Late.B 4962.JPG,2,0.9999982,26.53394
746,PlantVillage Internal,0,D:\Tomato_Disease_Research\plantvillage\Tomato_Late_blight\f7d235fa-e0ef-4475-88d2-3bfa79f1ab6f___RS_Late.B 7059.JPG,2,0.9999964,26.160072
747,PlantVillage Internal,0,D:\Tomato_Disease_Research\plantvillage\Tomato_Late_blight\f8024ad7-ded1-42aa-ab6d-139f7069d10e___RS_Late.B 7157.JPG,2,0.99999833,26.855831
748,PlantVillage Internal,0,D:\Tomato_Disease_Research\plantvillage\Tomato_Late_blight\f84a91cc-ad11-409e-9115-1af741e5726d___RS_Late.B 5166.JPG,2,0.9999989,27.577257
749,PlantVillage Internal,0,D:\Tomato_Disease_Research\plantvillage\Tomato_Late_blight\f8e2f06c-ffc4-426b-a7ad-300f6472fdcc___RS_Late.B 5238.JPG,2,0.999997,27.243694
750,PlantVillage Internal,0,D:\Tomato_Disease_Research\plantvillage\Tomato_Late_blight\fa4ec25a-250d-4eb3-ba0d-9d1c51eb3995___GHLB2 Leaf 8990.JPG,2,0.9999989,26.59371
751,PlantVillage Internal,0,D:\Tomato_Disease_Research\plantvillage\Tomato_Late_blight\fa524c8c-e08d-43ee-9f33-3bd2bf9b09f5___GHLB2 Leaf 8686.JPG,2,0.9999989,27.55839
752,PlantVillage Internal,0,D:\Tomato_Disease_Research\plantvillage\Tomato_Late_blight\fabaa5c5-3180-49b7-b538-d1a31316afd8___GHLB2 Leaf 121.4.JPG,2,0.9999988,27.317545
753,PlantVillage Internal,0,D:\Tomato_Disease_Research\plantvillage\Tomato_Late_blight\fdbc3a0b-5da5-452d-a6e4-b5a5e6dc396a___GHLB2 Leaf 8575.JPG,2,0.9999988,27.372393
754,PlantVillage Internal,0,D:\Tomato_Disease_Research\plantvillage\Tomato_Leaf_Mold\0425e1f8-950e-4f8f-a8cc-66809d61ef54___Crnl_L.Mold 6783.JPG,3,0.99999917,26.855637
755,PlantVillage Internal,0,D:\Tomato_Disease_Research\plantvillage\Tomato_Leaf_Mold\0443d006-9d75-4d46-9312-941f21e3791d___Crnl_L.Mold 9139.JPG,3,0.9999994,26.613297
756,PlantVillage Internal,0,D:\Tomato_Disease_Research\plantvillage\Tomato_Leaf_Mold\05205449-e0d0-4d2f-a2fb-6f1fc0e2e9c5___Crnl_L.Mold 8717.JPG,3,0.9999993,27.029678
757,PlantVillage Internal,0,D:\Tomato_Disease_Research\plantvillage\Tomato_Leaf_Mold\05bbff69-adad-4e16-8fad-c265be82e25a___Crnl_L.Mold 6929.JPG,3,0.9999995,26.7811
758,PlantVillage Internal,0,D:\Tomato_Disease_Research\plantvillage\Tomato_Leaf_Mold\077218cb-00b9-4bdf-b091-108a42c7a601___Crnl_L.Mold 7118.JPG,3,0.9999995,26.786291
759,PlantVillage Internal,0,D:\Tomato_Disease_Research\plantvillage\Tomato_Leaf_Mold\0857ce1f-5347-493a-acd9-77b698950b45___Crnl_L.Mold 6748.JPG,3,0.9999994,26.86727
760,PlantVillage Internal,0,D:\Tomato_Disease_Research\plantvillage\Tomato_Leaf_Mold\0ae36892-5cb1-476e-8a51-b7fd8183a535___Crnl_L.Mold 6728.JPG,3,0.9999993,26.70556
761,PlantVillage Internal,0,D:\Tomato_Disease_Research\plantvillage\Tomato_Leaf_Mold\0ddf82ad-9004-4913-ac9c-d00333d7c858___Crnl_L.Mold 7089.JPG,3,0.9999994,26.365236
762,PlantVillage Internal,0,D:\Tomato_Disease_Research\plantvillage\Tomato_Leaf_Mold\119da3be-8512-492e-ac10-66bee5e73a5c___Crnl_L.Mold 8770.JPG,3,0.99999917,26.71067
763,PlantVillage Internal,0,D:\Tomato_Disease_Research\plantvillage\Tomato_Leaf_Mold\12319ec3-c990-4c68-8683-244f1f220c09___Crnl_L.Mold 9146.JPG,3,0.9999995,26.916676
764,PlantVillage Internal,0,D:\Tomato_Disease_Research\plantvillage\Tomato_Leaf_Mold\13611825-494e-4068-8be4-68de001adbf8___Crnl_L.Mold 6965.JPG,3,0.9999994,26.530186
765,PlantVillage Internal,0,D:\Tomato_Disease_Research\plantvillage\Tomato_Leaf_Mold\158d72b9-7f14-4466-9b20-13909636294f___Crnl_L.Mold 8829.JPG,3,0.9999995,27.008307
766,PlantVillage Internal,0,D:\Tomato_Disease_Research\plantvillage\Tomato_Leaf_Mold\19a5dad8-125e-4765-98d9-0164586fa807___Crnl_L.Mold 6590.JPG,3,0.9999995,26.619667
767,PlantVillage Internal,0,D:\Tomato_Disease_Research\plantvillage\Tomato_Leaf_Mold\1b561161-1e63-4de0-889a-9c7b13487e18___Crnl_L.Mold 6596.JPG,3,0.99999905,26.761414
768,PlantVillage Internal,0,D:\Tomato_Disease_Research\plantvillage\Tomato_Leaf_Mold\1c03ffcb-9476-453c-96be-5bd1f629b2d1___Crnl_L.Mold 8853.JPG,3,0.9999993,26.760168
769,PlantVillage Internal,0,D:\Tomato_Disease_Research\plantvillage\Tomato_Leaf_Mold\1f5c3b37-5590-4db7-a702-0cd93db0c929___Crnl_L.Mold 6930.JPG,3,0.9999995,26.65302
770,PlantVillage Internal,0,D:\Tomato_Disease_Research\plantvillage\Tomato_Leaf_Mold\201ada31-7b91-42c1-a245-4d37df0b2c52___Crnl_L.Mold 8742.JPG,3,0.99999917,27.130966
771,PlantVillage Internal,0,D:\Tomato_Disease_Research\plantvillage\Tomato_Leaf_Mold\2151777c-9cd4-41b0-b6ae-c761c0dd1801___Crnl_L.Mold 8623.JPG,3,0.9999995,27.13096
772,PlantVillage Internal,0,D:\Tomato_Disease_Research\plantvillage\Tomato_Leaf_Mold\240a5b33-6071-4129-b017-1c7bba52a690___Crnl_L.Mold 6991.JPG,3,0.9999995,26.748232
773,PlantVillage Internal,0,D:\Tomato_Disease_Research\plantvillage\Tomato_Leaf_Mold\27c4fc3e-760a-4d3c-8552-bb5ca4eab3d8___Crnl_L.Mold 6781.JPG,3,0.99999905,26.498667
774,PlantVillage Internal,0,D:\Tomato_Disease_Research\plantvillage\Tomato_Leaf_Mold\28fc4b35-8b20-4bd0-8e41-c1ef7093ff33___Crnl_L.Mold 6755.JPG,3,0.9999995,26.990423
775,PlantVillage Internal,0,D:\Tomato_Disease_Research\plantvillage\Tomato_Leaf_Mold\29059c14-7b1c-4e06-8c40-2fc73f28ffe6___Crnl_L.Mold 6927.JPG,3,0.9999995,26.715153
776,PlantVillage Internal,0,D:\Tomato_Disease_Research\plantvillage\Tomato_Leaf_Mold\2b727376-492d-47dd-983a-c8f9c7ab386a___Crnl_L.Mold 6556.JPG,3,0.9999944,24.960272
777,PlantVillage Internal,0,D:\Tomato_Disease_Research\plantvillage\Tomato_Leaf_Mold\2b8e612f-7448-44f7-899c-95b3c8291824___Crnl_L.Mold 6671.JPG,3,0.99999297,25.60931
778,PlantVillage Internal,0,D:\Tomato_Disease_Research\plantvillage\Tomato_Leaf_Mold\2ba2d560-919c-48cd-8f98-c4caf8fc37e7___Crnl_L.Mold 8994.JPG,3,0.9999995,26.81799
779,PlantVillage Internal,0,D:\Tomato_Disease_Research\plantvillage\Tomato_Leaf_Mold\2cd79cec-d3fd-48a0-a747-186659750725___Crnl_L.Mold 6972.JPG,3,0.9999994,26.42563
780,PlantVillage Internal,0,D:\Tomato_Disease_Research\plantvillage\Tomato_Leaf_Mold\2e84cbfc-af2c-4c2b-9273-8427546a5383___Crnl_L.Mold 8692.JPG,3,0.9999995,26.80905
781,PlantVillage Internal,0,D:\Tomato_Disease_Research\plantvillage\Tomato_Leaf_Mold\2f195926-6d02-4c40-bf4a-ba3a123fe66e___Crnl_L.Mold 9130.JPG,3,0.9999995,26.959078
782,PlantVillage Internal,0,D:\Tomato_Disease_Research\plantvillage\Tomato_Leaf_Mold\32245a13-92fe-48bf-85c8-938819a057ee___Crnl_L.Mold 8643.JPG,3,0.9999994,26.876743
783,PlantVillage Internal,0,D:\Tomato_Disease_Research\plantvillage\Tomato_Leaf_Mold\355b3ad0-1d3b-49ea-80c8-3254a06a660c___Crnl_L.Mold 8968.JPG,3,0.9999995,26.614798
784,PlantVillage Internal,0,D:\Tomato_Disease_Research\plantvillage\Tomato_Leaf_Mold\35f38d23-ae26-4feb-a076-6fd6571db043___Crnl_L.Mold 6814.JPG,3,0.9999994,26.76979
785,PlantVillage Internal,0,D:\Tomato_Disease_Research\plantvillage\Tomato_Leaf_Mold\44400a5b-bbc1-4298-bf1a-d104eea5cda8___Crnl_L.Mold 6718.JPG,3,0.9999994,26.581896
786,PlantVillage Internal,0,D:\Tomato_Disease_Research\plantvillage\Tomato_Leaf_Mold\454b480b-2ac5-4992-bc5e-5ac95311214c___Crnl_L.Mold 6544.JPG,3,0.9999994,27.053616
787,PlantVillage Internal,0,D:\Tomato_Disease_Research\plantvillage\Tomato_Leaf_Mold\460faa12-8c7a-458b-a6a1-90c71cc73fad___Crnl_L.Mold 9102.JPG,3,0.9999995,26.492939
788,PlantVillage Internal,0,D:\Tomato_Disease_Research\plantvillage\Tomato_Leaf_Mold\47368e87-9afe-4943-8929-e5e8a652bf60___Crnl_L.Mold 8950.JPG,3,0.99999964,26.898636
789,PlantVillage Internal,0,D:\Tomato_Disease_Research\plantvillage\Tomato_Leaf_Mold\48f87aed-cace-4b4f-bc57-1b6b2a6c1e9b___Crnl_L.Mold 6810.JPG,3,0.9999995,26.646776
790,PlantVillage Internal,0,D:\Tomato_Disease_Research\plantvillage\Tomato_Leaf_Mold\4cfebe0b-f6de-4114-b76c-57a06e3db769___Crnl_L.Mold 9085.JPG,3,0.99999547,25.783573
791,PlantVillage Internal,0,D:\Tomato_Disease_Research\plantvillage\Tomato_Leaf_Mold\4fd9ee11-86f0-4fc5-bec6-3df06ac53386___Crnl_L.Mold 7028.JPG,3,0.9999995,26.754581
792,PlantVillage Internal,0,D:\Tomato_Disease_Research\plantvillage\Tomato_Leaf_Mold\544d95c7-34a8-442b-8471-3071612ec4ae___Crnl_L.Mold 8881.JPG,3,0.9999993,26.84632
793,PlantVillage Internal,0,D:\Tomato_Disease_Research\plantvillage\Tomato_Leaf_Mold\54ad9e10-f37e-40af-89ab-43ec8bcfbb55___Crnl_L.Mold 9057.JPG,3,0.9999995,26.640968
794,PlantVillage Internal,0,D:\Tomato_Disease_Research\plantvillage\Tomato_Leaf_Mold\55cc7d97-c88a-4053-8691-288e94bf96b0___Crnl_L.Mold 9182.JPG,3,0.9999995,26.494198
795,PlantVillage Internal,0,D:\Tomato_Disease_Research\plantvillage\Tomato_Leaf_Mold\561e6144-f53b-477e-96ef-88deff234bc6___Crnl_L.Mold 6855.JPG,3,0.9999989,26.097794
796,PlantVillage Internal,0,D:\Tomato_Disease_Research\plantvillage\Tomato_Leaf_Mold\58716bd0-de1b-480d-9381-af08e2f13813___Crnl_L.Mold 6732.JPG,3,0.9999995,26.862753
797,PlantVillage Internal,0,D:\Tomato_Disease_Research\plantvillage\Tomato_Leaf_Mold\58fb4710-c0a7-4a76-8667-07fbe66bfac9___Crnl_L.Mold 6568.JPG,3,0.9999994,26.764093
798,PlantVillage Internal,0,D:\Tomato_Disease_Research\plantvillage\Tomato_Leaf_Mold\59ad7ddc-9db9-4a9f-b067-e190e0a494e7___Crnl_L.Mold 6566.JPG,3,0.99999917,26.714893
799,PlantVillage Internal,0,D:\Tomato_Disease_Research\plantvillage\Tomato_Leaf_Mold\5fc8babb-214b-459a-9440-898cedeb4944___Crnl_L.Mold 8667.JPG,3,0.9999994,26.955137
800,PlantVillage Internal,0,D:\Tomato_Disease_Research\plantvillage\Tomato_Leaf_Mold\6337ca93-b6c5-439e-964b-9ad0b984c227___Crnl_L.Mold 6642.JPG,3,0.9999995,26.956915
801,PlantVillage Internal,0,D:\Tomato_Disease_Research\plantvillage\Tomato_Leaf_Mold\6685d4bb-ddc5-40b3-b7cf-e4b71a713e31___Crnl_L.Mold 7019.JPG,3,0.9999993,26.441523
802,PlantVillage Internal,0,D:\Tomato_Disease_Research\plantvillage\Tomato_Leaf_Mold\67001860-5fda-495c-b2fb-a036f21448f8___Crnl_L.Mold 8838.JPG,3,0.9999994,26.98909
803,PlantVillage Internal,0,D:\Tomato_Disease_Research\plantvillage\Tomato_Leaf_Mold\6a72d24d-5705-4647-8a8c-77d2f268c08a___Crnl_L.Mold 8708.JPG,3,0.9999994,26.87375
804,PlantVillage Internal,0,D:\Tomato_Disease_Research\plantvillage\Tomato_Leaf_Mold\6ad9e92c-8dff-450a-b289-5408ee37c014___Crnl_L.Mold 6953.JPG,3,0.9999994,26.315699
805,PlantVillage Internal,0,D:\Tomato_Disease_Research\plantvillage\Tomato_Leaf_Mold\6e2b61bf-f35d-4e8a-a64c-c3cfed5db42e___Crnl_L.Mold 9008.JPG,3,0.9999995,26.83884
806,PlantVillage Internal,0,D:\Tomato_Disease_Research\plantvillage\Tomato_Leaf_Mold\7011fa6f-fba9-466e-a6d1-439370a4a37b___Crnl_L.Mold 6588.JPG,3,0.9999994,26.525398
807,PlantVillage Internal,0,D:\Tomato_Disease_Research\plantvillage\Tomato_Leaf_Mold\705249ab-9023-4025-8f6c-9ed74b1b69d9___Crnl_L.Mold 7014.JPG,3,0.9999994,26.632862
808,PlantVillage Internal,0,D:\Tomato_Disease_Research\plantvillage\Tomato_Leaf_Mold\705e1448-cb1b-4047-802a-a0deb547bc2e___Crnl_L.Mold 8670.JPG,3,0.9999995,26.957905
809,PlantVillage Internal,0,D:\Tomato_Disease_Research\plantvillage\Tomato_Leaf_Mold\738b2359-39ac-465b-8d8e-43dc842a280e___Crnl_L.Mold 6535.JPG,3,0.9999993,26.59596
810,PlantVillage Internal,0,D:\Tomato_Disease_Research\plantvillage\Tomato_Leaf_Mold\75b10923-dfb7-4b29-b12f-7e76fc069f51___Crnl_L.Mold 6674.JPG,3,0.99998283,25.68497
811,PlantVillage Internal,0,D:\Tomato_Disease_Research\plantvillage\Tomato_Leaf_Mold\76b3aadb-a6e5-465d-809b-0aa4d60a1f83___Crnl_L.Mold 6680.JPG,3,0.9999993,26.740025
812,PlantVillage Internal,0,D:\Tomato_Disease_Research\plantvillage\Tomato_Leaf_Mold\770f7e1c-99a6-4441-9281-015935d290ef___Crnl_L.Mold 6937.JPG,3,0.9999995,26.643845
813,PlantVillage Internal,0,D:\Tomato_Disease_Research\plantvillage\Tomato_Leaf_Mold\774d3b86-63a3-46a7-9355-9aa512d70e19___Crnl_L.Mold 8914.JPG,3,0.99999905,26.811937
814,PlantVillage Internal,0,D:\Tomato_Disease_Research\plantvillage\Tomato_Leaf_Mold\791aae0d-94d2-4d06-b696-6ffd297f2ccb___Crnl_L.Mold 8888.JPG,3,0.99999917,26.932764
815,PlantVillage Internal,0,D:\Tomato_Disease_Research\plantvillage\Tomato_Leaf_Mold\7aec2458-4ab2-4525-9f08-91e3269c7420___Crnl_L.Mold 6845.JPG,3,0.9999995,26.943966
816,PlantVillage Internal,0,D:\Tomato_Disease_Research\plantvillage\Tomato_Leaf_Mold\7e0c6168-99d7-4b8f-84fa-045b4bb798c5___Crnl_L.Mold 6830.JPG,3,0.9999988,27.205648
817,PlantVillage Internal,0,D:\Tomato_Disease_Research\plantvillage\Tomato_Leaf_Mold\80b652e5-7f1f-4806-8d9d-550ce54891ce___Crnl_L.Mold 7090.JPG,3,0.9999995,26.674955
818,PlantVillage Internal,0,D:\Tomato_Disease_Research\plantvillage\Tomato_Leaf_Mold\81a0a46e-f862-4a63-8304-e2c537ca8fb2___Crnl_L.Mold 6824.JPG,3,0.9999993,27.057587
819,PlantVillage Internal,0,D:\Tomato_Disease_Research\plantvillage\Tomato_Leaf_Mold\82567342-f689-4e61-ac38-b25db55bb684___Crnl_L.Mold 7128.JPG,3,0.9999958,25.30795
820,PlantVillage Internal,0,D:\Tomato_Disease_Research\plantvillage\Tomato_Leaf_Mold\87c76d05-d959-4fe6-ba9e-a874c88f9a09___Crnl_L.Mold 6906.JPG,3,0.99999917,25.945915
821,PlantVillage Internal,0,D:\Tomato_Disease_Research\plantvillage\Tomato_Leaf_Mold\88223ca6-7af3-4a52-9784-5eefeeadf18f___Crnl_L.Mold 8821.JPG,3,0.9999995,26.909388
822,PlantVillage Internal,0,D:\Tomato_Disease_Research\plantvillage\Tomato_Leaf_Mold\8b5d979a-f03e-4f79-b638-f5222b904a1c___Crnl_L.Mold 6727.JPG,3,0.9999994,26.788118
823,PlantVillage Internal,0,D:\Tomato_Disease_Research\plantvillage\Tomato_Leaf_Mold\8c12b984-d1be-4c9c-9fd8-cd032434f543___Crnl_L.Mold 8911.JPG,3,0.9999994,26.994633
824,PlantVillage Internal,0,D:\Tomato_Disease_Research\plantvillage\Tomato_Leaf_Mold\8d6e2d0b-672d-4737-8973-17a9f31517a8___Crnl_L.Mold 7070.JPG,3,0.99999917,26.362083
825,PlantVillage Internal,0,D:\Tomato_Disease_Research\plantvillage\Tomato_Leaf_Mold\8f03cf41-751b-4dd9-9f74-e7bd40919d96___Crnl_L.Mold 7074.JPG,3,0.99928504,24.726795
826,PlantVillage Internal,0,D:\Tomato_Disease_Research\plantvillage\Tomato_Leaf_Mold\937ddfca-ced9-419b-b25d-314ec99847f7___Crnl_L.Mold 8726.JPG,3,0.9999994,27.139175
827,PlantVillage Internal,0,D:\Tomato_Disease_Research\plantvillage\Tomato_Leaf_Mold\974bc246-0ab0-4a54-95c8-dd0b557f676b___Crnl_L.Mold 7059.JPG,3,0.99999905,25.862713
828,PlantVillage Internal,0,D:\Tomato_Disease_Research\plantvillage\Tomato_Leaf_Mold\97ae4dda-7b28-4a06-a348-d361f8ecf56f___Crnl_L.Mold 8899.JPG,3,0.9999993,26.820082
829,PlantVillage Internal,0,D:\Tomato_Disease_Research\plantvillage\Tomato_Leaf_Mold\9829462d-ce9d-4f1e-a44c-bb586a4a5f83___Crnl_L.Mold 6948.JPG,3,0.9999995,26.557743
830,PlantVillage Internal,0,D:\Tomato_Disease_Research\plantvillage\Tomato_Leaf_Mold\99d2b2e1-b3e6-4689-ad9a-209cdfdf4084___Crnl_L.Mold 7025.JPG,3,0.9999994,26.443714
831,PlantVillage Internal,0,D:\Tomato_Disease_Research\plantvillage\Tomato_Leaf_Mold\9b4d930b-ac3a-41c1-a8e8-8930280b5ad5___Crnl_L.Mold 8660.JPG,3,0.9999993,26.753975
832,PlantVillage Internal,0,D:\Tomato_Disease_Research\plantvillage\Tomato_Leaf_Mold\9d807622-ab39-4aa3-a70a-a2a62aa17679___Crnl_L.Mold 9136.JPG,3,0.9999995,26.55147
833,PlantVillage Internal,0,D:\Tomato_Disease_Research\plantvillage\Tomato_Leaf_Mold\9d83467e-974a-478a-a163-e20240fcf102___Crnl_L.Mold 6786.JPG,3,0.9999993,26.75877
834,PlantVillage Internal,0,D:\Tomato_Disease_Research\plantvillage\Tomato_Leaf_Mold\a05d577d-ebe7-44e3-9ac0-e6e742e34f1a___Crnl_L.Mold 9164.JPG,3,0.9999995,26.66369
835,PlantVillage Internal,0,D:\Tomato_Disease_Research\plantvillage\Tomato_Leaf_Mold\a0e635a0-0935-4192-94cf-7003875a501e___Crnl_L.Mold 8675.JPG,3,0.99999917,26.537062
836,PlantVillage Internal,0,D:\Tomato_Disease_Research\plantvillage\Tomato_Leaf_Mold\a1ac9a02-2ef0-4208-bc66-0e5be1b3d876___Crnl_L.Mold 8774.JPG,3,0.9999994,26.638199
837,PlantVillage Internal,0,D:\Tomato_Disease_Research\plantvillage\Tomato_Leaf_Mold\a36f9c7a-b964-452c-988b-e45e49da61cf___Crnl_L.Mold 8706.JPG,3,0.9999993,26.910776
838,PlantVillage Internal,0,D:\Tomato_Disease_Research\plantvillage\Tomato_Leaf_Mold\a4a9faea-5038-4fa7-b056-8eed57e56525___Crnl_L.Mold 7179.JPG,3,0.9999995,26.842077
839,PlantVillage Internal,0,D:\Tomato_Disease_Research\plantvillage\Tomato_Leaf_Mold\a4baece0-0e73-4b2f-a434-007c429fb5f9___Crnl_L.Mold 6672.JPG,3,0.99999917,26.685425
840,PlantVillage Internal,0,D:\Tomato_Disease_Research\plantvillage\Tomato_Leaf_Mold\a639c56d-f9e3-4f22-b21b-5a19e027d30b___Crnl_L.Mold 9108.JPG,3,0.9999995,26.646435
841,PlantVillage Internal,0,D:\Tomato_Disease_Research\plantvillage\Tomato_Leaf_Mold\a6a109c7-b0f1-4475-8b50-22681c59a909___Crnl_L.Mold 6551.JPG,3,0.99999845,25.778605
842,PlantVillage Internal,0,D:\Tomato_Disease_Research\plantvillage\Tomato_Leaf_Mold\a7ea5602-9cd1-444e-bce8-ed314ddda894___Crnl_L.Mold 9101.JPG,3,0.9999994,26.408222
843,PlantVillage Internal,0,D:\Tomato_Disease_Research\plantvillage\Tomato_Leaf_Mold\a95f0a82-5cad-423a-be56-8205317909e8___Crnl_L.Mold 8677.JPG,3,0.9999993,26.859287
844,PlantVillage Internal,0,D:\Tomato_Disease_Research\plantvillage\Tomato_Leaf_Mold\a9fbf5e6-bec9-4845-9659-237d9c67f8eb___Crnl_L.Mold 8624.JPG,3,0.99999917,27.014448
845,PlantVillage Internal,0,D:\Tomato_Disease_Research\plantvillage\Tomato_Leaf_Mold\abff37d9-e870-4274-a035-923c2bf5edaf___Crnl_L.Mold 6626.JPG,3,0.9999995,26.90136
846,PlantVillage Internal,0,D:\Tomato_Disease_Research\plantvillage\Tomato_Leaf_Mold\ad0f47b8-f36c-42a8-8c9d-9c24f91a3ef1___Crnl_L.Mold 8891.JPG,3,0.99999917,26.766394
847,PlantVillage Internal,0,D:\Tomato_Disease_Research\plantvillage\Tomato_Leaf_Mold\af7e1ce4-bb49-4227-ba89-9972bab473b7___Crnl_L.Mold 6560.JPG,3,0.99999905,26.461796
848,PlantVillage Internal,0,D:\Tomato_Disease_Research\plantvillage\Tomato_Leaf_Mold\b0171eb9-e9c4-4d17-8f39-e748361fdfba___Crnl_L.Mold 8828.JPG,3,0.9999995,27.117907
849,PlantVillage Internal,0,D:\Tomato_Disease_Research\plantvillage\Tomato_Leaf_Mold\b0f88a05-dfca-4814-9080-fb0a3fa0ee0c___Crnl_L.Mold 6978.JPG,3,0.9999994,26.220043
850,PlantVillage Internal,0,D:\Tomato_Disease_Research\plantvillage\Tomato_Leaf_Mold\b38caab5-9031-4877-ba93-96bec1bdd4ff___Crnl_L.Mold 9028.JPG,3,0.9999994,27.272655
851,PlantVillage Internal,0,D:\Tomato_Disease_Research\plantvillage\Tomato_Leaf_Mold\b6bdf275-d731-415b-a68d-193bbd6c037a___Crnl_L.Mold 8772.JPG,3,0.99999917,26.659893
852,PlantVillage Internal,0,D:\Tomato_Disease_Research\plantvillage\Tomato_Leaf_Mold\b8ad1d10-7809-4969-8bc0-2e44a3dc3157___Crnl_L.Mold 6664.JPG,3,0.9999995,27.139772
853,PlantVillage Internal,0,D:\Tomato_Disease_Research\plantvillage\Tomato_Leaf_Mold\b9beb5ed-0e80-4a9f-bcec-0be7abc6904d___Crnl_L.Mold 7152.JPG,3,0.9999994,26.383263
854,PlantVillage Internal,0,D:\Tomato_Disease_Research\plantvillage\Tomato_Leaf_Mold\bb64a6b2-b479-4cff-a101-7d0d98ac62c9___Crnl_L.Mold 9183.JPG,3,0.9999994,26.361765
855,PlantVillage Internal,0,D:\Tomato_Disease_Research\plantvillage\Tomato_Leaf_Mold\bb98de22-463a-4ad2-8ad1-e65d1ea463c8___Crnl_L.Mold 7160.JPG,3,0.9999995,26.534966
856,PlantVillage Internal,0,D:\Tomato_Disease_Research\plantvillage\Tomato_Leaf_Mold\bca2a85b-7b2a-42b5-9b7d-cba2a6bc9a70___Crnl_L.Mold 7003.JPG,3,0.99999714,25.785295
857,PlantVillage Internal,0,D:\Tomato_Disease_Research\plantvillage\Tomato_Leaf_Mold\bcf274e3-d797-4fa5-88c8-e513266e78da___Crnl_L.Mold 7036.JPG,3,0.9999995,26.909418
858,PlantVillage Internal,0,D:\Tomato_Disease_Research\plantvillage\Tomato_Leaf_Mold\c247f911-53bf-4b36-ade1-a3f2ddc34f53___Crnl_L.Mold 6589.JPG,3,0.9999994,26.478167
859,PlantVillage Internal,0,D:\Tomato_Disease_Research\plantvillage\Tomato_Leaf_Mold\c3d8cc45-95c1-4747-b449-9a44ca4e9704___Crnl_L.Mold 8730.JPG,3,0.9999995,26.998535
860,PlantVillage Internal,0,D:\Tomato_Disease_Research\plantvillage\Tomato_Leaf_Mold\c7a3f599-36dc-40e2-8efc-d0e0568666a7___Crnl_L.Mold 6983.JPG,3,0.9999995,26.713877
861,PlantVillage Internal,0,D:\Tomato_Disease_Research\plantvillage\Tomato_Leaf_Mold\cabcabd6-628c-444d-a7cd-49f44ddbb3e9___Crnl_L.Mold 6579.JPG,3,0.9999995,26.699753
862,PlantVillage Internal,0,D:\Tomato_Disease_Research\plantvillage\Tomato_Leaf_Mold\cb88247d-9a2a-4cd9-888a-76d799436f10___Crnl_L.Mold 7125.JPG,3,0.9999995,26.566792
863,PlantVillage Internal,0,D:\Tomato_Disease_Research\plantvillage\Tomato_Leaf_Mold\cbcf61e4-9a69-4483-9252-ae649102fb63___Crnl_L.Mold 6858.JPG,3,0.9999994,26.892479
864,PlantVillage Internal,0,D:\Tomato_Disease_Research\plantvillage\Tomato_Leaf_Mold\cd7835bc-5278-4005-81ec-9186d3237527___Crnl_L.Mold 6901.JPG,3,0.99999857,25.604033
865,PlantVillage Internal,0,D:\Tomato_Disease_Research\plantvillage\Tomato_Leaf_Mold\cf7130f7-50b1-4dce-81ed-841302e5f71d___Crnl_L.Mold 7072.JPG,3,0.9999995,26.669178
866,PlantVillage Internal,0,D:\Tomato_Disease_Research\plantvillage\Tomato_Leaf_Mold\cfd41486-76c4-4a0e-b61b-848a4afdc553___Crnl_L.Mold 7157.JPG,3,0.9999995,26.781261
867,PlantVillage Internal,0,D:\Tomato_Disease_Research\plantvillage\Tomato_Leaf_Mold\d2c889b0-0223-4e09-9d9f-cdf019b65120___Crnl_L.Mold 8631.JPG,3,0.9999994,27.133366
868,PlantVillage Internal,0,D:\Tomato_Disease_Research\plantvillage\Tomato_Leaf_Mold\d31448f3-312d-4f30-bb39-c1045b1df616___Crnl_L.Mold 6807.JPG,3,0.9999987,26.401669
869,PlantVillage Internal,0,D:\Tomato_Disease_Research\plantvillage\Tomato_Leaf_Mold\d33d8470-d090-474b-8c16-cd5e88d40f51___Crnl_L.Mold 6998.JPG,3,0.9999995,26.454504
870,PlantVillage Internal,0,D:\Tomato_Disease_Research\plantvillage\Tomato_Leaf_Mold\d6441d7c-be78-420d-b202-1298cd5b94e9___Crnl_L.Mold 6571.JPG,3,0.99999833,26.407476
871,PlantVillage Internal,0,D:\Tomato_Disease_Research\plantvillage\Tomato_Leaf_Mold\d662ce55-855f-4af0-84ef-6e0d9e5e468a___Crnl_L.Mold 6586.JPG,3,0.9999989,26.100954
872,PlantVillage Internal,0,D:\Tomato_Disease_Research\plantvillage\Tomato_Leaf_Mold\d8b47693-9b2e-4ee2-b822-d61668bd7ea1___Crnl_L.Mold 9016.JPG,3,0.9999995,26.623129
873,PlantVillage Internal,0,D:\Tomato_Disease_Research\plantvillage\Tomato_Leaf_Mold\d8cbf2c3-f99f-4af9-a8a2-9d88e2ed0524___Crnl_L.Mold 7022.JPG,3,0.9999993,26.608202
874,PlantVillage Internal,0,D:\Tomato_Disease_Research\plantvillage\Tomato_Leaf_Mold\d9c37e93-e99b-4a09-a040-a5d19d75feb9___Crnl_L.Mold 6733.JPG,3,0.9999994,26.872427
875,PlantVillage Internal,0,D:\Tomato_Disease_Research\plantvillage\Tomato_Leaf_Mold\da70a983-649d-4262-a78f-4b5be677167e___Crnl_L.Mold 9168.JPG,3,0.9999995,26.907198
876,PlantVillage Internal,0,D:\Tomato_Disease_Research\plantvillage\Tomato_Leaf_Mold\dbd8242c-1c4c-4d6a-97ba-6cb26fffec49___Crnl_L.Mold 7145.JPG,3,0.9999995,26.575096
877,PlantVillage Internal,0,D:\Tomato_Disease_Research\plantvillage\Tomato_Leaf_Mold\dc61dd2d-7b0f-4927-a3af-4ad0c71bda15___Crnl_L.Mold 6561.JPG,3,0.9999994,26.868906
878,PlantVillage Internal,0,D:\Tomato_Disease_Research\plantvillage\Tomato_Leaf_Mold\de7feb7f-caf7-4f98-90d4-096b0f130817___Crnl_L.Mold 6629.JPG,3,0.9999995,26.978765
879,PlantVillage Internal,0,D:\Tomato_Disease_Research\plantvillage\Tomato_Leaf_Mold\df5a282e-d66e-4fb3-8ce4-eddfe5253c50___Crnl_L.Mold 8940.JPG,3,0.9999995,26.639975
880,PlantVillage Internal,0,D:\Tomato_Disease_Research\plantvillage\Tomato_Leaf_Mold\df78e8cb-8fc5-4682-ab5c-f265b4e8d97e___Crnl_L.Mold 8619.JPG,3,0.9999994,26.811167
881,PlantVillage Internal,0,D:\Tomato_Disease_Research\plantvillage\Tomato_Leaf_Mold\e2d4c4ee-752f-4494-a046-6076bc08ecbd___Crnl_L.Mold 7178.JPG,3,0.9999995,26.616642
882,PlantVillage Internal,0,D:\Tomato_Disease_Research\plantvillage\Tomato_Leaf_Mold\e33b960c-9d75-4de7-a310-ac39e5f326a4___Crnl_L.Mold 6689.JPG,3,0.9999994,26.64594
883,PlantVillage Internal,0,D:\Tomato_Disease_Research\plantvillage\Tomato_Leaf_Mold\e379328a-4265-470a-978d-5020f59f4c1f___Crnl_L.Mold 6833.JPG,3,0.9999994,26.743797
884,PlantVillage Internal,0,D:\Tomato_Disease_Research\plantvillage\Tomato_Leaf_Mold\e4bc3bc6-794e-43c4-8938-e56ed74b5542___Crnl_L.Mold 6613.JPG,3,0.9999995,26.909939
885,PlantVillage Internal,0,D:\Tomato_Disease_Research\plantvillage\Tomato_Leaf_Mold\e4e09a80-ae3a-42e8-ae98-e892b0507098___Crnl_L.Mold 6636.JPG,3,0.9999995,27.057764
886,PlantVillage Internal,0,D:\Tomato_Disease_Research\plantvillage\Tomato_Leaf_Mold\e8e4c7fa-6c75-470a-888a-0763cade48bc___Crnl_L.Mold 7099.JPG,3,0.9999995,26.745499
887,PlantVillage Internal,0,D:\Tomato_Disease_Research\plantvillage\Tomato_Leaf_Mold\f3113f81-fff3-4b7d-b171-7315216c4d10___Crnl_L.Mold 8683.JPG,3,0.9999987,27.283684
888,PlantVillage Internal,0,D:\Tomato_Disease_Research\plantvillage\Tomato_Leaf_Mold\f3c54833-7b3e-43bf-8d1d-a67a8c6cfd83___Crnl_L.Mold 8858.JPG,3,0.9999995,26.83202
889,PlantVillage Internal,0,D:\Tomato_Disease_Research\plantvillage\Tomato_Leaf_Mold\f63bb2e2-d13c-4e48-8e94-4d97f0dbad49___Crnl_L.Mold 6799.JPG,3,0.9999995,27.017473
890,PlantVillage Internal,0,D:\Tomato_Disease_Research\plantvillage\Tomato_Leaf_Mold\f6c43250-2d85-42fb-85e6-57699cbb9350___Crnl_L.Mold 6765.JPG,3,0.9999994,26.93158
891,PlantVillage Internal,0,D:\Tomato_Disease_Research\plantvillage\Tomato_Leaf_Mold\f78e3205-2a7f-43cf-988c-63aaf2179a5d___Crnl_L.Mold 6878.JPG,3,0.9999994,26.524004
892,PlantVillage Internal,0,D:\Tomato_Disease_Research\plantvillage\Tomato_Leaf_Mold\f8e698ff-5f4d-4735-ae53-1daf38c49d46___Crnl_L.Mold 6536.JPG,3,0.9999993,26.541473
893,PlantVillage Internal,0,D:\Tomato_Disease_Research\plantvillage\Tomato_Leaf_Mold\fcfc6758-32cd-4e18-8d56-e3ffde988921___Crnl_L.Mold 6591.JPG,3,0.99999845,26.363842
894,PlantVillage Internal,0,D:\Tomato_Disease_Research\plantvillage\Tomato_Leaf_Mold\fd686c68-9a4a-4d11-98fa-7c612aff9fd4___Crnl_L.Mold 6974.JPG,3,0.9999994,26.208345
895,PlantVillage Internal,0,D:\Tomato_Disease_Research\plantvillage\Tomato_Leaf_Mold\fe60a756-1145-4ed4-9496-af5f387f0222___Crnl_L.Mold 8965.JPG,3,0.9999995,26.721376
896,PlantVillage Internal,0,D:\Tomato_Disease_Research\plantvillage\Tomato_Leaf_Mold\fec6ddb1-599d-4de0-905c-c4e526021314___Crnl_L.Mold 8895.JPG,3,0.9999993,26.672537
897,PlantVillage Internal,0,D:\Tomato_Disease_Research\plantvillage\Tomato_Septoria_leaf_spot\002533c1-722b-44e5-9d2e-91f7747b2543___Keller.St_CG 1831.JPG,4,0.9999995,24.166113
898,PlantVillage Internal,0,D:\Tomato_Disease_Research\plantvillage\Tomato_Septoria_leaf_spot\0025c401-7785-49c5-8bef-780a8a0d3652___Matt.S_CG 2694.JPG,4,0.99999964,24.537277
899,PlantVillage Internal,0,D:\Tomato_Disease_Research\plantvillage\Tomato_Septoria_leaf_spot\0176f68f-a3d8-473b-9bea-c075a5507b34___JR_Sept.L.S 2504.JPG,4,0.9999995,24.165228
900,PlantVillage Internal,0,D:\Tomato_Disease_Research\plantvillage\Tomato_Septoria_leaf_spot\029c0186-56f1-41de-bb6b-3743bdfb10ee___JR_Sept.L.S 8562.JPG,4,0.99999976,24.281038
901,PlantVillage Internal,0,D:\Tomato_Disease_Research\plantvillage\Tomato_Septoria_leaf_spot\02ab6821-757a-401b-ac04-919fdceee1f0___Matt.S_CG 1653.JPG,4,0.9999993,24.228691
902,PlantVillage Internal,0,D:\Tomato_Disease_Research\plantvillage\Tomato_Septoria_leaf_spot\02b079eb-8c74-42bf-b956-d3aecdb9d4ad___JR_Sept.L.S 8522.JPG,4,0.9999995,24.337545
903,PlantVillage Internal,0,D:\Tomato_Disease_Research\plantvillage\Tomato_Septoria_leaf_spot\03611d8a-1664-4d1a-8d9b-7dc3e1a302cc___Keller.St_CG 1945.JPG,4,0.9999995,24.458845
904,PlantVillage Internal,0,D:\Tomato_Disease_Research\plantvillage\Tomato_Septoria_leaf_spot\04eb9fee-df68-4917-a639-d68e12c08bbc___JR_Sept.L.S 8475.JPG,4,0.9999994,24.151663
905,PlantVillage Internal,0,D:\Tomato_Disease_Research\plantvillage\Tomato_Septoria_leaf_spot\0501db9a-3dfd-492b-974a-e1dd30991ad5___Keller.St_CG 1918.JPG,4,0.99999964,24.58843
906,PlantVillage Internal,0,D:\Tomato_Disease_Research\plantvillage\Tomato_Septoria_leaf_spot\0663ec0d-8837-4ba8-82a4-89d8a07ca206___Matt.S_CG 0714.JPG,4,0.9999989,24.123259
907,PlantVillage Internal,0,D:\Tomato_Disease_Research\plantvillage\Tomato_Septoria_leaf_spot\0751d5c2-c59a-4c96-b348-2a9d3c8c8333___Matt.S_CG 6845.JPG,4,0.99999976,24.61271
908,PlantVillage Internal,0,D:\Tomato_Disease_Research\plantvillage\Tomato_Septoria_leaf_spot\0a5edec2-e297-4a25-86fc-78f03772c100___JR_Sept.L.S 8468.JPG,4,0.9999987,24.497646
909,PlantVillage Internal,0,D:\Tomato_Disease_Research\plantvillage\Tomato_Septoria_leaf_spot\0b6a9374-858d-49ce-8a94-ab57c957718c___Matt.S_CG 2488.JPG,4,0.99999857,24.229338
910,PlantVillage Internal,0,D:\Tomato_Disease_Research\plantvillage\Tomato_Septoria_leaf_spot\0c8fd2f4-9c26-4e6d-90b5-fae10602579c___Matt.S_CG 1072.JPG,4,0.99999905,24.116844
911,PlantVillage Internal,0,D:\Tomato_Disease_Research\plantvillage\Tomato_Septoria_leaf_spot\0d8187e2-00e2-40e7-b1a5-c94db561057c___JR_Sept.L.S 8439.JPG,4,0.99999917,23.993523
912,PlantVillage Internal,0,D:\Tomato_Disease_Research\plantvillage\Tomato_Septoria_leaf_spot\0ebf0c98-aeb9-4630-afa0-0c9a2dc32995___Matt.S_CG 6233.JPG,4,0.99999905,24.493353
913,PlantVillage Internal,0,D:\Tomato_Disease_Research\plantvillage\Tomato_Septoria_leaf_spot\0edb366d-1253-4498-a05a-8f666405edc6___Matt.S_CG 7862.JPG,4,0.9999995,24.309711
914,PlantVillage Internal,0,D:\Tomato_Disease_Research\plantvillage\Tomato_Septoria_leaf_spot\102edb0a-780d-4b7e-b31e-c06e5e85211f___Matt.S_CG 2588.JPG,4,0.99999917,24.269297
915,PlantVillage Internal,0,D:\Tomato_Disease_Research\plantvillage\Tomato_Septoria_leaf_spot\113d9910-040e-4ae9-9c7d-6eba1d1e86e1___Matt.S_CG 7710.JPG,4,0.9999995,24.352753
916,PlantVillage Internal,0,D:\Tomato_Disease_Research\plantvillage\Tomato_Septoria_leaf_spot\1142c61e-5959-43fd-8745-fc95bc0b1b5f___JR_Sept.L.S 8378.JPG,4,0.99999964,24.015936
917,PlantVillage Internal,0,D:\Tomato_Disease_Research\plantvillage\Tomato_Septoria_leaf_spot\13d82f96-ac84-4176-abf9-f1fbaac4aabd___Matt.S_CG 0989.JPG,4,0.9999988,23.430935
918,PlantVillage Internal,0,D:\Tomato_Disease_Research\plantvillage\Tomato_Septoria_leaf_spot\14d466da-8b4b-42e1-89b1-cf5f461bd64a___Matt.S_CG 6538.JPG,4,0.99999964,24.064575
919,PlantVillage Internal,0,D:\Tomato_Disease_Research\plantvillage\Tomato_Septoria_leaf_spot\15ad0147-6e02-43a7-b215-1be0dc719776___Matt.S_CG 7788.JPG,4,0.99999976,24.4933
920,PlantVillage Internal,0,D:\Tomato_Disease_Research\plantvillage\Tomato_Septoria_leaf_spot\15c00319-bd7f-45ef-9142-9295a62d701b___Matt.S_CG 0769.JPG,4,0.9999993,23.933716
921,PlantVillage Internal,0,D:\Tomato_Disease_Research\plantvillage\Tomato_Septoria_leaf_spot\169fe6b6-952f-45d3-a313-b3df3a357f5c___JR_Sept.L.S 2490.JPG,4,0.9999995,24.477785
922,PlantVillage Internal,0,D:\Tomato_Disease_Research\plantvillage\Tomato_Septoria_leaf_spot\17387441-89a3-4172-8195-fae50dba7a58___JR_Sept.L.S 2514.JPG,4,0.9999995,24.166845
923,PlantVillage Internal,0,D:\Tomato_Disease_Research\plantvillage\Tomato_Septoria_leaf_spot\1764aae7-ae4b-45f9-b364-23cd799cee12___JR_Sept.L.S 8458.JPG,4,0.9999994,24.11247
924,PlantVillage Internal,0,D:\Tomato_Disease_Research\plantvillage\Tomato_Septoria_leaf_spot\18b450ff-ae57-4873-9c73-7ebef0b659cd___Matt.S_CG 0953.JPG,4,0.9999994,24.15805
925,PlantVillage Internal,0,D:\Tomato_Disease_Research\plantvillage\Tomato_Septoria_leaf_spot\18d05aef-311a-4e99-9489-f702ecdaffb6___Matt.S_CG 1703.JPG,4,0.99999905,24.210941
926,PlantVillage Internal,0,D:\Tomato_Disease_Research\plantvillage\Tomato_Septoria_leaf_spot\18e46966-a79e-4f9d-a91c-b65f3f8488d2___Matt.S_CG 0872.JPG,4,0.99999917,24.211527
927,PlantVillage Internal,0,D:\Tomato_Disease_Research\plantvillage\Tomato_Septoria_leaf_spot\1bdd9bcf-49b6-4a59-90ed-5e053de56994___JR_Sept.L.S 2587.JPG,4,0.99999964,24.473436
928,PlantVillage Internal,0,D:\Tomato_Disease_Research\plantvillage\Tomato_Septoria_leaf_spot\1c9a19ab-15e6-4af9-9130-603a329f356e___Matt.S_CG 7520.JPG,4,0.99999964,24.46864
929,PlantVillage Internal,0,D:\Tomato_Disease_Research\plantvillage\Tomato_Septoria_leaf_spot\1cffba8e-40e0-43ce-914b-c184feb2cb2e___Matt.S_CG 7401.JPG,4,0.9999994,23.911518
930,PlantVillage Internal,0,D:\Tomato_Disease_Research\plantvillage\Tomato_Septoria_leaf_spot\1db21865-b74f-40ab-9a9b-ac7c0e512058___Matt.S_CG 2428.JPG,4,0.99999964,24.598738
931,PlantVillage Internal,0,D:\Tomato_Disease_Research\plantvillage\Tomato_Septoria_leaf_spot\1de3c0cc-04c3-48d0-9493-96b9e9a237af___Matt.S_CG 7657.JPG,4,0.9999994,23.985752
932,PlantVillage Internal,0,D:\Tomato_Disease_Research\plantvillage\Tomato_Septoria_leaf_spot\1ecc0c20-9ef3-40af-a8d8-9a43463a26b4___Matt.S_CG 7654.JPG,4,0.9999994,24.066545
933,PlantVillage Internal,0,D:\Tomato_Disease_Research\plantvillage\Tomato_Septoria_leaf_spot\21e23277-e1e0-49b6-a2e7-e6b3756c3647___Matt.S_CG 6811.JPG,4,0.9999989,24.107527
934,PlantVillage Internal,0,D:\Tomato_Disease_Research\plantvillage\Tomato_Septoria_leaf_spot\2240ebae-0c54-4eff-a068-1c3f58ee05a7___Matt.S_CG 1035.JPG,4,0.9999994,24.164196
935,PlantVillage Internal,0,D:\Tomato_Disease_Research\plantvillage\Tomato_Septoria_leaf_spot\2365ce1e-195c-4cf9-a38d-927f0faa489a___JR_Sept.L.S 2725.JPG,4,0.9999995,24.461584
936,PlantVillage Internal,0,D:\Tomato_Disease_Research\plantvillage\Tomato_Septoria_leaf_spot\25b6cc2a-d883-4e3f-9caa-738e5ec35e30___JR_Sept.L.S 8465.JPG,4,0.9999994,23.845833
937,PlantVillage Internal,0,D:\Tomato_Disease_Research\plantvillage\Tomato_Septoria_leaf_spot\263f010b-28f0-493b-a5c2-099405b3a117___Keller.St_CG 1895.JPG,4,0.99999976,24.500723
938,PlantVillage Internal,0,D:\Tomato_Disease_Research\plantvillage\Tomato_Septoria_leaf_spot\281da113-7611-44bf-9df7-b742fcbce900___JR_Sept.L.S 8568.JPG,4,0.9999995,24.15097
939,PlantVillage Internal,0,D:\Tomato_Disease_Research\plantvillage\Tomato_Septoria_leaf_spot\2967e646-0a62-4db8-a568-57c1e14c93b5___JR_Sept.L.S 8428.JPG,4,0.9954131,25.388987
940,PlantVillage Internal,0,D:\Tomato_Disease_Research\plantvillage\Tomato_Septoria_leaf_spot\296f4660-5675-43b8-8b1f-20e8e9b228b7___JR_Sept.L.S 2612.JPG,4,0.99999976,24.62672
941,PlantVillage Internal,0,D:\Tomato_Disease_Research\plantvillage\Tomato_Septoria_leaf_spot\2996fe86-51c4-4ded-b7a4-4f0905247394___Keller.St_CG 1841.JPG,4,0.99999964,24.37942
942,PlantVillage Internal,0,D:\Tomato_Disease_Research\plantvillage\Tomato_Septoria_leaf_spot\29e8c2f4-3e72-45d6-be52-b8bec7dca2d8___Matt.S_CG 7421.JPG,4,0.9999995,24.16627
943,PlantVillage Internal,0,D:\Tomato_Disease_Research\plantvillage\Tomato_Septoria_leaf_spot\2a7760ee-1b7c-437d-8f47-b6a65c6a3d9c___JR_Sept.L.S 2569.JPG,4,0.99999976,24.6534
944,PlantVillage Internal,0,D:\Tomato_Disease_Research\plantvillage\Tomato_Septoria_leaf_spot\2a803f39-ff07-4e5d-aabc-4941aaa81472___JR_Sept.L.S 2458.JPG,4,0.99999976,24.715157
945,PlantVillage Internal,0,D:\Tomato_Disease_Research\plantvillage\Tomato_Septoria_leaf_spot\2d0ef151-4728-4b00-b70c-ab59ef5d5f9e___Matt.S_CG 6455.JPG,4,0.99999917,24.117434
946,PlantVillage Internal,0,D:\Tomato_Disease_Research\plantvillage\Tomato_Septoria_leaf_spot\2d640131-6b73-4b67-bb77-00266ff41bb8___JR_Sept.L.S 8531.JPG,4,0.9999995,24.587797
947,PlantVillage Internal,0,D:\Tomato_Disease_Research\plantvillage\Tomato_Septoria_leaf_spot\2d6af601-172c-4f61-b4f7-838cd63bcbb6___Matt.S_CG 6921.JPG,4,0.9999995,23.99988
948,PlantVillage Internal,0,D:\Tomato_Disease_Research\plantvillage\Tomato_Septoria_leaf_spot\2f8bcf08-19de-4aa3-a60d-fa6593a53359___JR_Sept.L.S 2679.JPG,4,0.99999976,24.80678
949,PlantVillage Internal,0,D:\Tomato_Disease_Research\plantvillage\Tomato_Septoria_leaf_spot\305388b4-9b47-499c-bbd5-4bf9db035da9___Matt.S_CG 2569.JPG,4,0.99999964,24.287043
950,PlantVillage Internal,0,D:\Tomato_Disease_Research\plantvillage\Tomato_Septoria_leaf_spot\307cde75-e918-464c-9bfc-74ce97c621b4___Matt.S_CG 7810.JPG,4,0.99999964,24.518219
951,PlantVillage Internal,0,D:\Tomato_Disease_Research\plantvillage\Tomato_Septoria_leaf_spot\318530ca-975c-482f-b3cf-bdf6435f09d1___JR_Sept.L.S 8510.JPG,4,0.9999994,24.072186
952,PlantVillage Internal,0,D:\Tomato_Disease_Research\plantvillage\Tomato_Septoria_leaf_spot\33730016-a830-406f-b969-c50f70adf1df___JR_Sept.L.S 2530.JPG,4,0.99999976,24.58695
953,PlantVillage Internal,0,D:\Tomato_Disease_Research\plantvillage\Tomato_Septoria_leaf_spot\3551440d-d4bd-4da7-8bac-345fec2c55ee___Matt.S_CG 1451.JPG,4,0.9999995,23.969198
954,PlantVillage Internal,0,D:\Tomato_Disease_Research\plantvillage\Tomato_Septoria_leaf_spot\3764603c-7343-4eb1-9698-5b709f5a6369___JR_Sept.L.S 2561.JPG,4,0.9999994,24.300282
955,PlantVillage Internal,0,D:\Tomato_Disease_Research\plantvillage\Tomato_Septoria_leaf_spot\3c128fd7-83d2-4202-b612-7e29f1ac4357___Matt.S_CG 2437.JPG,4,0.9999995,24.361338
956,PlantVillage Internal,0,D:\Tomato_Disease_Research\plantvillage\Tomato_Septoria_leaf_spot\3c27af36-d824-4251-97ca-0dc1f0c60d61___Matt.S_CG 7685.JPG,4,0.9999995,24.18526
957,PlantVillage Internal,0,D:\Tomato_Disease_Research\plantvillage\Tomato_Septoria_leaf_spot\3d42d770-69c1-421e-ae00-56f8d0bd500f___Matt.S_CG 7414.JPG,4,0.9999944,23.367468
958,PlantVillage Internal,0,D:\Tomato_Disease_Research\plantvillage\Tomato_Septoria_leaf_spot\3d9cf11d-eb78-481a-a94a-ca6629b757a0___Matt.S_CG 7453.JPG,4,0.9999994,24.02725
959,PlantVillage Internal,0,D:\Tomato_Disease_Research\plantvillage\Tomato_Septoria_leaf_spot\3ebeb76c-9be7-4e35-b06a-6402276b04bd___Matt.S_CG 6730.JPG,4,0.99999964,24.20277
960,PlantVillage Internal,0,D:\Tomato_Disease_Research\plantvillage\Tomato_Septoria_leaf_spot\3edb3c6a-ff33-4ace-a754-0d807ef8019a___Matt.S_CG 2578.JPG,4,0.9999995,24.47814
961,PlantVillage Internal,0,D:\Tomato_Disease_Research\plantvillage\Tomato_Septoria_leaf_spot\422a0165-cc1b-4fb5-ab34-d0fe610fb0df___Matt.S_CG 0672.JPG,4,0.99999964,24.441656
962,PlantVillage Internal,0,D:\Tomato_Disease_Research\plantvillage\Tomato_Septoria_leaf_spot\426b2853-faed-40cc-8154-d721fd00fdf2___Matt.S_CG 2770.JPG,4,0.9999995,24.42805
963,PlantVillage Internal,0,D:\Tomato_Disease_Research\plantvillage\Tomato_Septoria_leaf_spot\43660e03-52a8-4451-bcd4-3b4806be2276___Matt.S_CG 6721.JPG,4,0.99999964,24.406357
964,PlantVillage Internal,0,D:\Tomato_Disease_Research\plantvillage\Tomato_Septoria_leaf_spot\43f78d0c-798d-4466-83f6-49e84d6a9fad___JR_Sept.L.S 2473.JPG,4,0.9999995,24.412794
965,PlantVillage Internal,0,D:\Tomato_Disease_Research\plantvillage\Tomato_Septoria_leaf_spot\44eb0d62-ff10-4a60-bd2f-fc74300474b3___JR_Sept.L.S 2495.JPG,4,0.9999995,24.246151
966,PlantVillage Internal,0,D:\Tomato_Disease_Research\plantvillage\Tomato_Septoria_leaf_spot\45c5dbd2-e45d-438b-ae11-04e96417cb2f___Matt.S_CG 0666.JPG,4,0.9999994,24.395294
967,PlantVillage Internal,0,D:\Tomato_Disease_Research\plantvillage\Tomato_Septoria_leaf_spot\48e9d480-1361-4d4a-96a3-bded85e7559b___Matt.S_CG 7733.JPG,4,0.9999995,24.24871
968,PlantVillage Internal,0,D:\Tomato_Disease_Research\plantvillage\Tomato_Septoria_leaf_spot\48f82056-7e78-4716-b07e-8dc724a19d7b___Matt.S_CG 6714.JPG,4,0.9999987,23.841745
969,PlantVillage Internal,0,D:\Tomato_Disease_Research\plantvillage\Tomato_Septoria_leaf_spot\4a699992-4610-4a4f-98d3-942fc402731a___Matt.S_CG 2679.JPG,4,0.9999995,24.4314
970,PlantVillage Internal,0,D:\Tomato_Disease_Research\plantvillage\Tomato_Septoria_leaf_spot\4c7b64ad-9bc8-4f71-b481-13ab966f8d6a___Matt.S_CG 7393.JPG,4,0.9999994,24.271986
971,PlantVillage Internal,0,D:\Tomato_Disease_Research\plantvillage\Tomato_Septoria_leaf_spot\4d114914-9a79-4556-8b94-ae1a2df053cc___Matt.S_CG 0717.JPG,4,0.99999917,24.218735
972,PlantVillage Internal,0,D:\Tomato_Disease_Research\plantvillage\Tomato_Septoria_leaf_spot\4e91dd84-5a88-4b2f-8c08-b48a1c0bfc4c___Matt.S_CG 6575.JPG,4,0.9999994,24.187866
973,PlantVillage Internal,0,D:\Tomato_Disease_Research\plantvillage\Tomato_Septoria_leaf_spot\4f59ff40-d287-4620-b9b2-d62bf49ae0bf___JR_Sept.L.S 8367.JPG,4,0.99999976,24.425917
974,PlantVillage Internal,0,D:\Tomato_Disease_Research\plantvillage\Tomato_Septoria_leaf_spot\503090fa-3111-4746-ad81-caa2433aaabf___Matt.S_CG 6350.JPG,4,0.9999988,24.202616
975,PlantVillage Internal,0,D:\Tomato_Disease_Research\plantvillage\Tomato_Septoria_leaf_spot\5032f1a5-22a0-42c3-bcf4-d44d4334ac5a___JR_Sept.L.S 8554.JPG,4,0.99999964,24.03603
976,PlantVillage Internal,0,D:\Tomato_Disease_Research\plantvillage\Tomato_Septoria_leaf_spot\50ae0da2-fded-4c78-beb9-0f5e9a85a989___Matt.S_CG 7636.JPG,4,0.9999995,24.266048
977,PlantVillage Internal,0,D:\Tomato_Disease_Research\plantvillage\Tomato_Septoria_leaf_spot\52b3119d-4f5e-41b0-948f-7a1d3b1341eb___JR_Sept.L.S 8495.JPG,4,0.99999523,23.66902
978,PlantVillage Internal,0,D:\Tomato_Disease_Research\plantvillage\Tomato_Septoria_leaf_spot\531f8d45-f21f-4e5e-ad6f-0f4e64440b58___Keller.St_CG 1899.JPG,4,0.99999964,24.59225
979,PlantVillage Internal,0,D:\Tomato_Disease_Research\plantvillage\Tomato_Septoria_leaf_spot\53587f20-0646-4ba9-9124-c2ccbd6e31e6___JR_Sept.L.S 2555.JPG,4,0.9999994,24.48909
980,PlantVillage Internal,0,D:\Tomato_Disease_Research\plantvillage\Tomato_Septoria_leaf_spot\544fbdc4-17a2-45c8-847d-fd31731a9d25___Keller.St_CG 1848.JPG,4,0.9999995,24.292864
981,PlantVillage Internal,0,D:\Tomato_Disease_Research\plantvillage\Tomato_Septoria_leaf_spot\54d0e5af-467b-463a-b1b9-c90e70aef8a6___Keller.St_CG 1827.JPG,4,0.99999964,24.54817
982,PlantVillage Internal,0,D:\Tomato_Disease_Research\plantvillage\Tomato_Septoria_leaf_spot\554209e0-920f-49d5-b18b-ca120637ef79___Matt.S_CG 6770.JPG,4,0.9999993,24.23273
983,PlantVillage Internal,0,D:\Tomato_Disease_Research\plantvillage\Tomato_Septoria_leaf_spot\56d9c252-fe48-4a39-8264-8bfce1f8ba2a___JR_Sept.L.S 2562.JPG,4,0.9999995,24.543362
984,PlantVillage Internal,0,D:\Tomato_Disease_Research\plantvillage\Tomato_Septoria_leaf_spot\57364d0e-48f0-49e4-89a3-5a697c6efa5b___Keller.St_CG 1813.JPG,4,0.9999994,24.23135
985,PlantVillage Internal,0,D:\Tomato_Disease_Research\plantvillage\Tomato_Septoria_leaf_spot\577380e5-8b20-4ae2-bae5-f7442c3fe70c___JR_Sept.L.S 8535.JPG,4,0.99999976,24.408726
986,PlantVillage Internal,0,D:\Tomato_Disease_Research\plantvillage\Tomato_Septoria_leaf_spot\57f2b102-2002-4421-b303-13d75a164fd9___Matt.S_CG 7694.JPG,4,0.99999976,24.507483
987,PlantVillage Internal,0,D:\Tomato_Disease_Research\plantvillage\Tomato_Septoria_leaf_spot\58e87592-0ceb-48a0-9624-7791b6cb94f2___Matt.S_CG 2610.JPG,4,0.99999964,24.446795
988,PlantVillage Internal,0,D:\Tomato_Disease_Research\plantvillage\Tomato_Septoria_leaf_spot\598ba6a8-8887-4d61-97b7-5a0814aa8e2f___Matt.S_CG 7637.JPG,4,0.9999995,24.13872
989,PlantVillage Internal,0,D:\Tomato_Disease_Research\plantvillage\Tomato_Septoria_leaf_spot\5e53810f-d7fe-40af-aaa4-7753d1f265e2___JR_Sept.L.S 2528.JPG,4,0.9999995,24.480965
990,PlantVillage Internal,0,D:\Tomato_Disease_Research\plantvillage\Tomato_Septoria_leaf_spot\5eceb9db-6355-445e-96b6-1644fab0dea7___Matt.S_CG 2774.JPG,4,0.9999995,24.351032
991,PlantVillage Internal,0,D:\Tomato_Disease_Research\plantvillage\Tomato_Septoria_leaf_spot\619ccfba-56c4-4750-b920-7c7314f78b7c___Matt.S_CG 6908.JPG,4,0.9999994,24.054
992,PlantVillage Internal,0,D:\Tomato_Disease_Research\plantvillage\Tomato_Septoria_leaf_spot\61edf176-f7f8-4f52-a73d-5b40711b93b6___Matt.S_CG 0873.JPG,4,0.99999976,24.619051
993,PlantVillage Internal,0,D:\Tomato_Disease_Research\plantvillage\Tomato_Septoria_leaf_spot\63e3d1ac-76a4-48a8-83d6-50a65433a8e3___Matt.S_CG 0690.JPG,4,0.99999964,24.39179
994,PlantVillage Internal,0,D:\Tomato_Disease_Research\plantvillage\Tomato_Septoria_leaf_spot\6423beae-af76-4630-a3e4-f59977457971___Keller.St_CG 1900.JPG,4,0.99999964,24.635519
995,PlantVillage Internal,0,D:\Tomato_Disease_Research\plantvillage\Tomato_Septoria_leaf_spot\647b98f0-0a93-4c39-8b5e-cf549f5117e6___Matt.S_CG 6869.JPG,4,0.9999989,24.192764
996,PlantVillage Internal,0,D:\Tomato_Disease_Research\plantvillage\Tomato_Septoria_leaf_spot\65f22d82-02df-4fc8-9fa9-063386bfaba0___JR_Sept.L.S 2479.JPG,4,0.99999964,24.585644
997,PlantVillage Internal,0,D:\Tomato_Disease_Research\plantvillage\Tomato_Septoria_leaf_spot\663f412f-6bb7-4e89-aac6-683d87e92638___JR_Sept.L.S 8376.JPG,4,0.9999994,24.17162
998,PlantVillage Internal,0,D:\Tomato_Disease_Research\plantvillage\Tomato_Septoria_leaf_spot\67162529-30dd-46c3-9f26-1e728b7a3cee___Matt.S_CG 0756.JPG,4,0.9999994,23.981888
999,PlantVillage Internal,0,D:\Tomato_Disease_Research\plantvillage\Tomato_Septoria_leaf_spot\67feebf2-a74a-48b0-acf5-913c9cd5e84a___JR_Sept.L.S 2457.JPG,4,0.99999964,24.684128
1000,PlantVillage Internal,0,D:\Tomato_Disease_Research\plantvillage\Tomato_Septoria_leaf_spot\685231f4-f2a7-4a41-86f1-9f658baed631___Keller.St_CG 1992.JPG,4,0.99999857,24.85241
1001,PlantVillage Internal,0,D:\Tomato_Disease_Research\plantvillage\Tomato_Septoria_leaf_spot\696f8ae9-a39b-42a4-925a-05a1c69a62a8___Matt.S_CG 7493.JPG,4,0.99999976,24.388268
1002,PlantVillage Internal,0,D:\Tomato_Disease_Research\plantvillage\Tomato_Septoria_leaf_spot\698bdba4-67c1-476e-be60-21a4fd7d3f55___Keller.St_CG 1790.JPG,4,0.9999993,24.333965
1003,PlantVillage Internal,0,D:\Tomato_Disease_Research\plantvillage\Tomato_Septoria_leaf_spot\6a4518f8-37a5-4c96-ab5d-5cb75f6e24b2___JR_Sept.L.S 8444.JPG,4,0.99999964,24.394268
1004,PlantVillage Internal,0,D:\Tomato_Disease_Research\plantvillage\Tomato_Septoria_leaf_spot\6bb03663-2989-4c0b-8aba-bedc9e3430eb___JR_Sept.L.S 2607.JPG,4,0.99999964,24.630438
1005,PlantVillage Internal,0,D:\Tomato_Disease_Research\plantvillage\Tomato_Septoria_leaf_spot\6cebad3a-afa4-4c38-9bcc-3977af4434d1___Matt.S_CG 2793.JPG,4,0.9999995,24.181442
1006,PlantVillage Internal,0,D:\Tomato_Disease_Research\plantvillage\Tomato_Septoria_leaf_spot\6d01e191-a269-45c0-9212-53a678c037b3___Keller.St_CG 1932.JPG,4,0.99999976,24.640589
1007,PlantVillage Internal,0,D:\Tomato_Disease_Research\plantvillage\Tomato_Septoria_leaf_spot\6e2dd387-240a-4b31-995e-3389310d8db3___Matt.S_CG 2542.JPG,4,0.9999995,24.349339
1008,PlantVillage Internal,0,D:\Tomato_Disease_Research\plantvillage\Tomato_Septoria_leaf_spot\6f0bbcfb-bb4b-465e-a6c4-35e715bea1d2___Matt.S_CG 6686.JPG,4,0.9999995,24.120865
1009,PlantVillage Internal,0,D:\Tomato_Disease_Research\plantvillage\Tomato_Septoria_leaf_spot\702a5117-4fee-46b6-bd3b-980ad9496dea___Matt.S_CG 6094.JPG,4,0.9999964,24.009787
1010,PlantVillage Internal,0,D:\Tomato_Disease_Research\plantvillage\Tomato_Septoria_leaf_spot\70aaa3d4-f817-48aa-a3b0-aee1c539c4f5___JR_Sept.L.S 8470.JPG,4,0.99999976,24.52029
1011,PlantVillage Internal,0,D:\Tomato_Disease_Research\plantvillage\Tomato_Septoria_leaf_spot\70cfd5a5-64c0-467b-8647-7743e5c3513a___JR_Sept.L.S 2621.JPG,4,0.99999976,24.464354
1012,PlantVillage Internal,0,D:\Tomato_Disease_Research\plantvillage\Tomato_Septoria_leaf_spot\70fb038b-90e8-4218-a440-4db6daa90fe0___Matt.S_CG 1102.JPG,4,0.9999988,24.59408
1013,PlantVillage Internal,0,D:\Tomato_Disease_Research\plantvillage\Tomato_Septoria_leaf_spot\715b97ad-9fd9-42dc-9c50-a0b8edcf0ad0___Keller.St_CG 1912.JPG,4,0.9999995,24.266191
1014,PlantVillage Internal,0,D:\Tomato_Disease_Research\plantvillage\Tomato_Septoria_leaf_spot\752557e9-4f69-4faa-888e-2fcf32747c5a___Matt.S_CG 6542.JPG,4,0.9999995,24.344053
1015,PlantVillage Internal,0,D:\Tomato_Disease_Research\plantvillage\Tomato_Septoria_leaf_spot\77beaab6-09bf-4ea4-9107-4109d06b5412___Keller.St_CG 1829.JPG,4,0.9999995,24.30078
1016,PlantVillage Internal,0,D:\Tomato_Disease_Research\plantvillage\Tomato_Septoria_leaf_spot\78776bfc-9aa1-4b33-bb43-41ac6a140323___JR_Sept.L.S 8456.JPG,4,0.9999995,24.3201
1017,PlantVillage Internal,0,D:\Tomato_Disease_Research\plantvillage\Tomato_Septoria_leaf_spot\796b5446-9007-427b-8ac0-2264a67569e0___Matt.S_CG 6541.JPG,4,0.99999917,24.14576
1018,PlantVillage Internal,0,D:\Tomato_Disease_Research\plantvillage\Tomato_Septoria_leaf_spot\7a7c032c-bc58-43c0-9bf7-26be8baf2660___Matt.S_CG 7605.JPG,4,0.99999905,24.135406
1019,PlantVillage Internal,0,D:\Tomato_Disease_Research\plantvillage\Tomato_Septoria_leaf_spot\7acd10ed-a101-4467-856a-f3483493182a___Keller.St_CG 1862.JPG,4,0.99999857,23.644056
1020,PlantVillage Internal,0,D:\Tomato_Disease_Research\plantvillage\Tomato_Septoria_leaf_spot\7af43527-0276-4a56-9ed5-c0f6a3776e1e___Matt.S_CG 6823.JPG,4,0.99999964,24.118973
1021,PlantVillage Internal,0,D:\Tomato_Disease_Research\plantvillage\Tomato_Septoria_leaf_spot\7bf7886a-7ec1-4f4a-92be-5d18b6450ee1___JR_Sept.L.S 8362.JPG,4,0.99919397,24.475132
1022,PlantVillage Internal,0,D:\Tomato_Disease_Research\plantvillage\Tomato_Septoria_leaf_spot\7cb27fc3-c967-4734-8c81-cabbcd7d322f___Keller.St_CG 2003.JPG,4,0.99999976,24.616606
1023,PlantVillage Internal,0,D:\Tomato_Disease_Research\plantvillage\Tomato_Septoria_leaf_spot\7cf8bfef-e8d7-406b-b27c-e5e545096545___JR_Sept.L.S 8427.JPG,4,0.7891365,25.796076
1024,PlantVillage Internal,0,D:\Tomato_Disease_Research\plantvillage\Tomato_Septoria_leaf_spot\7dd7354c-7c02-4086-8b19-e6d8d4083c29___Matt.S_CG 6250.JPG,4,0.9999994,23.953434
1025,PlantVillage Internal,0,D:\Tomato_Disease_Research\plantvillage\Tomato_Septoria_leaf_spot\7dedb154-b3a3-4f5c-b529-9c44d4e3cd23___Matt.S_CG 7375.JPG,4,0.9999994,24.144176
1026,PlantVillage Internal,0,D:\Tomato_Disease_Research\plantvillage\Tomato_Septoria_leaf_spot\7e5e84fb-af42-40b6-b2aa-d7e6bc569b1f___Matt.S_CG 7435.JPG,4,0.9999988,23.88826
1027,PlantVillage Internal,0,D:\Tomato_Disease_Research\plantvillage\Tomato_Septoria_leaf_spot\7ed442ab-2005-4fe8-98a6-82b1b4d7f1a9___Keller.St_CG 1843.JPG,4,0.99999964,24.326569
1028,PlantVillage Internal,0,D:\Tomato_Disease_Research\plantvillage\Tomato_Septoria_leaf_spot\7f1a7403-f9d4-4910-9495-550a263c6e77___Matt.S_CG 7624.JPG,4,0.9999995,24.279501
1029,PlantVillage Internal,0,D:\Tomato_Disease_Research\plantvillage\Tomato_Septoria_leaf_spot\7ff1632f-91e4-4dd3-801d-e31885af4c41___Matt.S_CG 7578.JPG,4,0.99999964,24.521666
1030,PlantVillage Internal,0,D:\Tomato_Disease_Research\plantvillage\Tomato_Septoria_leaf_spot\80857534-e2f2-4ba1-9beb-e4d6619f80eb___Matt.S_CG 1238.JPG,4,0.9999989,24.31418
1031,PlantVillage Internal,0,D:\Tomato_Disease_Research\plantvillage\Tomato_Septoria_leaf_spot\80c8fa6d-e374-40ad-8399-fdb626640e82___JR_Sept.L.S 2675.JPG,4,0.99999976,24.756697
1032,PlantVillage Internal,0,D:\Tomato_Disease_Research\plantvillage\Tomato_Septoria_leaf_spot\82962452-4142-4424-98a5-390d662b145b___Matt.S_CG 7527.JPG,4,0.99999917,23.85749
1033,PlantVillage Internal,0,D:\Tomato_Disease_Research\plantvillage\Tomato_Septoria_leaf_spot\82de2fc1-0ff9-4711-a89d-35db440d2078___JR_Sept.L.S 8564.JPG,4,0.9999994,23.910925
1034,PlantVillage Internal,0,D:\Tomato_Disease_Research\plantvillage\Tomato_Septoria_leaf_spot\84d1824a-dff7-4bd9-b623-1f5d6a5f014e___Matt.S_CG 7687.JPG,4,0.9999995,24.21736
1035,PlantVillage Internal,0,D:\Tomato_Disease_Research\plantvillage\Tomato_Septoria_leaf_spot\850fd7db-de0c-4bd8-b869-ffbaa4a3a320___Keller.St_CG 1807.JPG,4,0.99999917,24.398674
1036,PlantVillage Internal,0,D:\Tomato_Disease_Research\plantvillage\Tomato_Septoria_leaf_spot\862cca81-2acd-4a2b-89aa-bd01d9524d7b___JR_Sept.L.S 2577.JPG,4,0.9999995,24.305082
1037,PlantVillage Internal,0,D:\Tomato_Disease_Research\plantvillage\Tomato_Septoria_leaf_spot\86ed9e6c-2c17-42bd-998e-f7f9069ae9c4___Matt.S_CG 7608.JPG,4,0.99999976,24.393162
1038,PlantVillage Internal,0,D:\Tomato_Disease_Research\plantvillage\Tomato_Septoria_leaf_spot\86f5ea7a-75c7-4732-a71a-c7bc0717f847___Matt.S_CG 7604.JPG,4,0.99999857,24.032185
1039,PlantVillage Internal,0,D:\Tomato_Disease_Research\plantvillage\Tomato_Septoria_leaf_spot\877ef529-6d52-4af3-8284-2f2e12b56c1e___Matt.S_CG 0779.JPG,4,0.9999989,24.09924
1040,PlantVillage Internal,0,D:\Tomato_Disease_Research\plantvillage\Tomato_Septoria_leaf_spot\8854cb53-e283-46b4-b150-3d0b414b77fd___Matt.S_CG 0951.JPG,4,0.9999994,24.001184
1041,PlantVillage Internal,0,D:\Tomato_Disease_Research\plantvillage\Tomato_Septoria_leaf_spot\8b94c375-1eaf-4e17-b7ae-7718ab4c0b29___Matt.S_CG 5984.JPG,4,0.99999964,24.235157
1042,PlantVillage Internal,0,D:\Tomato_Disease_Research\plantvillage\Tomato_Septoria_leaf_spot\8bcab1d2-d0fe-497d-9419-765c99ac6989___JR_Sept.L.S 8541.JPG,4,0.9999995,24.183804
1043,PlantVillage Internal,0,D:\Tomato_Disease_Research\plantvillage\Tomato_Septoria_leaf_spot\8bf151ef-d3ca-47f9-b2d0-685ba9c5f229___Matt.S_CG 1453.JPG,4,0.99999964,24.261856
1044,PlantVillage Internal,0,D:\Tomato_Disease_Research\plantvillage\Tomato_Septoria_leaf_spot\8e394ac6-15a5-4b49-ad6c-52b3d146457e___Matt.S_CG 1531.JPG,4,0.9999995,23.911997
1045,PlantVillage Internal,0,D:\Tomato_Disease_Research\plantvillage\Tomato_Septoria_leaf_spot\8f5a4a7c-445b-4bb2-aa73-2c736733f82b___Matt.S_CG 7573.JPG,4,0.99999964,24.309866
1046,PlantVillage Internal,0,D:\Tomato_Disease_Research\plantvillage\Tomato_Septoria_leaf_spot\90aea036-5a0f-49da-b344-118c8b108c84___Matt.S_CG 7767.JPG,4,0.9999994,23.960293
1047,PlantVillage Internal,0,D:\Tomato_Disease_Research\plantvillage\Tomato_Septoria_leaf_spot\90caf05a-8217-4eab-b91e-e2495c51e5e7___JR_Sept.L.S 2571.JPG,4,0.9999975,24.367863
1048,PlantVillage Internal,0,D:\Tomato_Disease_Research\plantvillage\Tomato_Septoria_leaf_spot\9143d8ef-3d8a-48e8-9345-a5eb988091ef___Matt.S_CG 6821.JPG,4,0.9999995,24.365738
1049,PlantVillage Internal,0,D:\Tomato_Disease_Research\plantvillage\Tomato_Septoria_leaf_spot\94290034-9eeb-42ac-ae71-a34a31de918a___Matt.S_CG 7502.JPG,4,0.9999994,24.285175
1050,PlantVillage Internal,0,D:\Tomato_Disease_Research\plantvillage\Tomato_Septoria_leaf_spot\94445a4d-97cd-4db5-aedb-32da5756b2d7___JR_Sept.L.S 2498.JPG,4,0.9999995,24.07648
1051,PlantVillage Internal,0,D:\Tomato_Disease_Research\plantvillage\Tomato_Septoria_leaf_spot\94fec6ad-4519-4eea-91d5-e155f5b6f366___Matt.S_CG 6025.JPG,4,0.9999995,24.417503
1052,PlantVillage Internal,0,D:\Tomato_Disease_Research\plantvillage\Tomato_Septoria_leaf_spot\95824292-d97c-45aa-942f-3160e5263282___Matt.S_CG 2438.JPG,4,0.9999995,24.409525
1053,PlantVillage Internal,0,D:\Tomato_Disease_Research\plantvillage\Tomato_Septoria_leaf_spot\95fb80ea-97dd-4d8a-b2d4-16a3ec3d5da6___JR_Sept.L.S 2692.JPG,4,0.9999994,24.438574
1054,PlantVillage Internal,0,D:\Tomato_Disease_Research\plantvillage\Tomato_Septoria_leaf_spot\96d09f73-139b-44ef-a2bd-5a9717f6a2b6___JR_Sept.L.S 2670.JPG,4,0.99999964,24.473684
1055,PlantVillage Internal,0,D:\Tomato_Disease_Research\plantvillage\Tomato_Septoria_leaf_spot\99ec3521-b951-40f9-a5b4-d80cfc1f9e68___Keller.St_CG 1891.JPG,4,0.99999964,24.385572
1056,PlantVillage Internal,0,D:\Tomato_Disease_Research\plantvillage\Tomato_Septoria_leaf_spot\9ad5aed4-e5f2-45f9-bbe4-cbbce80e344c___Keller.St_CG 1925.JPG,4,0.9999995,24.264584
1057,PlantVillage Internal,0,D:\Tomato_Disease_Research\plantvillage\Tomato_Septoria_leaf_spot\9b52dfbf-f3d7-4777-a620-7eaa6d3086aa___Matt.S_CG 6156.JPG,4,0.99999857,24.125788
1058,PlantVillage Internal,0,D:\Tomato_Disease_Research\plantvillage\Tomato_Septoria_leaf_spot\9b542a20-992a-454e-afa1-a93d68699261___Keller.St_CG 1802.JPG,4,0.99999976,24.499846
1059,PlantVillage Internal,0,D:\Tomato_Disease_Research\plantvillage\Tomato_Septoria_leaf_spot\9c922c85-b976-41ec-bc8a-65650a8a3f9a___Matt.S_CG 1504.JPG,4,0.99999964,24.248835
1060,PlantVillage Internal,0,D:\Tomato_Disease_Research\plantvillage\Tomato_Septoria_leaf_spot\9d12ad8a-e252-48bc-bbeb-a198c1c9049b___Matt.S_CG 6367.JPG,4,0.9999988,24.336954
1061,PlantVillage Internal,0,D:\Tomato_Disease_Research\plantvillage\Tomato_Septoria_leaf_spot\9d377ccd-cf2f-4fdb-bce6-ac70e0b53d03___Matt.S_CG 7620.JPG,4,0.9999994,23.949684
1062,PlantVillage Internal,0,D:\Tomato_Disease_Research\plantvillage\Tomato_Septoria_leaf_spot\9e684d71-c6e4-45e4-ac84-ac99499c55c1___Matt.S_CG 7625.JPG,4,0.9999995,24.329882
1063,PlantVillage Internal,0,D:\Tomato_Disease_Research\plantvillage\Tomato_Septoria_leaf_spot\9ee905ed-4e49-4256-8d6d-74fc6450ead1___Keller.St_CG 1794.JPG,4,0.9999995,24.429617
1064,PlantVillage Internal,0,D:\Tomato_Disease_Research\plantvillage\Tomato_Septoria_leaf_spot\a0268a59-6f6e-4f65-973a-a282a1d078fd___Matt.S_CG 0972.JPG,4,0.9999963,23.847727
1065,PlantVillage Internal,0,D:\Tomato_Disease_Research\plantvillage\Tomato_Septoria_leaf_spot\a118d49a-e8aa-43cd-ac08-0c821ffd1ecb___JR_Sept.L.S 2644.JPG,4,0.99999917,24.295675
1066,PlantVillage Internal,0,D:\Tomato_Disease_Research\plantvillage\Tomato_Septoria_leaf_spot\a13ce2fb-5b13-4dec-a2e4-417dc3f3a817___JR_Sept.L.S 8485.JPG,4,0.9999994,23.927893
1067,PlantVillage Internal,0,D:\Tomato_Disease_Research\plantvillage\Tomato_Septoria_leaf_spot\a2b2c599-4cbf-4ea4-a05e-639ee9b4f523___Matt.S_CG 6059.JPG,4,0.9999993,24.417984
1068,PlantVillage Internal,0,D:\Tomato_Disease_Research\plantvillage\Tomato_Septoria_leaf_spot\a4467299-5237-45f5-bb9b-9fd69f7a2b1a___Matt.S_CG 7719.JPG,4,0.9999995,24.303442
1069,PlantVillage Internal,0,D:\Tomato_Disease_Research\plantvillage\Tomato_Septoria_leaf_spot\a5e35b30-5401-4df1-a489-5d8a530cd37d___Matt.S_CG 0860.JPG,4,0.9999994,24.431717
1070,PlantVillage Internal,0,D:\Tomato_Disease_Research\plantvillage\Tomato_Septoria_leaf_spot\a654c03b-c0d9-4605-9e21-a91a19ce0466___Matt.S_CG 6135.JPG,4,0.9999995,24.206274
1071,PlantVillage Internal,0,D:\Tomato_Disease_Research\plantvillage\Tomato_Septoria_leaf_spot\a8db14be-ab96-44bb-ae9c-fb3df15fb93e___Matt.S_CG 1063.JPG,4,0.9999987,24.226042
1072,PlantVillage Internal,0,D:\Tomato_Disease_Research\plantvillage\Tomato_Septoria_leaf_spot\a9f7e7d6-cb65-4fcf-961d-7a7900bbed6d___Matt.S_CG 7758.JPG,4,0.99999964,24.360933
1073,PlantVillage Internal,0,D:\Tomato_Disease_Research\plantvillage\Tomato_Septoria_leaf_spot\aa233fb1-e0b7-45cc-a5f3-a163b703299e___JR_Sept.L.S 2718.JPG,4,0.9999993,24.77366
1074,PlantVillage Internal,0,D:\Tomato_Disease_Research\plantvillage\Tomato_Septoria_leaf_spot\aae2d0b1-30cb-4ba8-a017-f9051d38192b___JR_Sept.L.S 8464.JPG,4,0.9999994,24.030155
1075,PlantVillage Internal,0,D:\Tomato_Disease_Research\plantvillage\Tomato_Septoria_leaf_spot\ac3e0cba-bf42-4cd4-84b7-4267e8d84dc8___JR_Sept.L.S 2639.JPG,4,0.9999995,24.417711
1076,PlantVillage Internal,0,D:\Tomato_Disease_Research\plantvillage\Tomato_Septoria_leaf_spot\adb55578-5e78-4544-8415-baa2960871c4___Keller.St_CG 2026.JPG,4,0.99999964,24.535707
1077,PlantVillage Internal,0,D:\Tomato_Disease_Research\plantvillage\Tomato_Septoria_leaf_spot\adf85c8b-07e2-4f8c-a04a-8a71094b97e6___Matt.S_CG 7530.JPG,4,0.9999995,24.171455
1078,PlantVillage Internal,0,D:\Tomato_Disease_Research\plantvillage\Tomato_Septoria_leaf_spot\ae6a7d48-2026-4e14-b16d-1e0302f39328___Matt.S_CG 2591.JPG,4,0.99999964,24.441168
1079,PlantVillage Internal,0,D:\Tomato_Disease_Research\plantvillage\Tomato_Septoria_leaf_spot\aed8e4ba-1ea2-4258-86d1-621bb13dd029___JR_Sept.L.S 2456.JPG,4,0.9709165,25.928423
1080,PlantVillage Internal,0,D:\Tomato_Disease_Research\plantvillage\Tomato_Septoria_leaf_spot\af9854ba-74f8-4e12-a24a-dd166484ff6b___Matt.S_CG 0696.JPG,4,0.9999994,24.382174
1081,PlantVillage Internal,0,D:\Tomato_Disease_Research\plantvillage\Tomato_Septoria_leaf_spot\b176a644-d8ac-4bdd-9d6b-e4038ce910ac___Matt.S_CG 6914.JPG,4,0.9999994,23.966179
1082,PlantVillage Internal,0,D:\Tomato_Disease_Research\plantvillage\Tomato_Septoria_leaf_spot\b20c218a-ff6c-4038-8de3-ce048468a5a8___Keller.St_CG 1905.JPG,4,0.99999976,24.57335
1083,PlantVillage Internal,0,D:\Tomato_Disease_Research\plantvillage\Tomato_Septoria_leaf_spot\b459b9c8-30e2-4a65-be28-53d80243cac2___Keller.St_CG 1797.JPG,4,0.99999917,24.320932
1084,PlantVillage Internal,0,D:\Tomato_Disease_Research\plantvillage\Tomato_Septoria_leaf_spot\b6b5c469-9b5a-4b91-ac32-c11f1a9fc8df___Matt.S_CG 2503.JPG,4,0.9999994,24.418121
1085,PlantVillage Internal,0,D:\Tomato_Disease_Research\plantvillage\Tomato_Septoria_leaf_spot\b70775c5-59bc-4204-af05-a420ef373667___JR_Sept.L.S 2693.JPG,4,0.9999993,24.303051
1086,PlantVillage Internal,0,D:\Tomato_Disease_Research\plantvillage\Tomato_Septoria_leaf_spot\b89c2f63-53ee-4454-87b0-013f0974e8c3___Matt.S_CG 6605.JPG,4,0.99777263,24.812578
1087,PlantVillage Internal,0,D:\Tomato_Disease_Research\plantvillage\Tomato_Septoria_leaf_spot\ba5de483-365d-4a7c-8340-bf3ca0923a5e___Keller.St_CG 1861.JPG,4,0.9999989,23.701986
1088,PlantVillage Internal,0,D:\Tomato_Disease_Research\plantvillage\Tomato_Septoria_leaf_spot\ba871bd3-5f16-4cf9-9dde-53a3bf47fd0a___Keller.St_CG 1957.JPG,4,0.9999995,24.342213
1089,PlantVillage Internal,0,D:\Tomato_Disease_Research\plantvillage\Tomato_Septoria_leaf_spot\badbd0d4-8e02-49bf-a042-87ae373ca66f___Matt.S_CG 6741.JPG,4,0.9999994,24.21704
1090,PlantVillage Internal,0,D:\Tomato_Disease_Research\plantvillage\Tomato_Septoria_leaf_spot\bc9fa92b-2ed1-40b2-96b6-eb15bff4c323___Matt.S_CG 1256.JPG,4,0.9999989,23.884161
1091,PlantVillage Internal,0,D:\Tomato_Disease_Research\plantvillage\Tomato_Septoria_leaf_spot\bcb7e120-e71a-4fd2-9e89-91631c0b5dcd___Keller.St_CG 2044.JPG,4,0.9999988,24.454298
1092,PlantVillage Internal,0,D:\Tomato_Disease_Research\plantvillage\Tomato_Septoria_leaf_spot\bd0d0b69-ef6e-43d9-b65c-b01e3b1f8e39___Matt.S_CG 1012.JPG,4,0.99999917,24.281473
1093,PlantVillage Internal,0,D:\Tomato_Disease_Research\plantvillage\Tomato_Septoria_leaf_spot\be2adeb7-79fb-47f0-8c49-01000fd3a450___Matt.S_CG 0680.JPG,4,0.99999976,24.617163
1094,PlantVillage Internal,0,D:\Tomato_Disease_Research\plantvillage\Tomato_Septoria_leaf_spot\bee496d7-5071-457d-ae59-4a2a3f620b2e___Matt.S_CG 6083.JPG,4,0.99999917,24.1812
1095,PlantVillage Internal,0,D:\Tomato_Disease_Research\plantvillage\Tomato_Septoria_leaf_spot\beeecf7f-1986-4254-aa64-02d0b3a95896___Matt.S_CG 7581.JPG,4,0.9999995,24.371162
1096,PlantVillage Internal,0,D:\Tomato_Disease_Research\plantvillage\Tomato_Septoria_leaf_spot\c00d1c2a-e272-49dd-b4b5-7f925712697c___Matt.S_CG 2743.JPG,4,0.99999964,24.487984
1097,PlantVillage Internal,0,D:\Tomato_Disease_Research\plantvillage\Tomato_Septoria_leaf_spot\c0c14f99-b1b9-4858-8ecd-24d0987b434d___Matt.S_CG 1234.JPG,4,0.9999988,24.30883
1098,PlantVillage Internal,0,D:\Tomato_Disease_Research\plantvillage\Tomato_Septoria_leaf_spot\c0d1a292-8b42-47b2-967e-0026af3988be___Matt.S_CG 1015.JPG,4,0.9999993,24.155201
1099,PlantVillage Internal,0,D:\Tomato_Disease_Research\plantvillage\Tomato_Septoria_leaf_spot\c1b84438-4e69-4366-b5be-ecb64351e836___JR_Sept.L.S 8441.JPG,4,0.99999917,24.140562
1100,PlantVillage Internal,0,D:\Tomato_Disease_Research\plantvillage\Tomato_Septoria_leaf_spot\c1fdb307-b716-4638-93c6-ebf8185c5414___JR_Sept.L.S 2508.JPG,4,0.9999995,24.523748
1101,PlantVillage Internal,0,D:\Tomato_Disease_Research\plantvillage\Tomato_Septoria_leaf_spot\c2f1a5c9-63f5-4e18-8b33-891145c7a2be___Matt.S_CG 7539.JPG,4,0.99999964,24.15801
1102,PlantVillage Internal,0,D:\Tomato_Disease_Research\plantvillage\Tomato_Septoria_leaf_spot\c3799da0-3ce3-4e75-9fdb-ceddfa42daad___Keller.St_CG 1781.JPG,4,0.99999964,24.499144
1103,PlantVillage Internal,0,D:\Tomato_Disease_Research\plantvillage\Tomato_Septoria_leaf_spot\c38a2c2c-8f40-4a27-83a7-c6848639fb73___Keller.St_CG 1954.JPG,4,0.99999964,24.463264
1104,PlantVillage Internal,0,D:\Tomato_Disease_Research\plantvillage\Tomato_Septoria_leaf_spot\c63e9550-1dd7-4286-ac93-d2b356018bfd___Keller.St_CG 2008.JPG,4,0.9999995,24.647644
1105,PlantVillage Internal,0,D:\Tomato_Disease_Research\plantvillage\Tomato_Septoria_leaf_spot\c6cdcab7-12bb-48e1-9434-377ef63eb24f___JR_Sept.L.S 8446.JPG,4,0.99999964,24.204924
1106,PlantVillage Internal,0,D:\Tomato_Disease_Research\plantvillage\Tomato_Septoria_leaf_spot\c74cbe7c-6d5c-4e12-84b9-0856682498da___Matt.S_CG 6850.JPG,4,0.99999976,24.648422
1107,PlantVillage Internal,0,D:\Tomato_Disease_Research\plantvillage\Tomato_Septoria_leaf_spot\c7ce1816-e41a-433b-9fd5-e933d0253d69___JR_Sept.L.S 2662.JPG,4,0.9999995,24.450724
1108,PlantVillage Internal,0,D:\Tomato_Disease_Research\plantvillage\Tomato_Septoria_leaf_spot\c9cc01b8-20f0-4556-9c62-21d2eead2ed1___JR_Sept.L.S 8423.JPG,4,0.99999976,24.199585
1109,PlantVillage Internal,0,D:\Tomato_Disease_Research\plantvillage\Tomato_Septoria_leaf_spot\ca44932f-3eb4-4a00-8cdd-33a9f715b171___JR_Sept.L.S 2710.JPG,4,0.9999995,24.512999
1110,PlantVillage Internal,0,D:\Tomato_Disease_Research\plantvillage\Tomato_Septoria_leaf_spot\ca8da8d9-ca5f-41fa-a759-c82aa369f253___Matt.S_CG 1500.JPG,4,0.99999964,24.286604
1111,PlantVillage Internal,0,D:\Tomato_Disease_Research\plantvillage\Tomato_Septoria_leaf_spot\caa74798-7dab-43f3-8ed0-f53d79cb31db___JR_Sept.L.S 8397.JPG,4,0.9092378,25.563326
1112,PlantVillage Internal,0,D:\Tomato_Disease_Research\plantvillage\Tomato_Septoria_leaf_spot\cbf33493-c9d7-486c-90c7-0e1117aec294___Matt.S_CG 7472.JPG,4,0.999998,23.712557
1113,PlantVillage Internal,0,D:\Tomato_Disease_Research\plantvillage\Tomato_Septoria_leaf_spot\cd2cd0c6-bf72-4bfb-9647-58f5358638d4___Matt.S_CG 6020.JPG,4,0.9999995,24.334124
1114,PlantVillage Internal,0,D:\Tomato_Disease_Research\plantvillage\Tomato_Septoria_leaf_spot\cda009cd-6374-4de5-af6c-de0b1bf35758___Keller.St_CG 1969.JPG,4,0.99999964,24.164055
1115,PlantVillage Internal,0,D:\Tomato_Disease_Research\plantvillage\Tomato_Septoria_leaf_spot\cded6e08-aa66-43bc-a190-3d83a229b273___Matt.S_CG 1564.JPG,4,0.99999964,24.441748
1116,PlantVillage Internal,0,D:\Tomato_Disease_Research\plantvillage\Tomato_Septoria_leaf_spot\cee2bd4d-a256-46c7-98bf-1a9a19176a4c___Matt.S_CG 7749.JPG,4,0.9999995,24.421764
1117,PlantVillage Internal,0,D:\Tomato_Disease_Research\plantvillage\Tomato_Septoria_leaf_spot\cfc1a407-d586-4756-8c06-a03e354f99c4___Matt.S_CG 0804.JPG,4,0.99999917,24.283575
1118,PlantVillage Internal,0,D:\Tomato_Disease_Research\plantvillage\Tomato_Septoria_leaf_spot\d2855259-5c5b-42b9-9357-67ac58d21d44___Matt.S_CG 7614.JPG,4,0.9999995,24.221144
1119,PlantVillage Internal,0,D:\Tomato_Disease_Research\plantvillage\Tomato_Septoria_leaf_spot\d42bee1e-15b3-4351-a2cb-1e062359e011___Keller.St_CG 1849.JPG,4,0.99999964,24.38507
1120,PlantVillage Internal,0,D:\Tomato_Disease_Research\plantvillage\Tomato_Septoria_leaf_spot\d535908b-c781-41c5-9afc-b7aa0358d466___JR_Sept.L.S 8389.JPG,4,0.9999994,24.024483
1121,PlantVillage Internal,0,D:\Tomato_Disease_Research\plantvillage\Tomato_Septoria_leaf_spot\d5374042-be67-428a-9ba3-ce2399f8b9d4___JR_Sept.L.S 2533.JPG,4,0.99999964,24.588676
1122,PlantVillage Internal,0,D:\Tomato_Disease_Research\plantvillage\Tomato_Septoria_leaf_spot\d5aea5fd-511a-4b5a-92d5-b4063c2c9615___Matt.S_CG 0669.JPG,4,0.9999995,24.445375
1123,PlantVillage Internal,0,D:\Tomato_Disease_Research\plantvillage\Tomato_Septoria_leaf_spot\d5daea6b-a0cf-4a40-9cef-3cb43c63f6a9___Matt.S_CG 7776.JPG,4,0.9999994,24.223394
1124,PlantVillage Internal,0,D:\Tomato_Disease_Research\plantvillage\Tomato_Septoria_leaf_spot\d5e0bb6d-149c-4750-b7ed-8d92cd419720___Matt.S_CG 7688.JPG,4,0.9999994,24.15201
1125,PlantVillage Internal,0,D:\Tomato_Disease_Research\plantvillage\Tomato_Septoria_leaf_spot\d67b224c-b089-430d-b185-dfae7b7a5a9e___Keller.St_CG 1950.JPG,4,0.9999995,24.19488
1126,PlantVillage Internal,0,D:\Tomato_Disease_Research\plantvillage\Tomato_Septoria_leaf_spot\d7faf499-18df-4481-8d07-3d7168c83022___Matt.S_CG 7785.JPG,4,0.9999993,23.95069
1127,PlantVillage Internal,0,D:\Tomato_Disease_Research\plantvillage\Tomato_Septoria_leaf_spot\d960a283-31c7-48d2-8147-8d5247829a33___Matt.S_CG 1669.JPG,4,0.99999917,24.134394
1128,PlantVillage Internal,0,D:\Tomato_Disease_Research\plantvillage\Tomato_Septoria_leaf_spot\d96cbe0b-3d16-4e41-903a-5bb493052682___Matt.S_CG 6166.JPG,4,0.99999917,24.14434
1129,PlantVillage Internal,0,D:\Tomato_Disease_Research\plantvillage\Tomato_Septoria_leaf_spot\da4d940c-2a77-481b-8693-167632534fc8___Matt.S_CG 0858.JPG,4,0.9999989,24.074804
1130,PlantVillage Internal,0,D:\Tomato_Disease_Research\plantvillage\Tomato_Septoria_leaf_spot\da74ea57-f6f1-4adb-8bcd-1a72c3f91bcf___Matt.S_CG 0920.JPG,4,0.9999995,24.177443
1131,PlantVillage Internal,0,D:\Tomato_Disease_Research\plantvillage\Tomato_Septoria_leaf_spot\db3eb90c-cdbe-42d5-8822-5ed9cbda10fa___Matt.S_CG 1455.JPG,4,0.99999964,24.443876
1132,PlantVillage Internal,0,D:\Tomato_Disease_Research\plantvillage\Tomato_Septoria_leaf_spot\dc98cddf-6178-4199-8e81-d5e3987f67b6___Matt.S_CG 6335.JPG,4,0.99999917,24.229006
1133,PlantVillage Internal,0,D:\Tomato_Disease_Research\plantvillage\Tomato_Septoria_leaf_spot\dd73a3ba-e442-467d-9a20-16e77429efc7___JR_Sept.L.S 2703.JPG,4,0.9999995,24.563593
1134,PlantVillage Internal,0,D:\Tomato_Disease_Research\plantvillage\Tomato_Septoria_leaf_spot\ddfdde4a-c701-4b73-9eb2-839e3e7e6cb1___JR_Sept.L.S 2500.JPG,4,0.99999976,24.5155
1135,PlantVillage Internal,0,D:\Tomato_Disease_Research\plantvillage\Tomato_Septoria_leaf_spot\de5db2f2-c55f-4f1f-9d7e-2c9bf41b1abb___Matt.S_CG 0782.JPG,4,0.9999989,24.025736
1136,PlantVillage Internal,0,D:\Tomato_Disease_Research\plantvillage\Tomato_Septoria_leaf_spot\e09ba1ab-7952-4b09-a886-0025c4536d7c___Keller.St_CG 1936.JPG,4,0.99999964,24.408936
1137,PlantVillage Internal,0,D:\Tomato_Disease_Research\plantvillage\Tomato_Septoria_leaf_spot\e26e353d-f3fa-4e2a-912e-8caabba7f900___Matt.S_CG 0744.JPG,4,0.99999917,24.093063
1138,PlantVillage Internal,0,D:\Tomato_Disease_Research\plantvillage\Tomato_Septoria_leaf_spot\e38651f1-8c9d-41bf-85b8-439272ee46ab___Matt.S_CG 1393.JPG,4,0.99999964,24.512678
1139,PlantVillage Internal,0,D:\Tomato_Disease_Research\plantvillage\Tomato_Septoria_leaf_spot\e3e93337-16ba-48d2-b748-ff4a76777cc0___Matt.S_CG 6064.JPG,4,0.9999995,24.458923
1140,PlantVillage Internal,0,D:\Tomato_Disease_Research\plantvillage\Tomato_Septoria_leaf_spot\e479d798-59a4-4ee7-ac68-730316ec65c1___Keller.St_CG 1776.JPG,4,0.99999964,24.51167
1141,PlantVillage Internal,0,D:\Tomato_Disease_Research\plantvillage\Tomato_Septoria_leaf_spot\ea5c98f5-2df4-4018-a538-cefa58bec252___Keller.St_CG 1819.JPG,4,0.9999995,24.540787
1142,PlantVillage Internal,0,D:\Tomato_Disease_Research\plantvillage\Tomato_Septoria_leaf_spot\eb26346a-ab63-4741-aad4-c84c36d17d5e___JR_Sept.L.S 8440.JPG,4,0.9999995,24.083263
1143,PlantVillage Internal,0,D:\Tomato_Disease_Research\plantvillage\Tomato_Septoria_leaf_spot\eb6133d1-f0d9-4529-8949-c60b1deb5585___JR_Sept.L.S 8396.JPG,4,0.999997,24.531763
1144,PlantVillage Internal,0,D:\Tomato_Disease_Research\plantvillage\Tomato_Septoria_leaf_spot\ebd34116-314f-43f8-a146-6eb1777a44e6___Matt.S_CG 2543.JPG,4,0.9999995,24.211882
1145,PlantVillage Internal,0,D:\Tomato_Disease_Research\plantvillage\Tomato_Septoria_leaf_spot\ee87e5d3-617f-4530-98ec-18a8ed9ee425___Keller.St_CG 1998.JPG,4,0.99999976,24.581118
1146,PlantVillage Internal,0,D:\Tomato_Disease_Research\plantvillage\Tomato_Septoria_leaf_spot\eee7ded5-b391-41df-b31d-71e663d03cb9___JR_Sept.L.S 2622.JPG,4,0.99999976,24.547672
1147,PlantVillage Internal,0,D:\Tomato_Disease_Research\plantvillage\Tomato_Septoria_leaf_spot\ef3dc681-0b48-4453-aa1f-1f898b86df8c___Keller.St_CG 1958.JPG,4,0.9999994,24.364578
1148,PlantVillage Internal,0,D:\Tomato_Disease_Research\plantvillage\Tomato_Septoria_leaf_spot\f1c96393-8760-48a8-a8ba-1fa6e417433c___Keller.St_CG 1921.JPG,4,0.99999976,24.403917
1149,PlantVillage Internal,0,D:\Tomato_Disease_Research\plantvillage\Tomato_Septoria_leaf_spot\f25949bd-2509-489a-922d-e3cba060b02d___Matt.S_CG 6438.JPG,4,0.9999989,24.24619
1150,PlantVillage Internal,0,D:\Tomato_Disease_Research\plantvillage\Tomato_Septoria_leaf_spot\f313bc43-c255-4921-acf9-335322107c45___Keller.St_CG 1864.JPG,4,0.9999995,24.163965
1151,PlantVillage Internal,0,D:\Tomato_Disease_Research\plantvillage\Tomato_Septoria_leaf_spot\f533a72b-0110-4520-9a41-cb6ea1419f5e___Keller.St_CG 1881.JPG,4,0.99999964,24.406494
1152,PlantVillage Internal,0,D:\Tomato_Disease_Research\plantvillage\Tomato_Septoria_leaf_spot\f692e788-e802-4065-af42-4b3a62e50fce___Matt.S_CG 2426.JPG,4,0.99999964,24.625055
1153,PlantVillage Internal,0,D:\Tomato_Disease_Research\plantvillage\Tomato_Septoria_leaf_spot\f7c80186-a4f8-4c18-af38-106b81f23bbd___Matt.S_CG 7658.JPG,4,0.99999964,24.417034
1154,PlantVillage Internal,0,D:\Tomato_Disease_Research\plantvillage\Tomato_Septoria_leaf_spot\f848dd07-4247-4135-a442-91dde43ae49c___Keller.St_CG 2022.JPG,4,0.99999964,24.421707
1155,PlantVillage Internal,0,D:\Tomato_Disease_Research\plantvillage\Tomato_Septoria_leaf_spot\f89c062b-b2ea-4bfc-846f-dc0096b72822___Matt.S_CG 7537.JPG,4,0.9999995,24.320557
1156,PlantVillage Internal,0,D:\Tomato_Disease_Research\plantvillage\Tomato_Septoria_leaf_spot\f908f130-1a88-49da-9f6a-0cb7312da739___JR_Sept.L.S 2460.JPG,4,0.99999964,24.707214
1157,PlantVillage Internal,0,D:\Tomato_Disease_Research\plantvillage\Tomato_Septoria_leaf_spot\fac48215-87c9-4e61-a64e-e6dd868ebc19___Matt.S_CG 7714.JPG,4,0.99999666,23.216743
1158,PlantVillage Internal,0,D:\Tomato_Disease_Research\plantvillage\Tomato_Septoria_leaf_spot\fbbb5586-8b52-4701-9655-3748510df6f8___JR_Sept.L.S 2534.JPG,4,0.9999993,24.51243
1159,PlantVillage Internal,0,D:\Tomato_Disease_Research\plantvillage\Tomato_Septoria_leaf_spot\fd042aff-4c10-4a6d-880f-cef50afd03b6___Keller.St_CG 1970.JPG,4,0.99999964,24.3961
1160,PlantVillage Internal,0,D:\Tomato_Disease_Research\plantvillage\Tomato_Septoria_leaf_spot\fd30e236-3bab-4e92-a345-faccaa5d1089___Matt.S_CG 1547.JPG,4,0.9999994,23.877466
1161,PlantVillage Internal,0,D:\Tomato_Disease_Research\plantvillage\Tomato_Septoria_leaf_spot\ff38c095-8835-41e6-871d-dd81861f5292___JR_Sept.L.S 2557.JPG,4,0.9999989,24.241697
1162,PlantVillage Internal,0,D:\Tomato_Disease_Research\plantvillage\Tomato_Septoria_leaf_spot\ffd3c6f3-17d3-45f1-a599-2623e111ec71___Matt.S_CG 6493.JPG,4,0.9999995,24.31559
1163,PlantVillage Internal,0,D:\Tomato_Disease_Research\plantvillage\Tomato_Spider_mites_Two_spotted_spider_mite\00fa99e8-2605-4d72-be69-98277587d84b___Com.G_SpM_FL 1453.JPG,5,0.9999993,25.08264
1164,PlantVillage Internal,0,D:\Tomato_Disease_Research\plantvillage\Tomato_Spider_mites_Two_spotted_spider_mite\0211efc9-5409-43a7-a46b-a87d46f23fc3___Com.G_SpM_FL 9646.JPG,5,0.99999917,26.232077
1165,PlantVillage Internal,0,D:\Tomato_Disease_Research\plantvillage\Tomato_Spider_mites_Two_spotted_spider_mite\0247236f-c1ae-4b3f-92b3-9077fe5cb3c3___Com.G_SpM_FL 8505.JPG,5,0.9999995,25.266598
1166,PlantVillage Internal,0,D:\Tomato_Disease_Research\plantvillage\Tomato_Spider_mites_Two_spotted_spider_mite\02c791ab-ffc3-40d4-9b42-db946eee2413___Com.G_SpM_FL 1640.JPG,5,0.99999905,25.505238
1167,PlantVillage Internal,0,D:\Tomato_Disease_Research\plantvillage\Tomato_Spider_mites_Two_spotted_spider_mite\03882a7e-b80a-4c12-b4bb-5d03c88a8c4b___Com.G_SpM_FL 8730.JPG,5,0.9999993,24.94617
1168,PlantVillage Internal,0,D:\Tomato_Disease_Research\plantvillage\Tomato_Spider_mites_Two_spotted_spider_mite\04a5f541-9202-4475-b5a0-01c14543f211___Com.G_SpM_FL 8534.JPG,5,0.99999976,25.993124
1169,PlantVillage Internal,0,D:\Tomato_Disease_Research\plantvillage\Tomato_Spider_mites_Two_spotted_spider_mite\053c2c95-1110-4d4e-98d1-e189858deb3f___Com.G_SpM_FL 8449.JPG,5,0.9999993,24.803732
1170,PlantVillage Internal,0,D:\Tomato_Disease_Research\plantvillage\Tomato_Spider_mites_Two_spotted_spider_mite\057ecdbe-a9f1-47ff-8c5e-17ae92ff5670___Com.G_SpM_FL 8427.JPG,5,0.9999994,25.213558
1171,PlantVillage Internal,0,D:\Tomato_Disease_Research\plantvillage\Tomato_Spider_mites_Two_spotted_spider_mite\072a0bb6-de84-4200-8393-9e5b28868a23___Com.G_SpM_FL 1412.JPG,5,0.9999994,25.386436
1172,PlantVillage Internal,0,D:\Tomato_Disease_Research\plantvillage\Tomato_Spider_mites_Two_spotted_spider_mite\08672d79-7f11-4900-9e12-aad35778f463___Com.G_SpM_FL 8753.JPG,5,0.99999845,24.486324
1173,PlantVillage Internal,0,D:\Tomato_Disease_Research\plantvillage\Tomato_Spider_mites_Two_spotted_spider_mite\08f0fd0e-d4b1-400d-9df1-2d61d24c95f0___Com.G_SpM_FL 9397.JPG,5,0.9999863,26.320154
1174,PlantVillage Internal,0,D:\Tomato_Disease_Research\plantvillage\Tomato_Spider_mites_Two_spotted_spider_mite\0b17e71c-fee6-4b5e-9a7d-8ba44d29215f___Com.G_SpM_FL 8549.JPG,5,0.99999857,24.890835
1175,PlantVillage Internal,0,D:\Tomato_Disease_Research\plantvillage\Tomato_Spider_mites_Two_spotted_spider_mite\0bc5e91c-637e-4a44-a44d-3ee6c941bb96___Com.G_SpM_FL 1592.JPG,5,0.99999917,24.84743
1176,PlantVillage Internal,0,D:\Tomato_Disease_Research\plantvillage\Tomato_Spider_mites_Two_spotted_spider_mite\0c2e84df-4d41-46f6-9cf9-05aea349ce18___Com.G_SpM_FL 1142.JPG,5,0.9999994,25.848747
1177,PlantVillage Internal,0,D:\Tomato_Disease_Research\plantvillage\Tomato_Spider_mites_Two_spotted_spider_mite\0d831ad9-bc2a-4168-bbf2-6030f3f886f2___Com.G_SpM_FL 9419.JPG,5,0.9999988,25.986427
1178,PlantVillage Internal,0,D:\Tomato_Disease_Research\plantvillage\Tomato_Spider_mites_Two_spotted_spider_mite\0e0d9560-41ee-45cf-8bea-8cddfdc04979___Com.G_SpM_FL 1159.JPG,5,0.9999994,25.606478
1179,PlantVillage Internal,0,D:\Tomato_Disease_Research\plantvillage\Tomato_Spider_mites_Two_spotted_spider_mite\0e20026b-8b12-4c86-bd41-3e10ea0fae44___Com.G_SpM_FL 1668.JPG,5,0.9999902,24.957928
1180,PlantVillage Internal,0,D:\Tomato_Disease_Research\plantvillage\Tomato_Spider_mites_Two_spotted_spider_mite\0f514b75-2c74-4075-b9c7-5d469ab292ba___Com.G_SpM_FL 1205.JPG,5,0.9999995,25.551962
1181,PlantVillage Internal,0,D:\Tomato_Disease_Research\plantvillage\Tomato_Spider_mites_Two_spotted_spider_mite\1001f133-ff3e-48de-b288-5a3802d9f3e1___Com.G_SpM_FL 8621.JPG,5,0.9999982,24.69822
1182,PlantVillage Internal,0,D:\Tomato_Disease_Research\plantvillage\Tomato_Spider_mites_Two_spotted_spider_mite\105833d3-690a-44fa-abd7-0a8c6245f7b0___Com.G_SpM_FL 1277.JPG,5,0.9999993,25.161306
1183,PlantVillage Internal,0,D:\Tomato_Disease_Research\plantvillage\Tomato_Spider_mites_Two_spotted_spider_mite\127da090-f2c3-4634-a798-58aeef092d77___Com.G_SpM_FL 1218.JPG,5,0.99999964,26.496054
1184,PlantVillage Internal,0,D:\Tomato_Disease_Research\plantvillage\Tomato_Spider_mites_Two_spotted_spider_mite\14c0db1b-b549-4b15-82ae-9f88fe857365___Com.G_SpM_FL 9650.JPG,5,0.9999995,26.262287
1185,PlantVillage Internal,0,D:\Tomato_Disease_Research\plantvillage\Tomato_Spider_mites_Two_spotted_spider_mite\159ef3ee-ef23-4df6-b3bc-a7a8bc01aaa0___Com.G_SpM_FL 8921.JPG,5,0.99999917,24.827072
1186,PlantVillage Internal,0,D:\Tomato_Disease_Research\plantvillage\Tomato_Spider_mites_Two_spotted_spider_mite\16826b8c-034f-4db2-bd96-db82b5b26c67___Com.G_SpM_FL 1551.JPG,5,0.9999994,25.465416
1187,PlantVillage Internal,0,D:\Tomato_Disease_Research\plantvillage\Tomato_Spider_mites_Two_spotted_spider_mite\16ce6128-f485-4bbf-9cf5-8cab2e872dbe___Com.G_SpM_FL 9342.JPG,5,0.9999995,25.874733
1188,PlantVillage Internal,0,D:\Tomato_Disease_Research\plantvillage\Tomato_Spider_mites_Two_spotted_spider_mite\1744606c-1817-494d-bb7c-6ea74c9f07ec___Com.G_SpM_FL 8770.JPG,5,0.99999917,25.058767
1189,PlantVillage Internal,0,D:\Tomato_Disease_Research\plantvillage\Tomato_Spider_mites_Two_spotted_spider_mite\1747e771-a2c7-43e0-a158-02a78ec13d74___Com.G_SpM_FL 9625.JPG,5,0.9999994,26.47691
1190,PlantVillage Internal,0,D:\Tomato_Disease_Research\plantvillage\Tomato_Spider_mites_Two_spotted_spider_mite\1767a6b2-2764-49a1-b774-3c411337bb63___Com.G_SpM_FL 1201.JPG,5,0.9999995,25.647121
1191,PlantVillage Internal,0,D:\Tomato_Disease_Research\plantvillage\Tomato_Spider_mites_Two_spotted_spider_mite\187be065-ec6f-4e93-a647-e7385dca9272___Com.G_SpM_FL 9305.JPG,5,0.9999995,25.678045
1192,PlantVillage Internal,0,D:\Tomato_Disease_Research\plantvillage\Tomato_Spider_mites_Two_spotted_spider_mite\1948cb2f-39fc-44f4-ab8c-00aa77fbe07f___Com.G_SpM_FL 8674.JPG,5,0.9999995,25.2714
1193,PlantVillage Internal,0,D:\Tomato_Disease_Research\plantvillage\Tomato_Spider_mites_Two_spotted_spider_mite\1954b3c0-6f93-40ee-9618-4efafe5d7b87___Com.G_SpM_FL 8961.JPG,5,0.99999905,24.639324
1194,PlantVillage Internal,0,D:\Tomato_Disease_Research\plantvillage\Tomato_Spider_mites_Two_spotted_spider_mite\1b184d8e-69bf-4af8-bdb5-22f477d587c0___Com.G_SpM_FL 8993.JPG,5,0.99999917,24.800484
1195,PlantVillage Internal,0,D:\Tomato_Disease_Research\plantvillage\Tomato_Spider_mites_Two_spotted_spider_mite\1b9607e3-1eec-4a0f-876b-f7923515b7e6___Com.G_SpM_FL 9288.JPG,5,0.9999995,25.332579
1196,PlantVillage Internal,0,D:\Tomato_Disease_Research\plantvillage\Tomato_Spider_mites_Two_spotted_spider_mite\1d7350c2-9ca5-42c8-89bd-6c6f94dd6459___Com.G_SpM_FL 8803.JPG,5,0.9999993,24.970016
1197,PlantVillage Internal,0,D:\Tomato_Disease_Research\plantvillage\Tomato_Spider_mites_Two_spotted_spider_mite\1d7bff81-b441-4f32-8cc0-85dd50b79cf3___Com.G_SpM_FL 1443.JPG,5,0.9999995,25.183184
1198,PlantVillage Internal,0,D:\Tomato_Disease_Research\plantvillage\Tomato_Spider_mites_Two_spotted_spider_mite\1e06dafa-f977-4354-992e-3271f34a2344___Com.G_SpM_FL 9601.JPG,5,0.9999993,25.241552
1199,PlantVillage Internal,0,D:\Tomato_Disease_Research\plantvillage\Tomato_Spider_mites_Two_spotted_spider_mite\207097b4-b76a-41dc-b80f-db4f2c9f2616___Com.G_SpM_FL 1408.JPG,5,0.99999964,25.636822
1200,PlantVillage Internal,0,D:\Tomato_Disease_Research\plantvillage\Tomato_Spider_mites_Two_spotted_spider_mite\20f78207-e650-4e62-8648-f660f5f1eea9___Com.G_SpM_FL 9340.JPG,5,0.9999995,25.825745
1201,PlantVillage Internal,0,D:\Tomato_Disease_Research\plantvillage\Tomato_Spider_mites_Two_spotted_spider_mite\22b23f84-bbc6-4089-8b83-02d62411f525___Com.G_SpM_FL 8600.JPG,5,0.9999993,24.89187
1202,PlantVillage Internal,0,D:\Tomato_Disease_Research\plantvillage\Tomato_Spider_mites_Two_spotted_spider_mite\2323078c-6ad7-4135-8310-e4bc33be299d___Com.G_SpM_FL 9647.JPG,5,0.9999994,25.85751
1203,PlantVillage Internal,0,D:\Tomato_Disease_Research\plantvillage\Tomato_Spider_mites_Two_spotted_spider_mite\2451545c-3a36-49ad-ad97-b81008d9e198___Com.G_SpM_FL 1654.JPG,5,0.9999995,25.389565
1204,PlantVillage Internal,0,D:\Tomato_Disease_Research\plantvillage\Tomato_Spider_mites_Two_spotted_spider_mite\25025d43-973f-4f07-8a3f-0457749ea4e6___Com.G_SpM_FL 9642.JPG,5,0.99999905,25.600433
1205,PlantVillage Internal,0,D:\Tomato_Disease_Research\plantvillage\Tomato_Spider_mites_Two_spotted_spider_mite\273ebba7-4f24-41a2-a825-a997dd6cea5f___Com.G_SpM_FL 1521.JPG,5,0.99999905,24.912426
1206,PlantVillage Internal,0,D:\Tomato_Disease_Research\plantvillage\Tomato_Spider_mites_Two_spotted_spider_mite\28bf7171-b342-4e85-95f9-bef10104b93e___Com.G_SpM_FL 1652.JPG,5,0.9999994,25.297665
1207,PlantVillage Internal,0,D:\Tomato_Disease_Research\plantvillage\Tomato_Spider_mites_Two_spotted_spider_mite\28dbca1c-1fc6-4d8f-a1b9-c81314280954___Com.G_SpM_FL 1249.JPG,5,0.9999995,25.568295
1208,PlantVillage Internal,0,D:\Tomato_Disease_Research\plantvillage\Tomato_Spider_mites_Two_spotted_spider_mite\29be21be-a2ed-4ffd-b76a-7c078a9fc017___Com.G_SpM_FL 1446.JPG,5,0.9999995,25.445501
1209,PlantVillage Internal,0,D:\Tomato_Disease_Research\plantvillage\Tomato_Spider_mites_Two_spotted_spider_mite\2a70c9e6-2c2f-4355-94fb-02afc8141be5___Com.G_SpM_FL 8877.JPG,5,0.99999905,24.855673
1210,PlantVillage Internal,0,D:\Tomato_Disease_Research\plantvillage\Tomato_Spider_mites_Two_spotted_spider_mite\2c2f7f98-8c5b-4981-bb74-f827c5f963fe___Com.G_SpM_FL 8734.JPG,5,0.9999994,25.091406
1211,PlantVillage Internal,0,D:\Tomato_Disease_Research\plantvillage\Tomato_Spider_mites_Two_spotted_spider_mite\2c3edf31-5e58-4122-a909-be004063db57___Com.G_SpM_FL 8839.JPG,5,0.9999994,24.74961
1212,PlantVillage Internal,0,D:\Tomato_Disease_Research\plantvillage\Tomato_Spider_mites_Two_spotted_spider_mite\2ec0c679-521d-455f-8741-067470353fe3___Com.G_SpM_FL 8795.JPG,5,0.9999993,24.660812
1213,PlantVillage Internal,0,D:\Tomato_Disease_Research\plantvillage\Tomato_Spider_mites_Two_spotted_spider_mite\3181e984-bdb0-403d-9f58-a259535cb4d4___Com.G_SpM_FL 1405.JPG,5,0.9999994,25.227041
1214,PlantVillage Internal,0,D:\Tomato_Disease_Research\plantvillage\Tomato_Spider_mites_Two_spotted_spider_mite\333f0683-d52f-4bb8-a7ec-1c0f07164684___Com.G_SpM_FL 1147.JPG,5,0.99999964,25.916748
1215,PlantVillage Internal,0,D:\Tomato_Disease_Research\plantvillage\Tomato_Spider_mites_Two_spotted_spider_mite\33f539bd-6537-4a8f-93da-8988cb092c56___Com.G_SpM_FL 1258.JPG,5,0.99999905,25.463087
1216,PlantVillage Internal,0,D:\Tomato_Disease_Research\plantvillage\Tomato_Spider_mites_Two_spotted_spider_mite\34eec178-d8fe-4a7b-a1d0-c0b107a35964___Com.G_SpM_FL 9502.JPG,5,0.9999995,26.547033
1217,PlantVillage Internal,0,D:\Tomato_Disease_Research\plantvillage\Tomato_Spider_mites_Two_spotted_spider_mite\3621f0bd-8e40-4b1b-a6d4-23651e3b2dc2___Com.G_SpM_FL 8696.JPG,5,0.9999993,24.935606
1218,PlantVillage Internal,0,D:\Tomato_Disease_Research\plantvillage\Tomato_Spider_mites_Two_spotted_spider_mite\36bc7e45-53e7-4f51-8135-731b80eaf80b___Com.G_SpM_FL 8918.JPG,5,0.99999905,24.87648
1219,PlantVillage Internal,0,D:\Tomato_Disease_Research\plantvillage\Tomato_Spider_mites_Two_spotted_spider_mite\36c530f3-b5e1-414b-ab82-198e8d66ebab___Com.G_SpM_FL 8460.JPG,5,0.9999994,25.58047
1220,PlantVillage Internal,0,D:\Tomato_Disease_Research\plantvillage\Tomato_Spider_mites_Two_spotted_spider_mite\38f3dbaa-0878-434a-ac6c-d558f6bb91a8___Com.G_SpM_FL 1206.JPG,5,0.9999995,25.918695
1221,PlantVillage Internal,0,D:\Tomato_Disease_Research\plantvillage\Tomato_Spider_mites_Two_spotted_spider_mite\3a2b3d76-060b-41c2-b6e5-44149f209b73___Com.G_SpM_FL 1321.JPG,5,0.9999994,25.489672
1222,PlantVillage Internal,0,D:\Tomato_Disease_Research\plantvillage\Tomato_Spider_mites_Two_spotted_spider_mite\3b90769e-82f9-4b5f-93dd-6c2666f3c952___Com.G_SpM_FL 8924.JPG,5,0.99999917,24.885504
1223,PlantVillage Internal,0,D:\Tomato_Disease_Research\plantvillage\Tomato_Spider_mites_Two_spotted_spider_mite\3dcda958-8c55-4ef5-a7fa-f166bb69ad38___Com.G_SpM_FL 8582.JPG,5,0.9999993,25.023853
1224,PlantVillage Internal,0,D:\Tomato_Disease_Research\plantvillage\Tomato_Spider_mites_Two_spotted_spider_mite\3e8c5090-c278-4726-80db-a1d21e6c7e06___Com.G_SpM_FL 8719.JPG,5,0.9999988,24.65265
1225,PlantVillage Internal,0,D:\Tomato_Disease_Research\plantvillage\Tomato_Spider_mites_Two_spotted_spider_mite\3f364683-faa4-490f-b512-1f78010fcbe8___Com.G_SpM_FL 1164.JPG,5,0.9999994,25.396095
1226,PlantVillage Internal,0,D:\Tomato_Disease_Research\plantvillage\Tomato_Spider_mites_Two_spotted_spider_mite\3f3b3e8c-9b45-4f68-ae3c-a3b3a12f69a1___Com.G_SpM_FL 1679.JPG,5,0.9999995,25.591581
1227,PlantVillage Internal,0,D:\Tomato_Disease_Research\plantvillage\Tomato_Spider_mites_Two_spotted_spider_mite\3ff572ac-0f2f-494a-9c64-99ae63d318ef___Com.G_SpM_FL 1242.JPG,5,0.99999964,25.640518
1228,PlantVillage Internal,0,D:\Tomato_Disease_Research\plantvillage\Tomato_Spider_mites_Two_spotted_spider_mite\410683ba-d91f-4494-b19c-1a39f142e54b___Com.G_SpM_FL 8556.JPG,5,0.9999993,25.013317
1229,PlantVillage Internal,0,D:\Tomato_Disease_Research\plantvillage\Tomato_Spider_mites_Two_spotted_spider_mite\418da11b-7ab4-404a-8179-555235e3f283___Com.G_SpM_FL 1514.JPG,5,0.9999994,25.472885
1230,PlantVillage Internal,0,D:\Tomato_Disease_Research\plantvillage\Tomato_Spider_mites_Two_spotted_spider_mite\41f98f75-b866-4393-8b0b-f72c008fe250___Com.G_SpM_FL 8468.JPG,5,0.9999993,24.809431
1231,PlantVillage Internal,0,D:\Tomato_Disease_Research\plantvillage\Tomato_Spider_mites_Two_spotted_spider_mite\4208e77f-2ca2-4a3f-ab56-89e2d4a1fb59___Com.G_SpM_FL 1745.JPG,5,0.9999993,25.228386
1232,PlantVillage Internal,0,D:\Tomato_Disease_Research\plantvillage\Tomato_Spider_mites_Two_spotted_spider_mite\42338037-ae62-45f9-a040-ea9e900272a9___Com.G_SpM_FL 8464.JPG,5,0.9999994,26.092077
1233,PlantVillage Internal,0,D:\Tomato_Disease_Research\plantvillage\Tomato_Spider_mites_Two_spotted_spider_mite\42aab48c-ad58-42b6-adaa-2dc72364288a___Com.G_SpM_FL 1222.JPG,5,0.9999989,25.71909
1234,PlantVillage Internal,0,D:\Tomato_Disease_Research\plantvillage\Tomato_Spider_mites_Two_spotted_spider_mite\44051fdf-8fde-4c5a-8580-119c129b45b1___Com.G_SpM_FL 8945.JPG,5,0.99999917,24.750221
1235,PlantVillage Internal,0,D:\Tomato_Disease_Research\plantvillage\Tomato_Spider_mites_Two_spotted_spider_mite\44276721-fa2c-44b1-a44c-bbe408bd129e___Com.G_SpM_FL 8496.JPG,5,0.9999994,25.129055
1236,PlantVillage Internal,0,D:\Tomato_Disease_Research\plantvillage\Tomato_Spider_mites_Two_spotted_spider_mite\447b1188-b4f6-4bc6-9d93-ab730340e2d2___Com.G_SpM_FL 1693.JPG,5,0.9999995,25.532871
1237,PlantVillage Internal,0,D:\Tomato_Disease_Research\plantvillage\Tomato_Spider_mites_Two_spotted_spider_mite\44dce7b4-5da6-4f1f-8e5d-9e3e5df7b1af___Com.G_SpM_FL 1687.JPG,5,0.9999995,25.402708
1238,PlantVillage Internal,0,D:\Tomato_Disease_Research\plantvillage\Tomato_Spider_mites_Two_spotted_spider_mite\45248234-50eb-465e-a7e1-7b80140db3d3___Com.G_SpM_FL 9509.JPG,5,0.9999994,25.56344
1239,PlantVillage Internal,0,D:\Tomato_Disease_Research\plantvillage\Tomato_Spider_mites_Two_spotted_spider_mite\45973ec2-c906-4cc3-8b38-59a4ae2fb381___Com.G_SpM_FL 8653.JPG,5,0.99999905,25.18364
1240,PlantVillage Internal,0,D:\Tomato_Disease_Research\plantvillage\Tomato_Spider_mites_Two_spotted_spider_mite\45ff7721-483b-4737-9645-db7bc14f451f___Com.G_SpM_FL 1190.JPG,5,0.9999995,25.616846
1241,PlantVillage Internal,0,D:\Tomato_Disease_Research\plantvillage\Tomato_Spider_mites_Two_spotted_spider_mite\46cc7a8f-9849-43c1-86f4-8edd643629a5___Com.G_SpM_FL 8928.JPG,5,0.99999905,24.644865
1242,PlantVillage Internal,0,D:\Tomato_Disease_Research\plantvillage\Tomato_Spider_mites_Two_spotted_spider_mite\46e61286-24ed-4992-8d88-83ec62602374___Com.G_SpM_FL 1733.JPG,5,0.9999995,25.173798
1243,PlantVillage Internal,0,D:\Tomato_Disease_Research\plantvillage\Tomato_Spider_mites_Two_spotted_spider_mite\476ed525-ff16-4980-88e0-eb39f0fd4670___Com.G_SpM_FL 9593.JPG,5,0.9999995,25.801682
1244,PlantVillage Internal,0,D:\Tomato_Disease_Research\plantvillage\Tomato_Spider_mites_Two_spotted_spider_mite\4795bf1b-66bd-43ce-9a81-a8b391cf157a___Com.G_SpM_FL 1421.JPG,5,0.9999994,25.216543
1245,PlantVillage Internal,0,D:\Tomato_Disease_Research\plantvillage\Tomato_Spider_mites_Two_spotted_spider_mite\49d75a64-a635-4ad0-bb8d-09678e63fd02___Com.G_SpM_FL 1736.JPG,5,0.99999964,25.477385
1246,PlantVillage Internal,0,D:\Tomato_Disease_Research\plantvillage\Tomato_Spider_mites_Two_spotted_spider_mite\4c2524a6-1d2b-4a5a-b3f6-3e3b1dc587e9___Com.G_SpM_FL 8521.JPG,5,0.99999857,25.007383
1247,PlantVillage Internal,0,D:\Tomato_Disease_Research\plantvillage\Tomato_Spider_mites_Two_spotted_spider_mite\4cf2d9a3-ae18-426a-a455-526aed2167a0___Com.G_SpM_FL 1260.JPG,5,0.99999666,25.093037
1248,PlantVillage Internal,0,D:\Tomato_Disease_Research\plantvillage\Tomato_Spider_mites_Two_spotted_spider_mite\4d6d5c99-09de-4dea-a9af-802ce6a095b8___Com.G_SpM_FL 9649.JPG,5,0.9999994,25.987402
1249,PlantVillage Internal,0,D:\Tomato_Disease_Research\plantvillage\Tomato_Spider_mites_Two_spotted_spider_mite\4db4942d-464a-462e-ba03-306587f0275f___Com.G_SpM_FL 9585.JPG,5,0.9999995,25.991402
1250,PlantVillage Internal,0,D:\Tomato_Disease_Research\plantvillage\Tomato_Spider_mites_Two_spotted_spider_mite\4eb820b8-435d-45c4-a23b-29a375d58bea___Com.G_SpM_FL 8971.JPG,5,0.99999785,24.597553
1251,PlantVillage Internal,0,D:\Tomato_Disease_Research\plantvillage\Tomato_Spider_mites_Two_spotted_spider_mite\4f267ed7-b6f7-48f0-9741-8660f78c4507___Com.G_SpM_FL 9421.JPG,5,0.99999905,25.803808
1252,PlantVillage Internal,0,D:\Tomato_Disease_Research\plantvillage\Tomato_Spider_mites_Two_spotted_spider_mite\4f2684bf-6392-4ce6-9e5a-4b37f44483be___Com.G_SpM_FL 9406.JPG,5,0.99999976,26.872238
1253,PlantVillage Internal,0,D:\Tomato_Disease_Research\plantvillage\Tomato_Spider_mites_Two_spotted_spider_mite\4f44e677-ae55-48f2-a439-11d162fcfe3e___Com.G_SpM_FL 8599.JPG,5,0.9999993,25.004795
1254,PlantVillage Internal,0,D:\Tomato_Disease_Research\plantvillage\Tomato_Spider_mites_Two_spotted_spider_mite\504b03b4-c056-4468-a6ce-19fa79243071___Com.G_SpM_FL 8965.JPG,5,0.9999994,25.143177
1255,PlantVillage Internal,0,D:\Tomato_Disease_Research\plantvillage\Tomato_Spider_mites_Two_spotted_spider_mite\50f99657-4955-4199-a9c9-640045a7b4aa___Com.G_SpM_FL 1262.JPG,5,0.9999993,25.554941
1256,PlantVillage Internal,0,D:\Tomato_Disease_Research\plantvillage\Tomato_Spider_mites_Two_spotted_spider_mite\525fdf85-b46e-41f4-a96e-8667d3afb605___Com.G_SpM_FL 8970.JPG,5,0.99999845,24.733438
1257,PlantVillage Internal,0,D:\Tomato_Disease_Research\plantvillage\Tomato_Spider_mites_Two_spotted_spider_mite\527b81a0-f304-40ec-bfb3-987bbdde36b3___Com.G_SpM_FL 9459.JPG,5,0.9999994,27.23347
1258,PlantVillage Internal,0,D:\Tomato_Disease_Research\plantvillage\Tomato_Spider_mites_Two_spotted_spider_mite\551162cb-5559-4805-9ab9-a2c597df47b4___Com.G_SpM_FL 1274.JPG,5,0.9999995,25.359446
1259,PlantVillage Internal,0,D:\Tomato_Disease_Research\plantvillage\Tomato_Spider_mites_Two_spotted_spider_mite\591766a1-bce5-433c-a33c-4c9d6fd1f27a___Com.G_SpM_FL 9413.JPG,5,0.9999995,25.60401
1260,PlantVillage Internal,0,D:\Tomato_Disease_Research\plantvillage\Tomato_Spider_mites_Two_spotted_spider_mite\5a1d60e3-82e6-468f-8d84-790842a54590___Com.G_SpM_FL 8692.JPG,5,0.9999993,24.770084
1261,PlantVillage Internal,0,D:\Tomato_Disease_Research\plantvillage\Tomato_Spider_mites_Two_spotted_spider_mite\5a227441-a1a8-4538-b79f-c637fa8e25e1___Com.G_SpM_FL 1648.JPG,5,0.9999995,25.350073
1262,PlantVillage Internal,0,D:\Tomato_Disease_Research\plantvillage\Tomato_Spider_mites_Two_spotted_spider_mite\5ba81aa5-31af-4494-8805-ab9d38716626___Com.G_SpM_FL 1309.JPG,5,0.9999995,25.762714
1263,PlantVillage Internal,0,D:\Tomato_Disease_Research\plantvillage\Tomato_Spider_mites_Two_spotted_spider_mite\5d0e79cc-2a50-49cf-9d1c-d5dc064545f3___Com.G_SpM_FL 9306.JPG,5,0.9999995,25.374926
1264,PlantVillage Internal,0,D:\Tomato_Disease_Research\plantvillage\Tomato_Spider_mites_Two_spotted_spider_mite\5d765559-4d4d-4afd-8b17-73abc109cb13___Com.G_SpM_FL 8800.JPG,5,0.9999994,24.888634
1265,PlantVillage Internal,0,D:\Tomato_Disease_Research\plantvillage\Tomato_Spider_mites_Two_spotted_spider_mite\5f8babef-d17a-45da-b633-34288cb66dc1___Com.G_SpM_FL 8493.JPG,5,0.9999994,24.928743
1266,PlantVillage Internal,0,D:\Tomato_Disease_Research\plantvillage\Tomato_Spider_mites_Two_spotted_spider_mite\611deddf-d544-425c-add1-718133b0a3d2___Com.G_SpM_FL 8810.JPG,5,0.99999917,24.99446
1267,PlantVillage Internal,0,D:\Tomato_Disease_Research\plantvillage\Tomato_Spider_mites_Two_spotted_spider_mite\6196f47e-2051-40fa-b556-c800bcfb5ef2___Com.G_SpM_FL 8935.JPG,5,0.99999917,24.568169
1268,PlantVillage Internal,0,D:\Tomato_Disease_Research\plantvillage\Tomato_Spider_mites_Two_spotted_spider_mite\629cdfbf-12bb-4f71-a0b5-3a6a7bdf634a___Com.G_SpM_FL 9488.JPG,5,0.99999917,26.984253
1269,PlantVillage Internal,0,D:\Tomato_Disease_Research\plantvillage\Tomato_Spider_mites_Two_spotted_spider_mite\631b49b5-5e69-4428-a583-e623abb1d311___Com.G_SpM_FL 1647.JPG,5,0.9999995,25.496601
1270,PlantVillage Internal,0,D:\Tomato_Disease_Research\plantvillage\Tomato_Spider_mites_Two_spotted_spider_mite\63384c82-1527-482a-93e4-51841ad0506c___Com.G_SpM_FL 1373.JPG,5,0.9999994,25.859257
1271,PlantVillage Internal,0,D:\Tomato_Disease_Research\plantvillage\Tomato_Spider_mites_Two_spotted_spider_mite\639ad6fc-8e42-4a84-ac80-a40d9661bbae___Com.G_SpM_FL 8466.JPG,5,0.9999994,25.795214
1272,PlantVillage Internal,0,D:\Tomato_Disease_Research\plantvillage\Tomato_Spider_mites_Two_spotted_spider_mite\66c3cfc2-4a91-4517-ab9a-b92ec79b47c5___Com.G_SpM_FL 9351.JPG,5,0.99999964,25.720263
1273,PlantVillage Internal,0,D:\Tomato_Disease_Research\plantvillage\Tomato_Spider_mites_Two_spotted_spider_mite\68ccf56d-4bd7-4538-ae95-9915fe8d5886___Com.G_SpM_FL 9500.JPG,5,0.9999995,25.88777
1274,PlantVillage Internal,0,D:\Tomato_Disease_Research\plantvillage\Tomato_Spider_mites_Two_spotted_spider_mite\698e12a2-2a49-43aa-a47a-21420001e5ef___Com.G_SpM_FL 1356.JPG,5,0.9999995,25.44918
1275,PlantVillage Internal,0,D:\Tomato_Disease_Research\plantvillage\Tomato_Spider_mites_Two_spotted_spider_mite\6acdfc27-7fc5-47c9-bbe9-153ac4a3b797___Com.G_SpM_FL 9014.JPG,5,0.9999993,25.319292
1276,PlantVillage Internal,0,D:\Tomato_Disease_Research\plantvillage\Tomato_Spider_mites_Two_spotted_spider_mite\6af48596-04c6-4c72-9c6b-665ae0ca9781___Com.G_SpM_FL 9388.JPG,5,0.9999995,25.946337
1277,PlantVillage Internal,0,D:\Tomato_Disease_Research\plantvillage\Tomato_Spider_mites_Two_spotted_spider_mite\6d855825-b3fb-4e2a-ab5c-ceb3b8b85e9f___Com.G_SpM_FL 1199.JPG,5,0.9999994,25.592766
1278,PlantVillage Internal,0,D:\Tomato_Disease_Research\plantvillage\Tomato_Spider_mites_Two_spotted_spider_mite\6e5b18bd-8144-40cd-ab73-56e2f6810d31___Com.G_SpM_FL 1460.JPG,5,0.9999995,25.166773
1279,PlantVillage Internal,0,D:\Tomato_Disease_Research\plantvillage\Tomato_Spider_mites_Two_spotted_spider_mite\70d6d93b-0c77-4181-8d38-0e3fc988e884___Com.G_SpM_FL 9292.JPG,5,0.9999994,25.130615
1280,PlantVillage Internal,0,D:\Tomato_Disease_Research\plantvillage\Tomato_Spider_mites_Two_spotted_spider_mite\70d81d89-74a0-43bc-ae4f-61bd0d9cc6af___Com.G_SpM_FL 1323.JPG,5,0.9999994,25.703308
1281,PlantVillage Internal,0,D:\Tomato_Disease_Research\plantvillage\Tomato_Spider_mites_Two_spotted_spider_mite\72e9c57b-b2c7-4ce2-a2c8-e5fbb1524a1e___Com.G_SpM_FL 1293.JPG,5,0.9999994,25.510244
1282,PlantVillage Internal,0,D:\Tomato_Disease_Research\plantvillage\Tomato_Spider_mites_Two_spotted_spider_mite\766b7b10-3fb4-4c65-80bc-488715e321e6___Com.G_SpM_FL 1488.JPG,5,0.9999993,25.151138
1283,PlantVillage Internal,0,D:\Tomato_Disease_Research\plantvillage\Tomato_Spider_mites_Two_spotted_spider_mite\76d8575b-d10f-42d2-9efb-8a122056ec86___Com.G_SpM_FL 1457.JPG,5,0.99999917,25.060274
1284,PlantVillage Internal,0,D:\Tomato_Disease_Research\plantvillage\Tomato_Spider_mites_Two_spotted_spider_mite\771c1ccc-fa2f-436c-bf70-bd474f49bbc1___Com.G_SpM_FL 9257.JPG,5,0.9999994,25.007322
1285,PlantVillage Internal,0,D:\Tomato_Disease_Research\plantvillage\Tomato_Spider_mites_Two_spotted_spider_mite\7a44f68b-8741-4977-a2e8-ca0a42f846b4___Com.G_SpM_FL 8623.JPG,5,0.99999845,24.562624
1286,PlantVillage Internal,0,D:\Tomato_Disease_Research\plantvillage\Tomato_Spider_mites_Two_spotted_spider_mite\7a47822b-4724-4ecc-94ef-61d05836bef7___Com.G_SpM_FL 8620.JPG,5,0.99999845,24.64277
1287,PlantVillage Internal,0,D:\Tomato_Disease_Research\plantvillage\Tomato_Spider_mites_Two_spotted_spider_mite\7a4ac14c-d097-4a03-aa13-46e47a3d6bef___Com.G_SpM_FL 1298.JPG,5,0.9999994,25.64656
1288,PlantVillage Internal,0,D:\Tomato_Disease_Research\plantvillage\Tomato_Spider_mites_Two_spotted_spider_mite\7aa0221d-b673-413d-a089-05fe33d9d78a___Com.G_SpM_FL 8714.JPG,5,0.99999917,24.551497
1289,PlantVillage Internal,0,D:\Tomato_Disease_Research\plantvillage\Tomato_Spider_mites_Two_spotted_spider_mite\7b6c80e6-15fe-47ed-978a-087ab7b49bb0___Com.G_SpM_FL 9009.JPG,5,0.99999917,24.733727
1290,PlantVillage Internal,0,D:\Tomato_Disease_Research\plantvillage\Tomato_Spider_mites_Two_spotted_spider_mite\7c7755cb-8fad-44b0-a525-373c5840f1c3___Com.G_SpM_FL 1486.JPG,5,0.9999995,25.628633
1291,PlantVillage Internal,0,D:\Tomato_Disease_Research\plantvillage\Tomato_Spider_mites_Two_spotted_spider_mite\7ee4836e-8c31-4c01-bd17-382df20083dc___Com.G_SpM_FL 9493.JPG,5,0.9999994,25.71797
1292,PlantVillage Internal,0,D:\Tomato_Disease_Research\plantvillage\Tomato_Spider_mites_Two_spotted_spider_mite\7fc9f1bc-6fe9-4248-af53-22b41f756ca1___Com.G_SpM_FL 9586.JPG,5,0.9999994,25.871592
1293,PlantVillage Internal,0,D:\Tomato_Disease_Research\plantvillage\Tomato_Spider_mites_Two_spotted_spider_mite\7ffe157d-d78c-433f-8272-a5dace87ef5f___Com.G_SpM_FL 8903.JPG,5,0.9999988,24.614363
1294,PlantVillage Internal,0,D:\Tomato_Disease_Research\plantvillage\Tomato_Spider_mites_Two_spotted_spider_mite\815f01f8-4e09-47ee-abfb-a8035a86a080___Com.G_SpM_FL 8590.JPG,5,0.9999994,25.141045
1295,PlantVillage Internal,0,D:\Tomato_Disease_Research\plantvillage\Tomato_Spider_mites_Two_spotted_spider_mite\81a64bc5-d1d1-49bb-b9a7-0981f75613ce___Com.G_SpM_FL 8477.JPG,5,0.9999994,24.910965
1296,PlantVillage Internal,0,D:\Tomato_Disease_Research\plantvillage\Tomato_Spider_mites_Two_spotted_spider_mite\82ba3fda-2d9e-43cf-85d6-c9af53f54370___Com.G_SpM_FL 8474.JPG,5,0.99999905,24.874527
1297,PlantVillage Internal,0,D:\Tomato_Disease_Research\plantvillage\Tomato_Spider_mites_Two_spotted_spider_mite\84399e4f-1c78-4e26-8e7b-961ee21fa3c2___Com.G_SpM_FL 1586.JPG,5,0.9999994,25.674763
1298,PlantVillage Internal,0,D:\Tomato_Disease_Research\plantvillage\Tomato_Spider_mites_Two_spotted_spider_mite\843caa57-9dc8-4737-8de7-ce70f07d5470___Com.G_SpM_FL 8990.JPG,5,0.9999993,24.90119
1299,PlantVillage Internal,0,D:\Tomato_Disease_Research\plantvillage\Tomato_Spider_mites_Two_spotted_spider_mite\85013fcf-15cc-4365-8536-735de6d9be7b___Com.G_SpM_FL 1576.JPG,5,0.9999995,25.623137
1300,PlantVillage Internal,0,D:\Tomato_Disease_Research\plantvillage\Tomato_Spider_mites_Two_spotted_spider_mite\8515b72f-6c10-416c-8cdb-95673b3dbf46___Com.G_SpM_FL 9423.JPG,5,0.99999917,25.47944
1301,PlantVillage Internal,0,D:\Tomato_Disease_Research\plantvillage\Tomato_Spider_mites_Two_spotted_spider_mite\85bb0ebc-4b7f-4081-99e8-76f7764ded11___Com.G_SpM_FL 1449.JPG,5,0.9999995,25.178143
1302,PlantVillage Internal,0,D:\Tomato_Disease_Research\plantvillage\Tomato_Spider_mites_Two_spotted_spider_mite\861a37d6-fd5d-4f50-b36a-7758bb468ee2___Com.G_SpM_FL 8944.JPG,5,0.9999989,24.656313
1303,PlantVillage Internal,0,D:\Tomato_Disease_Research\plantvillage\Tomato_Spider_mites_Two_spotted_spider_mite\86219f47-e739-479c-890d-622d000bcee1___Com.G_SpM_FL 1333.JPG,5,0.9999995,25.65568
1304,PlantVillage Internal,0,D:\Tomato_Disease_Research\plantvillage\Tomato_Spider_mites_Two_spotted_spider_mite\88edbc3c-7373-46fd-b08b-e99408ea58db___Com.G_SpM_FL 1569.JPG,5,0.9999976,25.44959
1305,PlantVillage Internal,0,D:\Tomato_Disease_Research\plantvillage\Tomato_Spider_mites_Two_spotted_spider_mite\8979cbcd-62c9-4891-a428-f01bd2d177fa___Com.G_SpM_FL 9259.JPG,5,0.9999994,25.233503
1306,PlantVillage Internal,0,D:\Tomato_Disease_Research\plantvillage\Tomato_Spider_mites_Two_spotted_spider_mite\8a247db8-8b37-48a7-8ea4-fa6fa1483e5a___Com.G_SpM_FL 8976.JPG,5,0.99999917,24.82183
1307,PlantVillage Internal,0,D:\Tomato_Disease_Research\plantvillage\Tomato_Spider_mites_Two_spotted_spider_mite\8b68b534-a29f-4b0d-b5b4-c398a5635f0a___Com.G_SpM_FL 8773.JPG,5,0.9999993,24.819197
1308,PlantVillage Internal,0,D:\Tomato_Disease_Research\plantvillage\Tomato_Spider_mites_Two_spotted_spider_mite\8ed14c2a-042c-419c-b215-3779e73cfbf9___Com.G_SpM_FL 8687.JPG,5,0.9999993,24.58514
1309,PlantVillage Internal,0,D:\Tomato_Disease_Research\plantvillage\Tomato_Spider_mites_Two_spotted_spider_mite\8f53750b-2b3f-4e1c-87ae-dd9659976129___Com.G_SpM_FL 8962.JPG,5,0.9999993,24.927746
1310,PlantVillage Internal,0,D:\Tomato_Disease_Research\plantvillage\Tomato_Spider_mites_Two_spotted_spider_mite\8f95a0cc-1a3c-477d-8872-8638f1df5361___Com.G_SpM_FL 8833.JPG,5,0.9999994,24.936382
1311,PlantVillage Internal,0,D:\Tomato_Disease_Research\plantvillage\Tomato_Spider_mites_Two_spotted_spider_mite\8fd420fe-6e79-46a5-917e-4cfaca97bd5a___Com.G_SpM_FL 8900.JPG,5,0.9999987,24.88348
1312,PlantVillage Internal,0,D:\Tomato_Disease_Research\plantvillage\Tomato_Spider_mites_Two_spotted_spider_mite\91e2b204-69a4-4170-82bd-fb9cb8b1407d___Com.G_SpM_FL 8973.JPG,5,0.9999994,25.216242
1313,PlantVillage Internal,0,D:\Tomato_Disease_Research\plantvillage\Tomato_Spider_mites_Two_spotted_spider_mite\92d215ce-c6b4-44fd-9492-306d470b9801___Com.G_SpM_FL 8872.JPG,5,0.99999917,25.034239
1314,PlantVillage Internal,0,D:\Tomato_Disease_Research\plantvillage\Tomato_Spider_mites_Two_spotted_spider_mite\988ee8f8-285f-4b88-a37d-2876d964d07a___Com.G_SpM_FL 8652.JPG,5,0.9999989,24.80632
1315,PlantVillage Internal,0,D:\Tomato_Disease_Research\plantvillage\Tomato_Spider_mites_Two_spotted_spider_mite\9b55aea9-85fc-418b-b1a7-ae919f37d2fc___Com.G_SpM_FL 9401.JPG,5,0.9999995,26.329126
1316,PlantVillage Internal,0,D:\Tomato_Disease_Research\plantvillage\Tomato_Spider_mites_Two_spotted_spider_mite\9c680c37-b94e-498d-bbb3-b727ad6c6c0a___Com.G_SpM_FL 9514.JPG,5,0.9999995,25.963306
1317,PlantVillage Internal,0,D:\Tomato_Disease_Research\plantvillage\Tomato_Spider_mites_Two_spotted_spider_mite\9d9c09bb-3998-4e4d-be42-ac5ff1742a74___Com.G_SpM_FL 8463.JPG,5,0.99999905,25.27687
1318,PlantVillage Internal,0,D:\Tomato_Disease_Research\plantvillage\Tomato_Spider_mites_Two_spotted_spider_mite\9dd75aef-3604-468b-9a5b-53442aae8303___Com.G_SpM_FL 9512.JPG,5,0.9999995,26.48889
1319,PlantVillage Internal,0,D:\Tomato_Disease_Research\plantvillage\Tomato_Spider_mites_Two_spotted_spider_mite\9e0c8ec8-f525-444d-8657-32b668771b2f___Com.G_SpM_FL 1451.JPG,5,0.9999993,25.091867
1320,PlantVillage Internal,0,D:\Tomato_Disease_Research\plantvillage\Tomato_Spider_mites_Two_spotted_spider_mite\9e4b3cc6-afd7-49a2-9609-ec1bbd92b92d___Com.G_SpM_FL 1683.JPG,5,0.9999994,25.058111
1321,PlantVillage Internal,0,D:\Tomato_Disease_Research\plantvillage\Tomato_Spider_mites_Two_spotted_spider_mite\9ebfbe4c-8615-4aa4-8288-3855e9555fb5___Com.G_SpM_FL 9588.JPG,5,0.9999994,25.42975
1322,PlantVillage Internal,0,D:\Tomato_Disease_Research\plantvillage\Tomato_Spider_mites_Two_spotted_spider_mite\9fb18019-23c3-482e-9cdf-a9520238cf29___Com.G_SpM_FL 9617.JPG,5,0.99999917,24.956003
1323,PlantVillage Internal,0,D:\Tomato_Disease_Research\plantvillage\Tomato_Spider_mites_Two_spotted_spider_mite\9fd01a9c-be59-4d02-aca8-7d28170ea727___Com.G_SpM_FL 1588.JPG,5,0.9999995,25.608395
1324,PlantVillage Internal,0,D:\Tomato_Disease_Research\plantvillage\Tomato_Spider_mites_Two_spotted_spider_mite\9fd7933b-4bf4-4e0d-b81b-6ee87326480c___Com.G_SpM_FL 9583.JPG,5,0.9999994,26.23169
1325,PlantVillage Internal,0,D:\Tomato_Disease_Research\plantvillage\Tomato_Spider_mites_Two_spotted_spider_mite\a0120655-58c5-4e0d-820a-9ebc3ba45717___Com.G_SpM_FL 8925.JPG,5,0.99999905,24.8124
1326,PlantVillage Internal,0,D:\Tomato_Disease_Research\plantvillage\Tomato_Spider_mites_Two_spotted_spider_mite\a2b2e11f-9078-4fad-9629-e1f94e66611a___Com.G_SpM_FL 8424.JPG,5,0.9999994,25.278744
1327,PlantVillage Internal,0,D:\Tomato_Disease_Research\plantvillage\Tomato_Spider_mites_Two_spotted_spider_mite\a3e550eb-e6e8-4ec5-a2c3-9e7f34fb6292___Com.G_SpM_FL 8540.JPG,5,0.9999993,26.281775
1328,PlantVillage Internal,0,D:\Tomato_Disease_Research\plantvillage\Tomato_Spider_mites_Two_spotted_spider_mite\a4875bbb-41eb-440b-bb04-fb6549bfaff6___Com.G_SpM_FL 8794.JPG,5,0.9999993,25.036865
1329,PlantVillage Internal,0,D:\Tomato_Disease_Research\plantvillage\Tomato_Spider_mites_Two_spotted_spider_mite\a516c588-16a6-405c-ba03-21a2f8bc400e___Com.G_SpM_FL 1508.JPG,5,0.9999995,25.42726
1330,PlantVillage Internal,0,D:\Tomato_Disease_Research\plantvillage\Tomato_Spider_mites_Two_spotted_spider_mite\a80f6d23-395d-4a7e-bd55-805e723f2b45___Com.G_SpM_FL 9622.JPG,5,0.9999994,26.142565
1331,PlantVillage Internal,0,D:\Tomato_Disease_Research\plantvillage\Tomato_Spider_mites_Two_spotted_spider_mite\a90a575f-937a-4975-a750-b83ea905900d___Com.G_SpM_FL 9337.JPG,5,0.9999995,26.137661
1332,PlantVillage Internal,0,D:\Tomato_Disease_Research\plantvillage\Tomato_Spider_mites_Two_spotted_spider_mite\ab555ffb-819e-40fa-b21c-d5a6bde16100___Com.G_SpM_FL 9609.JPG,5,0.9999995,25.545595
1333,PlantVillage Internal,0,D:\Tomato_Disease_Research\plantvillage\Tomato_Spider_mites_Two_spotted_spider_mite\ab795780-b8d3-485d-a60c-0a8fd091af16___Com.G_SpM_FL 1257.JPG,5,0.9999995,25.505129
1334,PlantVillage Internal,0,D:\Tomato_Disease_Research\plantvillage\Tomato_Spider_mites_Two_spotted_spider_mite\acd53505-84a0-48da-924a-5ea032f52388___Com.G_SpM_FL 1252.JPG,5,0.9999994,25.40545
1335,PlantVillage Internal,0,D:\Tomato_Disease_Research\plantvillage\Tomato_Spider_mites_Two_spotted_spider_mite\ad45886f-4eae-4abd-b4c5-a933efe7218e___Com.G_SpM_FL 1324.JPG,5,0.9999995,25.417397
1336,PlantVillage Internal,0,D:\Tomato_Disease_Research\plantvillage\Tomato_Spider_mites_Two_spotted_spider_mite\adbd213f-90ad-4a26-900d-e91fde64539e___Com.G_SpM_FL 1772.JPG,5,0.9999995,25.300415
1337,PlantVillage Internal,0,D:\Tomato_Disease_Research\plantvillage\Tomato_Spider_mites_Two_spotted_spider_mite\ae12c3dc-3dd3-4741-bf9a-55904738086d___Com.G_SpM_FL 1265.JPG,5,0.9999995,25.607622
1338,PlantVillage Internal,0,D:\Tomato_Disease_Research\plantvillage\Tomato_Spider_mites_Two_spotted_spider_mite\ae60fb8a-1774-422b-a141-869d27d74e22___Com.G_SpM_FL 9378.JPG,5,0.9999995,26.100582
1339,PlantVillage Internal,0,D:\Tomato_Disease_Research\plantvillage\Tomato_Spider_mites_Two_spotted_spider_mite\aeae9e3c-ec84-4fa5-8c52-ab488c6a81f7___Com.G_SpM_FL 8765.JPG,5,0.99999917,24.789536
1340,PlantVillage Internal,0,D:\Tomato_Disease_Research\plantvillage\Tomato_Spider_mites_Two_spotted_spider_mite\aee44f04-6634-41ee-9208-56838fbbc822___Com.G_SpM_FL 9278.JPG,5,0.99999917,25.407833
1341,PlantVillage Internal,0,D:\Tomato_Disease_Research\plantvillage\Tomato_Spider_mites_Two_spotted_spider_mite\af0d2ecc-72f9-40ca-ad16-b3ef9419e9ec___Com.G_SpM_FL 9559.JPG,5,0.9999994,26.706612
1342,PlantVillage Internal,0,D:\Tomato_Disease_Research\plantvillage\Tomato_Spider_mites_Two_spotted_spider_mite\b0b458de-2ce8-46a1-815f-db2e513130fc___Com.G_SpM_FL 1416.JPG,5,0.9999995,25.643562
1343,PlantVillage Internal,0,D:\Tomato_Disease_Research\plantvillage\Tomato_Spider_mites_Two_spotted_spider_mite\b129abcf-f10f-49b0-8dc3-d5c3d4dbde16___Com.G_SpM_FL 8855.JPG,5,0.99999857,24.506807
1344,PlantVillage Internal,0,D:\Tomato_Disease_Research\plantvillage\Tomato_Spider_mites_Two_spotted_spider_mite\b313c827-af8b-4b98-af86-a7b07bf20dc1___Com.G_SpM_FL 9307.JPG,5,0.9999995,25.871357
1345,PlantVillage Internal,0,D:\Tomato_Disease_Research\plantvillage\Tomato_Spider_mites_Two_spotted_spider_mite\b329dfc5-3ec0-4d9b-a4d7-d78d50af9366___Com.G_SpM_FL 8712.JPG,5,0.9999988,24.85592
1346,PlantVillage Internal,0,D:\Tomato_Disease_Research\plantvillage\Tomato_Spider_mites_Two_spotted_spider_mite\b5c3bebf-69d4-4ca3-9849-72237505c184___Com.G_SpM_FL 8563.JPG,5,0.99999905,24.897156
1347,PlantVillage Internal,0,D:\Tomato_Disease_Research\plantvillage\Tomato_Spider_mites_Two_spotted_spider_mite\b6989b70-a94f-4f48-a00a-2277f8ace6c6___Com.G_SpM_FL 8841.JPG,5,0.99999857,24.62578
1348,PlantVillage Internal,0,D:\Tomato_Disease_Research\plantvillage\Tomato_Spider_mites_Two_spotted_spider_mite\b7de2f62-330a-4ea0-91d1-d69f9629e150___Com.G_SpM_FL 8780.JPG,5,0.99999905,24.668062
1349,PlantVillage Internal,0,D:\Tomato_Disease_Research\plantvillage\Tomato_Spider_mites_Two_spotted_spider_mite\b9b00f29-ad37-4286-8229-504bc5921c44___Com.G_SpM_FL 1268.JPG,5,0.99999917,25.44588
1350,PlantVillage Internal,0,D:\Tomato_Disease_Research\plantvillage\Tomato_Spider_mites_Two_spotted_spider_mite\bacb5257-5987-4eb2-af91-4d555df8b390___Com.G_SpM_FL 1744.JPG,5,0.99999905,24.628515
1351,PlantVillage Internal,0,D:\Tomato_Disease_Research\plantvillage\Tomato_Spider_mites_Two_spotted_spider_mite\bb1743d4-c84b-4945-93cf-705eead70b21___Com.G_SpM_FL 8491.JPG,5,0.9999993,24.704697
1352,PlantVillage Internal,0,D:\Tomato_Disease_Research\plantvillage\Tomato_Spider_mites_Two_spotted_spider_mite\bc38c469-2936-464a-a799-4251615e380e___Com.G_SpM_FL 8716.JPG,5,0.9999987,24.530073
1353,PlantVillage Internal,0,D:\Tomato_Disease_Research\plantvillage\Tomato_Spider_mites_Two_spotted_spider_mite\bc4f7252-fbc8-4c31-9d62-5371e7073c7d___Com.G_SpM_FL 8461.JPG,5,0.9999993,25.060844
1354,PlantVillage Internal,0,D:\Tomato_Disease_Research\plantvillage\Tomato_Spider_mites_Two_spotted_spider_mite\bc67ad59-d7a0-4382-96dd-e05a19f7efb2___Com.G_SpM_FL 1552.JPG,5,0.9999995,25.139841
1355,PlantVillage Internal,0,D:\Tomato_Disease_Research\plantvillage\Tomato_Spider_mites_Two_spotted_spider_mite\bc6b5283-1225-40f3-b386-6e600f13ac98___Com.G_SpM_FL 1253.JPG,5,0.9999995,25.48794
1356,PlantVillage Internal,0,D:\Tomato_Disease_Research\plantvillage\Tomato_Spider_mites_Two_spotted_spider_mite\bcbe4259-2fbd-4cb2-b0cd-b1798b917b5c___Com.G_SpM_FL 8825.JPG,5,0.9999994,24.993671
1357,PlantVillage Internal,0,D:\Tomato_Disease_Research\plantvillage\Tomato_Spider_mites_Two_spotted_spider_mite\bcca5917-17c5-4b38-ac89-233eec6a4ddb___Com.G_SpM_FL 9540.JPG,5,0.9999994,25.321146
1358,PlantVillage Internal,0,D:\Tomato_Disease_Research\plantvillage\Tomato_Spider_mites_Two_spotted_spider_mite\bdb1071d-586d-4cdf-a792-a15af76ed9cf___Com.G_SpM_FL 8670.JPG,5,0.9999994,25.088005
1359,PlantVillage Internal,0,D:\Tomato_Disease_Research\plantvillage\Tomato_Spider_mites_Two_spotted_spider_mite\be731b6f-179f-436f-93eb-851f833575a9___Com.G_SpM_FL 1291.JPG,5,0.9999994,25.142376
1360,PlantVillage Internal,0,D:\Tomato_Disease_Research\plantvillage\Tomato_Spider_mites_Two_spotted_spider_mite\bf36d28e-7feb-460c-a26d-75619b819157___Com.G_SpM_FL 8604.JPG,5,0.99999905,24.543827
1361,PlantVillage Internal,0,D:\Tomato_Disease_Research\plantvillage\Tomato_Spider_mites_Two_spotted_spider_mite\c3586675-5908-4830-b952-0418aabc79e5___Com.G_SpM_FL 1480.JPG,5,0.9999995,25.392946
1362,PlantVillage Internal,0,D:\Tomato_Disease_Research\plantvillage\Tomato_Spider_mites_Two_spotted_spider_mite\c39c2991-99d9-4fd9-be42-97c0ec41d59e___Com.G_SpM_FL 8960.JPG,5,0.99999917,24.909254
1363,PlantVillage Internal,0,D:\Tomato_Disease_Research\plantvillage\Tomato_Spider_mites_Two_spotted_spider_mite\c5b6b543-1fe9-4607-94c2-3342dcc92043___Com.G_SpM_FL 1289.JPG,5,0.9999995,25.665186
1364,PlantVillage Internal,0,D:\Tomato_Disease_Research\plantvillage\Tomato_Spider_mites_Two_spotted_spider_mite\c6623b0e-ec12-4e31-a2db-75cd77166ded___Com.G_SpM_FL 1657.JPG,5,0.9999995,25.459675
1365,PlantVillage Internal,0,D:\Tomato_Disease_Research\plantvillage\Tomato_Spider_mites_Two_spotted_spider_mite\c74d0a3b-24f8-41a1-9235-3841f19dc358___Com.G_SpM_FL 9505.JPG,5,0.99999964,26.31612
1366,PlantVillage Internal,0,D:\Tomato_Disease_Research\plantvillage\Tomato_Spider_mites_Two_spotted_spider_mite\c89a6ab4-59ab-4267-921d-cc39cb65af36___Com.G_SpM_FL 8418.JPG,5,0.9999993,24.898607
1367,PlantVillage Internal,0,D:\Tomato_Disease_Research\plantvillage\Tomato_Spider_mites_Two_spotted_spider_mite\cad4659e-efce-4151-8db9-5c2799c6fdb3___Com.G_SpM_FL 9475.JPG,5,0.9999995,26.653513
1368,PlantVillage Internal,0,D:\Tomato_Disease_Research\plantvillage\Tomato_Spider_mites_Two_spotted_spider_mite\cb50c515-6885-4fc5-903e-b9fbac229a37___Com.G_SpM_FL 1667.JPG,5,0.9999044,24.8161
1369,PlantVillage Internal,0,D:\Tomato_Disease_Research\plantvillage\Tomato_Spider_mites_Two_spotted_spider_mite\cbae876b-3e8f-4fd7-9244-374a08b6d8de___Com.G_SpM_FL 8619.JPG,5,0.99999917,24.769686
1370,PlantVillage Internal,0,D:\Tomato_Disease_Research\plantvillage\Tomato_Spider_mites_Two_spotted_spider_mite\cd129e3c-c287-47c0-8fb8-ff7eccc971ba___Com.G_SpM_FL 8878.JPG,5,0.99999905,24.61072
1371,PlantVillage Internal,0,D:\Tomato_Disease_Research\plantvillage\Tomato_Spider_mites_Two_spotted_spider_mite\ce05bc05-0c4c-4290-903c-f46ab2ba1f53___Com.G_SpM_FL 9283.JPG,5,0.9999993,25.099653
1372,PlantVillage Internal,0,D:\Tomato_Disease_Research\plantvillage\Tomato_Spider_mites_Two_spotted_spider_mite\d387a33f-e424-45d2-bf4d-2344a9708129___Com.G_SpM_FL 9352.JPG,5,0.9999995,25.515423
1373,PlantVillage Internal,0,D:\Tomato_Disease_Research\plantvillage\Tomato_Spider_mites_Two_spotted_spider_mite\d39a5841-b206-4eb3-a84d-1df91c7205aa___Com.G_SpM_FL 9641.JPG,5,0.9999994,25.306782
1374,PlantVillage Internal,0,D:\Tomato_Disease_Research\plantvillage\Tomato_Spider_mites_Two_spotted_spider_mite\d56e9013-62c8-4678-95ae-6b9f7e2e16bf___Com.G_SpM_FL 9627.JPG,5,0.9999995,25.8117
1375,PlantVillage Internal,0,D:\Tomato_Disease_Research\plantvillage\Tomato_Spider_mites_Two_spotted_spider_mite\d6016818-1e71-4bb2-a10b-35ef305b5dfb___Com.G_SpM_FL 1396.JPG,5,0.9999995,25.429302
1376,PlantVillage Internal,0,D:\Tomato_Disease_Research\plantvillage\Tomato_Spider_mites_Two_spotted_spider_mite\d6742063-9b9e-42b7-9ac4-bda7e2eeb12d___Com.G_SpM_FL 8813.JPG,5,0.99999905,24.839897
1377,PlantVillage Internal,0,D:\Tomato_Disease_Research\plantvillage\Tomato_Spider_mites_Two_spotted_spider_mite\d82b4325-1b29-4378-92b8-8440c8bd1f00___Com.G_SpM_FL 8598.JPG,5,0.9999993,25.112194
1378,PlantVillage Internal,0,D:\Tomato_Disease_Research\plantvillage\Tomato_Spider_mites_Two_spotted_spider_mite\d8a1b62d-7ea5-417c-aceb-b466f7822690___Com.G_SpM_FL 9487.JPG,5,0.9999994,27.470194
1379,PlantVillage Internal,0,D:\Tomato_Disease_Research\plantvillage\Tomato_Spider_mites_Two_spotted_spider_mite\daa3aaa8-41a1-4b46-9b3e-3363ac2fb737___Com.G_SpM_FL 1210.JPG,5,0.9999902,25.133957
1380,PlantVillage Internal,0,D:\Tomato_Disease_Research\plantvillage\Tomato_Spider_mites_Two_spotted_spider_mite\db594718-ad38-4d28-969c-c4bac1b5bbe1___Com.G_SpM_FL 8443.JPG,5,0.9999995,25.181885
1381,PlantVillage Internal,0,D:\Tomato_Disease_Research\plantvillage\Tomato_Spider_mites_Two_spotted_spider_mite\dbdc03e7-aed5-415b-9b93-2e47ef27f1c3___Com.G_SpM_FL 8498.JPG,5,0.9999994,24.822577
1382,PlantVillage Internal,0,D:\Tomato_Disease_Research\plantvillage\Tomato_Spider_mites_Two_spotted_spider_mite\dbf92257-e88c-45b3-b5c4-0731bab518e3___Com.G_SpM_FL 1297.JPG,5,0.9999989,26.021002
1383,PlantVillage Internal,0,D:\Tomato_Disease_Research\plantvillage\Tomato_Spider_mites_Two_spotted_spider_mite\dc37a0ac-c1ae-4f42-9e49-622af4cfa1cc___Com.G_SpM_FL 8939.JPG,5,0.9999994,24.956226
1384,PlantVillage Internal,0,D:\Tomato_Disease_Research\plantvillage\Tomato_Spider_mites_Two_spotted_spider_mite\dcfe0418-3991-4d0d-9722-dd14eb59f20e___Com.G_SpM_FL 8737.JPG,5,0.9999993,25.123293
1385,PlantVillage Internal,0,D:\Tomato_Disease_Research\plantvillage\Tomato_Spider_mites_Two_spotted_spider_mite\dd65aea5-06e3-4e06-b3e0-3466c629c389___Com.G_SpM_FL 9001.JPG,5,0.99999857,24.562063
1386,PlantVillage Internal,0,D:\Tomato_Disease_Research\plantvillage\Tomato_Spider_mites_Two_spotted_spider_mite\dde082cf-6127-4818-8b41-7b3b2298d964___Com.G_SpM_FL 8927.JPG,5,0.99999917,24.628963
1387,PlantVillage Internal,0,D:\Tomato_Disease_Research\plantvillage\Tomato_Spider_mites_Two_spotted_spider_mite\ddee4e2d-6500-4bb7-baa8-e938dae78751___Com.G_SpM_FL 1504.JPG,5,0.9999995,25.40533
1388,PlantVillage Internal,0,D:\Tomato_Disease_Research\plantvillage\Tomato_Spider_mites_Two_spotted_spider_mite\de70ab7d-d4fc-48c1-8fbb-fbb4f0d75c63___Com.G_SpM_FL 1651.JPG,5,0.9999994,25.466667
1389,PlantVillage Internal,0,D:\Tomato_Disease_Research\plantvillage\Tomato_Spider_mites_Two_spotted_spider_mite\df453659-9691-44cb-9808-6a554ad92e10___Com.G_SpM_FL 1533.JPG,5,0.9999994,25.238003
1390,PlantVillage Internal,0,D:\Tomato_Disease_Research\plantvillage\Tomato_Spider_mites_Two_spotted_spider_mite\df5b37b7-f3aa-4659-85c7-fef204ad110e___Com.G_SpM_FL 1585.JPG,5,0.9999995,25.518188
1391,PlantVillage Internal,0,D:\Tomato_Disease_Research\plantvillage\Tomato_Spider_mites_Two_spotted_spider_mite\dfa0fb4a-f4c7-4e2f-b8d1-45a6aea110cc___Com.G_SpM_FL 8622.JPG,5,0.99999845,24.794565
1392,PlantVillage Internal,0,D:\Tomato_Disease_Research\plantvillage\Tomato_Spider_mites_Two_spotted_spider_mite\e0e80890-02b8-4cce-80fa-cb60e72b42c7___Com.G_SpM_FL 1659.JPG,5,0.9999995,25.574091
1393,PlantVillage Internal,0,D:\Tomato_Disease_Research\plantvillage\Tomato_Spider_mites_Two_spotted_spider_mite\e1b3535e-675c-4021-a14f-75da349d6127___Com.G_SpM_FL 8757.JPG,5,0.9999994,24.966488
1394,PlantVillage Internal,0,D:\Tomato_Disease_Research\plantvillage\Tomato_Spider_mites_Two_spotted_spider_mite\e346d87d-cd42-425f-a7a0-8fca01cb6f75___Com.G_SpM_FL 8550.JPG,5,0.99999845,24.541012
1395,PlantVillage Internal,0,D:\Tomato_Disease_Research\plantvillage\Tomato_Spider_mites_Two_spotted_spider_mite\e4f581da-1a38-430b-9a91-fe00308afd4f___Com.G_SpM_FL 9469.JPG,5,0.9999994,26.626955
1396,PlantVillage Internal,0,D:\Tomato_Disease_Research\plantvillage\Tomato_Spider_mites_Two_spotted_spider_mite\e5465236-4d0d-44e8-b6fa-9d3c908306c2___Com.G_SpM_FL 1601.JPG,5,0.9999995,25.463324
1397,PlantVillage Internal,0,D:\Tomato_Disease_Research\plantvillage\Tomato_Spider_mites_Two_spotted_spider_mite\e6ebca7a-cacc-4ca4-bf8b-1c5f63f847dc___Com.G_SpM_FL 1511.JPG,5,0.9999995,25.536127
1398,PlantVillage Internal,0,D:\Tomato_Disease_Research\plantvillage\Tomato_Spider_mites_Two_spotted_spider_mite\ea697bbb-9f03-4415-980e-9966f66f1e8c___Com.G_SpM_FL 8678.JPG,5,0.9999989,24.958132
1399,PlantVillage Internal,0,D:\Tomato_Disease_Research\plantvillage\Tomato_Spider_mites_Two_spotted_spider_mite\ec2742ac-9e83-449c-8f1f-9e53e07d5da5___Com.G_SpM_FL 8526.JPG,5,0.9999994,25.056908
1400,PlantVillage Internal,0,D:\Tomato_Disease_Research\plantvillage\Tomato_Spider_mites_Two_spotted_spider_mite\ef3fd109-228e-4e7b-8b22-277e41a79335___Com.G_SpM_FL 9542.JPG,5,0.9999994,25.238754
1401,PlantVillage Internal,0,D:\Tomato_Disease_Research\plantvillage\Tomato_Spider_mites_Two_spotted_spider_mite\f18824ce-b2f5-4320-8984-340fdc1416c9___Com.G_SpM_FL 9591.JPG,5,0.9999993,26.04668
1402,PlantVillage Internal,0,D:\Tomato_Disease_Research\plantvillage\Tomato_Spider_mites_Two_spotted_spider_mite\f47ddff5-50f1-4eb0-b8bf-6980fe776162___Com.G_SpM_FL 1695.JPG,5,0.9999995,25.497532
1403,PlantVillage Internal,0,D:\Tomato_Disease_Research\plantvillage\Tomato_Spider_mites_Two_spotted_spider_mite\f5cf6938-855e-479f-b909-a9bc12fcb76c___Com.G_SpM_FL 8733.JPG,5,0.9999994,24.996428
1404,PlantVillage Internal,0,D:\Tomato_Disease_Research\plantvillage\Tomato_Spider_mites_Two_spotted_spider_mite\f7676e6d-a9f2-4c4e-b15c-305f9f16aaa1___Com.G_SpM_FL 9415.JPG,5,0.9999994,25.825907
1405,PlantVillage Internal,0,D:\Tomato_Disease_Research\plantvillage\Tomato_Spider_mites_Two_spotted_spider_mite\f82052fb-163c-4ef6-acf0-49543f500f72___Com.G_SpM_FL 8494.JPG,5,0.9999993,25.225214
1406,PlantVillage Internal,0,D:\Tomato_Disease_Research\plantvillage\Tomato_Spider_mites_Two_spotted_spider_mite\f8505395-0291-442f-a735-f98b806f896e___Com.G_SpM_FL 1271.JPG,5,0.9999995,25.79814
1407,PlantVillage Internal,0,D:\Tomato_Disease_Research\plantvillage\Tomato_Spider_mites_Two_spotted_spider_mite\f87dde9f-b0ca-4b96-a065-545d707d72a6___Com.G_SpM_FL 8946.JPG,5,0.99999917,24.803226
1408,PlantVillage Internal,0,D:\Tomato_Disease_Research\plantvillage\Tomato_Spider_mites_Two_spotted_spider_mite\f8f05d07-a357-4cb6-8306-f6a8fcf87f04___Com.G_SpM_FL 1559.JPG,5,0.9999995,25.330011
1409,PlantVillage Internal,0,D:\Tomato_Disease_Research\plantvillage\Tomato_Spider_mites_Two_spotted_spider_mite\fa497010-52f0-46df-90ab-c40e1d9bb34b___Com.G_SpM_FL 8542.JPG,5,0.9999993,25.930857
1410,PlantVillage Internal,0,D:\Tomato_Disease_Research\plantvillage\Tomato_Spider_mites_Two_spotted_spider_mite\fb7d1c6e-6d3c-4f03-b8dd-9c51740ed23a___Com.G_SpM_FL 1681.JPG,5,0.9999995,25.541933
1411,PlantVillage Internal,0,D:\Tomato_Disease_Research\plantvillage\Tomato_Spider_mites_Two_spotted_spider_mite\fbc3d1d5-cffd-4362-83c7-c88f56697060___Com.G_SpM_FL 9532.JPG,5,0.9999995,25.415825
1412,PlantVillage Internal,0,D:\Tomato_Disease_Research\plantvillage\Tomato_Spider_mites_Two_spotted_spider_mite\fe1c35cf-8f9d-4986-b8b3-6d116bc8b388___Com.G_SpM_FL 8633.JPG,5,0.9999994,25.021564
1413,PlantVillage Internal,0,D:\Tomato_Disease_Research\plantvillage\Tomato_Spider_mites_Two_spotted_spider_mite\ff9a52b5-b200-4f23-9e0d-629b1a0e89db___Com.G_SpM_FL 8634.JPG,5,0.9999994,25.316854
1414,PlantVillage Internal,0,D:\Tomato_Disease_Research\plantvillage\Tomato__Target_Spot\0118c27a-f34a-41e1-8b2f-d2c564f83c5c___Com.G_TgS_FL 0013.JPG,6,0.99999917,26.195518
1415,PlantVillage Internal,0,D:\Tomato_Disease_Research\plantvillage\Tomato__Target_Spot\02b891ad-b252-4f46-8618-89a0c36193c2___Com.G_TgS_FL 0038.JPG,6,0.99999905,25.948013
1416,PlantVillage Internal,0,D:\Tomato_Disease_Research\plantvillage\Tomato__Target_Spot\03002b91-afe3-4c72-86b8-31028913434e___Com.G_TgS_FL 0682.JPG,6,0.9999987,25.79723
1417,PlantVillage Internal,0,D:\Tomato_Disease_Research\plantvillage\Tomato__Target_Spot\04877a47-d7e8-461d-b943-00099f3a2a95___Com.G_TgS_FL 0838.JPG,6,0.99999905,25.58031
1418,PlantVillage Internal,0,D:\Tomato_Disease_Research\plantvillage\Tomato__Target_Spot\05afadf4-12e7-478e-bb0c-334e2bf553f3___Com.G_TgS_FL 0744.JPG,6,0.99999917,25.878403
1419,PlantVillage Internal,0,D:\Tomato_Disease_Research\plantvillage\Tomato__Target_Spot\06ddddf1-c107-4e34-9546-676f00f52254___Com.G_TgS_FL 8070.JPG,6,0.99999917,25.643223
1420,PlantVillage Internal,0,D:\Tomato_Disease_Research\plantvillage\Tomato__Target_Spot\0982f241-41b3-4905-83b9-f8c6cf846688___Com.G_TgS_FL 0034.JPG,6,0.9999988,25.698109
1421,PlantVillage Internal,0,D:\Tomato_Disease_Research\plantvillage\Tomato__Target_Spot\0c80eea7-7c6f-4f3c-be3d-6cca9ec30c1b___Com.G_TgS_FL 0991.JPG,6,0.9999988,25.634802
1422,PlantVillage Internal,0,D:\Tomato_Disease_Research\plantvillage\Tomato__Target_Spot\0cb83b4d-281d-4b8f-a52a-8178fa8af907___Com.G_TgS_FL 7928.JPG,6,0.99999905,25.660477
1423,PlantVillage Internal,0,D:\Tomato_Disease_Research\plantvillage\Tomato__Target_Spot\0fe7d644-dc8b-49f7-9a41-33ec029f6437___Com.G_TgS_FL 8274.JPG,6,0.9999993,26.139208
1424,PlantVillage Internal,0,D:\Tomato_Disease_Research\plantvillage\Tomato__Target_Spot\1078fabc-a383-469b-a3ae-6ab9688224f1___Com.G_TgS_FL 0790.JPG,6,0.99999917,25.610264
1425,PlantVillage Internal,0,D:\Tomato_Disease_Research\plantvillage\Tomato__Target_Spot\120190ab-fc78-47d6-94da-bc524d9e9c9a___Com.G_TgS_FL 7954.JPG,6,0.99999905,25.73285
1426,PlantVillage Internal,0,D:\Tomato_Disease_Research\plantvillage\Tomato__Target_Spot\12c492b4-fb79-47c4-9bdd-720c1361a355___Com.G_TgS_FL 8224.JPG,6,0.99999917,25.73188
1427,PlantVillage Internal,0,D:\Tomato_Disease_Research\plantvillage\Tomato__Target_Spot\14f4965f-3d48-49a6-9399-f6f3d7646630___Com.G_TgS_FL 7963.JPG,6,0.9999989,25.33235
1428,PlantVillage Internal,0,D:\Tomato_Disease_Research\plantvillage\Tomato__Target_Spot\1618e9b6-dbf3-4d92-a9bb-0460f121015b___Com.G_TgS_FL 9754.JPG,6,0.9999994,26.198719
1429,PlantVillage Internal,0,D:\Tomato_Disease_Research\plantvillage\Tomato__Target_Spot\17b9c917-6c33-4f94-a976-64812727073c___Com.G_TgS_FL 7875.JPG,6,0.9999988,26.332314
1430,PlantVillage Internal,0,D:\Tomato_Disease_Research\plantvillage\Tomato__Target_Spot\18aec9e4-7df5-42ff-8465-748a8231ab0a___Com.G_TgS_FL 8101.JPG,6,0.99999917,25.468954
1431,PlantVillage Internal,0,D:\Tomato_Disease_Research\plantvillage\Tomato__Target_Spot\191ce103-d383-4bee-8418-e885e048e001___Com.G_TgS_FL 8248.JPG,6,0.99999833,25.531382
1432,PlantVillage Internal,0,D:\Tomato_Disease_Research\plantvillage\Tomato__Target_Spot\1a94e7be-a54f-42e2-ac9c-7242ea9d0fb0___Com.G_TgS_FL 9852.JPG,6,0.99999213,25.223871
1433,PlantVillage Internal,0,D:\Tomato_Disease_Research\plantvillage\Tomato__Target_Spot\1bc7877c-d674-4242-bc37-a77b5e7d7dc6___Com.G_TgS_FL 8263.JPG,6,0.99999857,25.482203
1434,PlantVillage Internal,0,D:\Tomato_Disease_Research\plantvillage\Tomato__Target_Spot\1c986ad6-8c08-4b6e-ac23-184d3d8d84fa___Com.G_TgS_FL 8083.JPG,6,0.9999988,25.518627
1435,PlantVillage Internal,0,D:\Tomato_Disease_Research\plantvillage\Tomato__Target_Spot\1cc31c92-0fbd-488a-b0a2-ef25f985bf13___Com.G_TgS_FL 9840.JPG,6,0.9999987,25.701374
1436,PlantVillage Internal,0,D:\Tomato_Disease_Research\plantvillage\Tomato__Target_Spot\225b37a6-449f-4436-92be-ae3299f968a4___Com.G_TgS_FL 8197.JPG,6,0.99999917,25.695244
1437,PlantVillage Internal,0,D:\Tomato_Disease_Research\plantvillage\Tomato__Target_Spot\242cf310-927e-4933-85b6-d4d019ae6db1___Com.G_TgS_FL 0017.JPG,6,0.9999988,26.02526
1438,PlantVillage Internal,0,D:\Tomato_Disease_Research\plantvillage\Tomato__Target_Spot\2914d8c0-09ba-4a50-a075-738c4a63e288___Com.G_TgS_FL 8119.JPG,6,0.99999905,25.688534
1439,PlantVillage Internal,0,D:\Tomato_Disease_Research\plantvillage\Tomato__Target_Spot\2a71aaa1-bbbc-4d44-a8b6-8ef1f0ebd8ff___Com.G_TgS_FL 1102.JPG,6,0.9999957,25.272398
1440,PlantVillage Internal,0,D:\Tomato_Disease_Research\plantvillage\Tomato__Target_Spot\30e99558-7eac-4fbc-a9dc-7f2af1d8ee23___Com.G_TgS_FL 0782.JPG,6,0.9999988,25.706718
1441,PlantVillage Internal,0,D:\Tomato_Disease_Research\plantvillage\Tomato__Target_Spot\31dff38a-b7d1-47b7-af46-2dcef29f4e0e___Com.G_TgS_FL 1077.JPG,6,0.9999987,25.6767
1442,PlantVillage Internal,0,D:\Tomato_Disease_Research\plantvillage\Tomato__Target_Spot\34c49f9c-0733-44d6-ad40-d97d7d655d0d___Com.G_TgS_FL 0714.JPG,6,0.9999975,25.331984
1443,PlantVillage Internal,0,D:\Tomato_Disease_Research\plantvillage\Tomato__Target_Spot\356ff048-7937-4c55-b0d4-f831c7cb80e4___Com.G_TgS_FL 0680.JPG,6,0.9999989,25.537563
1444,PlantVillage Internal,0,D:\Tomato_Disease_Research\plantvillage\Tomato__Target_Spot\35b0ec56-80f9-4fee-bbf4-b80f782ad37b___Com.G_TgS_FL 9985.JPG,6,0.9999982,25.86623
1445,PlantVillage Internal,0,D:\Tomato_Disease_Research\plantvillage\Tomato__Target_Spot\36356b7e-0d6b-4ead-af0d-2c2125406086___Com.G_TgS_FL 0882.JPG,6,0.9999994,25.9605
1446,PlantVillage Internal,0,D:\Tomato_Disease_Research\plantvillage\Tomato__Target_Spot\37a012b0-0bf4-4e52-a933-2e422f54fd3e___Com.G_TgS_FL 0669.JPG,6,0.99999905,25.551075
1447,PlantVillage Internal,0,D:\Tomato_Disease_Research\plantvillage\Tomato__Target_Spot\38351f40-e395-478b-a6b0-e3012dae1497___Com.G_TgS_FL 8328.JPG,6,0.99999905,25.794018
1448,PlantVillage Internal,0,D:\Tomato_Disease_Research\plantvillage\Tomato__Target_Spot\3919bfe9-902a-439d-b3db-3027ef2f59f2___Com.G_TgS_FL 0849.JPG,6,0.99999917,25.926195
1449,PlantVillage Internal,0,D:\Tomato_Disease_Research\plantvillage\Tomato__Target_Spot\3a2dbdb1-188c-4499-acff-1bcc3b377320___Com.G_TgS_FL 8206.JPG,6,0.9999993,25.924063
1450,PlantVillage Internal,0,D:\Tomato_Disease_Research\plantvillage\Tomato__Target_Spot\3a8eb501-7b8f-458b-8c61-ae581f5a68b9___Com.G_TgS_FL 8031.JPG,6,0.99999917,25.634575
1451,PlantVillage Internal,0,D:\Tomato_Disease_Research\plantvillage\Tomato__Target_Spot\3daec3cc-fd1d-495e-ac1b-8aaa30013d7b___Com.G_TgS_FL 8064.JPG,6,0.99999917,25.955908
1452,PlantVillage Internal,0,D:\Tomato_Disease_Research\plantvillage\Tomato__Target_Spot\3f273e21-2b93-4327-ad8f-d1d94766b63a___Com.G_TgS_FL 9874.JPG,6,0.99999917,26.016642
1453,PlantVillage Internal,0,D:\Tomato_Disease_Research\plantvillage\Tomato__Target_Spot\41048a22-282d-4809-b0cf-7ce721d0bc77___Com.G_TgS_FL 0691.JPG,6,0.99999905,25.681684
1454,PlantVillage Internal,0,D:\Tomato_Disease_Research\plantvillage\Tomato__Target_Spot\41bb6805-695e-4c35-854c-ce4ed54388b3___Com.G_TgS_FL 9907.JPG,6,0.9999945,26.146921
1455,PlantVillage Internal,0,D:\Tomato_Disease_Research\plantvillage\Tomato__Target_Spot\422f18d4-03d3-410c-97f0-f92590db890a___Com.G_TgS_FL 8085.JPG,6,0.9999993,25.553871
1456,PlantVillage Internal,0,D:\Tomato_Disease_Research\plantvillage\Tomato__Target_Spot\430e6f3e-b03e-44db-8f0b-2269c0a74ef3___Com.G_TgS_FL 8261.JPG,6,0.99999845,25.314657
1457,PlantVillage Internal,0,D:\Tomato_Disease_Research\plantvillage\Tomato__Target_Spot\44a9131e-6f2a-408d-ab7e-ccd0a935cdcc___Com.G_TgS_FL 9934.JPG,6,0.9999994,26.127335
1458,PlantVillage Internal,0,D:\Tomato_Disease_Research\plantvillage\Tomato__Target_Spot\475c75ea-145e-4942-af28-0278cfaedd05___Com.G_TgS_FL 9949.JPG,6,0.99999917,26.130875
1459,PlantVillage Internal,0,D:\Tomato_Disease_Research\plantvillage\Tomato__Target_Spot\4a38d0a4-e08d-41f5-94bd-aec70894c52e___Com.G_TgS_FL 7999.JPG,6,0.9999969,25.335226
1460,PlantVillage Internal,0,D:\Tomato_Disease_Research\plantvillage\Tomato__Target_Spot\4b98528b-25af-4f6d-b094-9b69eac52082___Com.G_TgS_FL 0932.JPG,6,0.99999845,25.56616
1461,PlantVillage Internal,0,D:\Tomato_Disease_Research\plantvillage\Tomato__Target_Spot\4cb457d8-e493-414a-967a-f2b8ac0d3758___Com.G_TgS_FL 1093.JPG,6,0.99999917,26.1041
1462,PlantVillage Internal,0,D:\Tomato_Disease_Research\plantvillage\Tomato__Target_Spot\4cf7fd8f-f605-41c6-93ab-76da0119d40a___Com.G_TgS_FL 8162.JPG,6,0.9999989,25.94727
1463,PlantVillage Internal,0,D:\Tomato_Disease_Research\plantvillage\Tomato__Target_Spot\4da7287d-0928-413c-8dbe-965e6db6c8bd___Com.G_TgS_FL 9666.JPG,6,0.9999994,26.257431
1464,PlantVillage Internal,0,D:\Tomato_Disease_Research\plantvillage\Tomato__Target_Spot\4dd67eba-381f-4733-9fde-2263b4da5dd0___Com.G_TgS_FL 9947.JPG,6,0.9999988,26.322092
1465,PlantVillage Internal,0,D:\Tomato_Disease_Research\plantvillage\Tomato__Target_Spot\5084c5f1-06fe-49de-acb1-504005946047___Com.G_TgS_FL 0036.JPG,6,0.99999905,25.971941
1466,PlantVillage Internal,0,D:\Tomato_Disease_Research\plantvillage\Tomato__Target_Spot\50d1f78e-2d2d-41f4-ae65-c0888b4f6c1a___Com.G_TgS_FL 0914.JPG,6,0.9999988,25.467777
1467,PlantVillage Internal,0,D:\Tomato_Disease_Research\plantvillage\Tomato__Target_Spot\51d654f9-ba95-4e86-babe-ad3373593c45___Com.G_TgS_FL 0730.JPG,6,0.9999993,26.004045
1468,PlantVillage Internal,0,D:\Tomato_Disease_Research\plantvillage\Tomato__Target_Spot\5294d092-ad0f-4b6c-908d-36a09d76afff___Com.G_TgS_FL 8024.JPG,6,0.99999905,25.559074
1469,PlantVillage Internal,0,D:\Tomato_Disease_Research\plantvillage\Tomato__Target_Spot\53ea7721-f2ca-44d7-b4f7-ca1d897210f5___Com.G_TgS_FL 0014.JPG,6,0.99999905,26.040646
1470,PlantVillage Internal,0,D:\Tomato_Disease_Research\plantvillage\Tomato__Target_Spot\540358b3-4832-42fb-92d0-d270e61cb9da___Com.G_TgS_FL 8066.JPG,6,0.99999833,25.48712
1471,PlantVillage Internal,0,D:\Tomato_Disease_Research\plantvillage\Tomato__Target_Spot\56292fd3-f213-48db-9255-0e5db12840e8___Com.G_TgS_FL 0794.JPG,6,0.9999988,25.548897
1472,PlantVillage Internal,0,D:\Tomato_Disease_Research\plantvillage\Tomato__Target_Spot\57a771b8-27b3-4473-97bb-cba353ba52a4___Com.G_TgS_FL 1100.JPG,6,0.99999845,25.423925
1473,PlantVillage Internal,0,D:\Tomato_Disease_Research\plantvillage\Tomato__Target_Spot\581d4912-6d16-4275-a26d-6c77cd109484___Com.G_TgS_FL 0940.JPG,6,0.99999917,25.782215
1474,PlantVillage Internal,0,D:\Tomato_Disease_Research\plantvillage\Tomato__Target_Spot\586a0ee5-3dec-49b2-b1d0-0eb71b166f9e___Com.G_TgS_FL 0681.JPG,6,0.9999987,25.607185
1475,PlantVillage Internal,0,D:\Tomato_Disease_Research\plantvillage\Tomato__Target_Spot\58a5c7b3-241c-4bb5-b059-825a8da439b8___Com.G_TgS_FL 8264.JPG,6,0.99999917,26.087957
1476,PlantVillage Internal,0,D:\Tomato_Disease_Research\plantvillage\Tomato__Target_Spot\58d63675-d19d-45c7-9b75-3a28fbb2a22b___Com.G_TgS_FL 9727.JPG,6,0.99999905,26.151648
1477,PlantVillage Internal,0,D:\Tomato_Disease_Research\plantvillage\Tomato__Target_Spot\5a084ee2-7a6d-445e-a269-a26e50bd8883___Com.G_TgS_FL 9673.JPG,6,0.9999989,25.486645
1478,PlantVillage Internal,0,D:\Tomato_Disease_Research\plantvillage\Tomato__Target_Spot\5b9d911c-97d2-4a47-99d1-356dd365e213___Com.G_TgS_FL 8073.JPG,6,0.9999988,25.63917
1479,PlantVillage Internal,0,D:\Tomato_Disease_Research\plantvillage\Tomato__Target_Spot\5bf86a15-b1e5-47be-9b76-8678a54d89f4___Com.G_TgS_FL 0875.JPG,6,0.9999962,25.589447
1480,PlantVillage Internal,0,D:\Tomato_Disease_Research\plantvillage\Tomato__Target_Spot\5cbe1c45-081e-4fac-a3ac-988bace7c8b6___Com.G_TgS_FL 8084.JPG,6,0.9999993,25.695646
1481,PlantVillage Internal,0,D:\Tomato_Disease_Research\plantvillage\Tomato__Target_Spot\62b9fcc7-a7fe-474c-b036-8a3359465a0e___Com.G_TgS_FL 8106.JPG,6,0.99999905,25.660782
1482,PlantVillage Internal,0,D:\Tomato_Disease_Research\plantvillage\Tomato__Target_Spot\65fc846a-ffd1-49ca-9f1e-1050ac94c196___Com.G_TgS_FL 8093.JPG,6,0.9999993,26.027592
1483,PlantVillage Internal,0,D:\Tomato_Disease_Research\plantvillage\Tomato__Target_Spot\6733bfc5-dea6-45de-ae97-bdc9a44b1d61___Com.G_TgS_FL 0863.JPG,6,0.99999917,25.685062
1484,PlantVillage Internal,0,D:\Tomato_Disease_Research\plantvillage\Tomato__Target_Spot\673e781f-05e7-4ad4-bd44-ec339161868e___Com.G_TgS_FL 9755.JPG,6,0.9999993,25.974178
1485,PlantVillage Internal,0,D:\Tomato_Disease_Research\plantvillage\Tomato__Target_Spot\67428adc-ca72-4ad8-b042-2663d6efb864___Com.G_TgS_FL 1127.JPG,6,0.99999774,25.071798
1486,PlantVillage Internal,0,D:\Tomato_Disease_Research\plantvillage\Tomato__Target_Spot\67d9c882-7661-4315-b9ca-d1f32e91205a___Com.G_TgS_FL 8193.JPG,6,0.9999994,26.201458
1487,PlantVillage Internal,0,D:\Tomato_Disease_Research\plantvillage\Tomato__Target_Spot\6882e052-a4d1-47e6-b57e-3376108e37f9___Com.G_TgS_FL 0701.JPG,6,0.99999905,25.82515
1488,PlantVillage Internal,0,D:\Tomato_Disease_Research\plantvillage\Tomato__Target_Spot\68cb6347-4fb9-42e8-8620-837a3c9d44b3___Com.G_TgS_FL 0751.JPG,6,0.9999988,25.355467
1489,PlantVillage Internal,0,D:\Tomato_Disease_Research\plantvillage\Tomato__Target_Spot\6a512ebc-696c-43a8-b03a-23acabaa5b52___Com.G_TgS_FL 9738.JPG,6,0.99999917,26.252476
1490,PlantVillage Internal,0,D:\Tomato_Disease_Research\plantvillage\Tomato__Target_Spot\6bd21bee-4648-43fc-b481-dc4913a8c9be___Com.G_TgS_FL 0841.JPG,6,0.99999905,25.632273
1491,PlantVillage Internal,0,D:\Tomato_Disease_Research\plantvillage\Tomato__Target_Spot\6c750a22-e196-4476-a5da-f4eeab43d9b0___Com.G_TgS_FL 8052.JPG,6,0.9999994,25.743229
1492,PlantVillage Internal,0,D:\Tomato_Disease_Research\plantvillage\Tomato__Target_Spot\6d8550bb-b43d-4e66-a5fc-f320110ad625___Com.G_TgS_FL 9905.JPG,6,0.99999905,25.888645
1493,PlantVillage Internal,0,D:\Tomato_Disease_Research\plantvillage\Tomato__Target_Spot\6db16a45-1060-4ba5-924e-183ce273410a___Com.G_TgS_FL 8124.JPG,6,0.9999987,25.563173
1494,PlantVillage Internal,0,D:\Tomato_Disease_Research\plantvillage\Tomato__Target_Spot\6eddf6dc-415f-4e8d-b6b6-3080370e228b___Com.G_TgS_FL 0659.JPG,6,0.9999989,25.796812
1495,PlantVillage Internal,0,D:\Tomato_Disease_Research\plantvillage\Tomato__Target_Spot\6ef6ef8a-dde4-4255-9541-8f11c961f06b___Com.G_TgS_FL 8067.JPG,6,0.9999988,25.598297
1496,PlantVillage Internal,0,D:\Tomato_Disease_Research\plantvillage\Tomato__Target_Spot\6f37e2ac-cd3a-420e-8525-7225500c8e34___Com.G_TgS_FL 0802.JPG,6,0.99999905,25.664158
1497,PlantVillage Internal,0,D:\Tomato_Disease_Research\plantvillage\Tomato__Target_Spot\6f8c6299-56d3-4477-8c5a-53211bdb8678___Com.G_TgS_FL 0793.JPG,6,0.9999993,25.871136
1498,PlantVillage Internal,0,D:\Tomato_Disease_Research\plantvillage\Tomato__Target_Spot\6fa8c523-7ee3-483c-b35c-c34fa517e75b___Com.G_TgS_FL 0978.JPG,6,0.9999989,25.844852
1499,PlantVillage Internal,0,D:\Tomato_Disease_Research\plantvillage\Tomato__Target_Spot\70640fa6-e8ff-416c-a8a1-256e754c9f2c___Com.G_TgS_FL 0947.JPG,6,0.9999989,25.782036
1500,PlantVillage Internal,0,D:\Tomato_Disease_Research\plantvillage\Tomato__Target_Spot\70f5bc00-6c82-4051-b616-e33417ac8c82___Com.G_TgS_FL 9689.JPG,6,0.9999993,26.095476
1501,PlantVillage Internal,0,D:\Tomato_Disease_Research\plantvillage\Tomato__Target_Spot\717676cd-f92b-4bc6-b330-651c1c1d21a0___Com.G_TgS_FL 9925.JPG,6,0.99999917,26.377989
1502,PlantVillage Internal,0,D:\Tomato_Disease_Research\plantvillage\Tomato__Target_Spot\74aecabd-84ee-44f2-8a1f-695f17e15530___Com.G_TgS_FL 1076.JPG,6,0.99999785,25.144041
1503,PlantVillage Internal,0,D:\Tomato_Disease_Research\plantvillage\Tomato__Target_Spot\76cefc70-6454-4dd0-bd4d-fddb3d129bed___Com.G_TgS_FL 1057.JPG,6,0.999998,25.618748
1504,PlantVillage Internal,0,D:\Tomato_Disease_Research\plantvillage\Tomato__Target_Spot\78439c09-8b69-42ff-8df3-a0eb65b42786___Com.G_TgS_FL 7978.JPG,6,0.99999905,25.791397
1505,PlantVillage Internal,0,D:\Tomato_Disease_Research\plantvillage\Tomato__Target_Spot\79016043-851a-459e-85ee-2c321a5217ce___Com.G_TgS_FL 0725.JPG,6,0.9999993,25.753782
1506,PlantVillage Internal,0,D:\Tomato_Disease_Research\plantvillage\Tomato__Target_Spot\7cc08946-55de-40df-a26c-b1320e55b96e___Com.G_TgS_FL 9808.JPG,6,0.9999993,26.02712
1507,PlantVillage Internal,0,D:\Tomato_Disease_Research\plantvillage\Tomato__Target_Spot\7cd468c6-69dd-43a2-a5b5-b9b38fffd6b3___Com.G_TgS_FL 0732.JPG,6,0.99999905,26.37982
1508,PlantVillage Internal,0,D:\Tomato_Disease_Research\plantvillage\Tomato__Target_Spot\7dee92b9-b5b8-4ef7-b2de-81b83e4451e0___Com.G_TgS_FL 7946.JPG,6,0.9999989,25.75917
1509,PlantVillage Internal,0,D:\Tomato_Disease_Research\plantvillage\Tomato__Target_Spot\8112bd1c-156b-4780-9a5d-deb028740899___Com.G_TgS_FL 8187.JPG,6,0.9999993,25.844072
1510,PlantVillage Internal,0,D:\Tomato_Disease_Research\plantvillage\Tomato__Target_Spot\8189289c-4db4-491f-9b44-e2d3d32fad79___Com.G_TgS_FL 9877.JPG,6,0.99999917,26.179502
1511,PlantVillage Internal,0,D:\Tomato_Disease_Research\plantvillage\Tomato__Target_Spot\8313b39e-fbf5-466f-b5ca-5830e0b06d73___Com.G_TgS_FL 7865.JPG,6,0.9999988,25.487993
1512,PlantVillage Internal,0,D:\Tomato_Disease_Research\plantvillage\Tomato__Target_Spot\84545584-1b1b-4134-bcfd-f71187b6e54a___Com.G_TgS_FL 0734.JPG,6,0.9999982,25.391705
1513,PlantVillage Internal,0,D:\Tomato_Disease_Research\plantvillage\Tomato__Target_Spot\896ad268-fc74-45f5-b80b-ebf70336ef65___Com.G_TgS_FL 7994.JPG,6,0.9999993,25.685345
1514,PlantVillage Internal,0,D:\Tomato_Disease_Research\plantvillage\Tomato__Target_Spot\8a3a6a39-5774-4a98-a6a5-9544e425d418___Com.G_TgS_FL 8155.JPG,6,0.99999917,26.061615
1515,PlantVillage Internal,0,D:\Tomato_Disease_Research\plantvillage\Tomato__Target_Spot\8a4995ff-d091-47bc-90d6-eb0c6da66fcf___Com.G_TgS_FL 7876.JPG,6,0.99999785,25.713524
1516,PlantVillage Internal,0,D:\Tomato_Disease_Research\plantvillage\Tomato__Target_Spot\8b0db49a-127f-47e5-b942-a869a028903a___Com.G_TgS_FL 0717.JPG,6,0.99999905,25.71186
1517,PlantVillage Internal,0,D:\Tomato_Disease_Research\plantvillage\Tomato__Target_Spot\8bf33883-751c-4b5c-b50f-a955a4e0d8b7___Com.G_TgS_FL 1116.JPG,6,0.9999964,25.185978
1518,PlantVillage Internal,0,D:\Tomato_Disease_Research\plantvillage\Tomato__Target_Spot\8d1245f0-fee1-4673-ba24-592d447d1163___Com.G_TgS_FL 0992.JPG,6,0.99999917,25.796492
1519,PlantVillage Internal,0,D:\Tomato_Disease_Research\plantvillage\Tomato__Target_Spot\8d5ad6d9-7070-4022-a423-6812a09823f5___Com.G_TgS_FL 1029.JPG,6,0.99999917,26.025148
1520,PlantVillage Internal,0,D:\Tomato_Disease_Research\plantvillage\Tomato__Target_Spot\8dd3f665-f683-427d-9435-2e62a2650cfd___Com.G_TgS_FL 9879.JPG,6,0.9999993,26.333715
1521,PlantVillage Internal,0,D:\Tomato_Disease_Research\plantvillage\Tomato__Target_Spot\8ef53996-d440-40b6-8665-2e3acf4f6b7b___Com.G_TgS_FL 9875.JPG,6,0.9999989,26.166927
1522,PlantVillage Internal,0,D:\Tomato_Disease_Research\plantvillage\Tomato__Target_Spot\902b00e9-f2b1-45e3-bd13-4f4428fd0833___Com.G_TgS_FL 0871.JPG,6,0.99999917,25.71714
1523,PlantVillage Internal,0,D:\Tomato_Disease_Research\plantvillage\Tomato__Target_Spot\90eecef5-da97-4905-8144-e4ad2f2680b1___Com.G_TgS_FL 9937.JPG,6,0.99999857,26.244587
1524,PlantVillage Internal,0,D:\Tomato_Disease_Research\plantvillage\Tomato__Target_Spot\91d62856-1ead-4c8a-9257-220883b2e508___Com.G_TgS_FL 9789.JPG,6,0.99999905,25.691418
1525,PlantVillage Internal,0,D:\Tomato_Disease_Research\plantvillage\Tomato__Target_Spot\9246e5ab-5329-4b96-8718-0909998f4531___Com.G_TgS_FL 7975.JPG,6,0.99999917,25.445414
1526,PlantVillage Internal,0,D:\Tomato_Disease_Research\plantvillage\Tomato__Target_Spot\942dbcb4-7c9e-4ec7-beea-cd11383c7d83___Com.G_TgS_FL 0835.JPG,6,0.99999917,25.805538
1527,PlantVillage Internal,0,D:\Tomato_Disease_Research\plantvillage\Tomato__Target_Spot\94f680e4-21b1-4cf1-965b-139c967534ab___Com.G_TgS_FL 0853.JPG,6,0.99999905,25.692669
1528,PlantVillage Internal,0,D:\Tomato_Disease_Research\plantvillage\Tomato__Target_Spot\95c4cd26-0d05-410a-b61e-6fd459a4be56___Com.G_TgS_FL 1121.JPG,6,0.9999987,25.991034
1529,PlantVillage Internal,0,D:\Tomato_Disease_Research\plantvillage\Tomato__Target_Spot\9719a548-125a-449c-8f7b-018f795e74c0___Com.G_TgS_FL 1063.JPG,6,0.9999989,25.71113
1530,PlantVillage Internal,0,D:\Tomato_Disease_Research\plantvillage\Tomato__Target_Spot\994414de-c6a6-4d55-8a61-eb0cd8d930c0___Com.G_TgS_FL 8367.JPG,6,0.9999993,25.986052
1531,PlantVillage Internal,0,D:\Tomato_Disease_Research\plantvillage\Tomato__Target_Spot\9a8a98fe-5fd4-4630-bd49-35cfd3672e8b___Com.G_TgS_FL 9706.JPG,6,0.99999905,26.322834
1532,PlantVillage Internal,0,D:\Tomato_Disease_Research\plantvillage\Tomato__Target_Spot\9a9c60f1-1991-4a5d-93b9-d546f75e8b03___Com.G_TgS_FL 9858.JPG,6,0.99999857,26.03922
1533,PlantVillage Internal,0,D:\Tomato_Disease_Research\plantvillage\Tomato__Target_Spot\9ab320dc-b7f4-42ef-82ed-77c6431d0468___Com.G_TgS_FL 0817.JPG,6,0.9999994,25.867657
1534,PlantVillage Internal,0,D:\Tomato_Disease_Research\plantvillage\Tomato__Target_Spot\9af07afd-a597-4c46-918b-6d6061e93edc___Com.G_TgS_FL 1059.JPG,6,0.9999993,25.758951
1535,PlantVillage Internal,0,D:\Tomato_Disease_Research\plantvillage\Tomato__Target_Spot\9b2c3687-231d-456a-9b3a-df24481f9c12___Com.G_TgS_FL 8177.JPG,6,0.99999917,25.871532
1536,PlantVillage Internal,0,D:\Tomato_Disease_Research\plantvillage\Tomato__Target_Spot\a06e2b19-8e8d-4803-b78a-91c6b0ffd868___Com.G_TgS_FL 0020.JPG,6,0.99999905,25.710566
1537,PlantVillage Internal,0,D:\Tomato_Disease_Research\plantvillage\Tomato__Target_Spot\a11d867b-0cb9-4bc8-a96a-98dad0085c09___Com.G_TgS_FL 0653.JPG,6,0.9999993,25.57067
1538,PlantVillage Internal,0,D:\Tomato_Disease_Research\plantvillage\Tomato__Target_Spot\a13d28b1-7cdf-4d10-bd16-e01cefbe9e0e___Com.G_TgS_FL 9779.JPG,6,0.99999905,26.0898
1539,PlantVillage Internal,0,D:\Tomato_Disease_Research\plantvillage\Tomato__Target_Spot\a22aa3d8-3856-459b-8b96-f520c3969743___Com.G_TgS_FL 0951.JPG,6,0.9999987,25.708076
1540,PlantVillage Internal,0,D:\Tomato_Disease_Research\plantvillage\Tomato__Target_Spot\a489da29-b369-4bae-a001-f9fe8f2348cc___Com.G_TgS_FL 0735.JPG,6,0.9999988,25.844809
1541,PlantVillage Internal,0,D:\Tomato_Disease_Research\plantvillage\Tomato__Target_Spot\a6dd65af-e40e-4dfd-84ed-ba527ae1b9b5___Com.G_TgS_FL 0650.JPG,6,0.9999993,26.006506
1542,PlantVillage Internal,0,D:\Tomato_Disease_Research\plantvillage\Tomato__Target_Spot\a992283a-d489-4622-b90d-aef3b7e30811___Com.G_TgS_FL 9969.JPG,6,0.9999993,25.777107
1543,PlantVillage Internal,0,D:\Tomato_Disease_Research\plantvillage\Tomato__Target_Spot\a9d36db4-6b58-402d-9e7b-174073f0df3b___Com.G_TgS_FL 1090.JPG,6,0.99999905,25.807848
1544,PlantVillage Internal,0,D:\Tomato_Disease_Research\plantvillage\Tomato__Target_Spot\ab7126ed-6e91-4175-b552-e26756c54b3e___Com.G_TgS_FL 8341.JPG,6,0.99999917,25.45005
1545,PlantVillage Internal,0,D:\Tomato_Disease_Research\plantvillage\Tomato__Target_Spot\ac946977-3f2b-4500-8920-607173e37def___Com.G_TgS_FL 7901.JPG,6,0.99999917,25.587187
1546,PlantVillage Internal,0,D:\Tomato_Disease_Research\plantvillage\Tomato__Target_Spot\acad7d53-5c67-48e9-a383-af6ced180029___Com.G_TgS_FL 8150.JPG,6,0.99999917,25.494942
1547,PlantVillage Internal,0,D:\Tomato_Disease_Research\plantvillage\Tomato__Target_Spot\ae240844-37fa-4111-86e0-7d7def9416b6___Com.G_TgS_FL 8322.JPG,6,0.99999917,25.463572
1548,PlantVillage Internal,0,D:\Tomato_Disease_Research\plantvillage\Tomato__Target_Spot\b101a4be-e7c4-4237-8e2f-e256b2d4371d___Com.G_TgS_FL 8139.JPG,6,0.9999993,25.81563
1549,PlantVillage Internal,0,D:\Tomato_Disease_Research\plantvillage\Tomato__Target_Spot\b2bf7586-9182-403a-b639-2eb26a2440b4___Com.G_TgS_FL 9688.JPG,6,0.9999988,25.739038
1550,PlantVillage Internal,0,D:\Tomato_Disease_Research\plantvillage\Tomato__Target_Spot\b43bda6d-5066-4143-884b-533c0aedf6e7___Com.G_TgS_FL 9942.JPG,6,0.9999988,26.071312
1551,PlantVillage Internal,0,D:\Tomato_Disease_Research\plantvillage\Tomato__Target_Spot\b7ed22d3-7ade-479b-a6f0-9d140ced1b37___Com.G_TgS_FL 9898.JPG,6,0.9999993,26.194874
1552,PlantVillage Internal,0,D:\Tomato_Disease_Research\plantvillage\Tomato__Target_Spot\b89c4c2d-5392-4d70-816f-2580956f4e8a___Com.G_TgS_FL 0005.JPG,6,0.9999993,26.13509
1553,PlantVillage Internal,0,D:\Tomato_Disease_Research\plantvillage\Tomato__Target_Spot\b9319e7d-c5c1-4281-8e0b-aa642f91b8cc___Com.G_TgS_FL 8361.JPG,6,0.9999987,25.31534
1554,PlantVillage Internal,0,D:\Tomato_Disease_Research\plantvillage\Tomato__Target_Spot\b9ca3f45-dbc3-43ac-b345-4b81c5fcb2b6___Com.G_TgS_FL 7916.JPG,6,0.9999988,25.634283
1555,PlantVillage Internal,0,D:\Tomato_Disease_Research\plantvillage\Tomato__Target_Spot\bb78af9f-9975-4ce5-86a0-0f966b2b6d69___Com.G_TgS_FL 7936.JPG,6,0.9999895,25.35113
1556,PlantVillage Internal,0,D:\Tomato_Disease_Research\plantvillage\Tomato__Target_Spot\be2eec45-119a-4902-b432-6bbd3933d204___Com.G_TgS_FL 0781.JPG,6,0.9999988,25.796803
1557,PlantVillage Internal,0,D:\Tomato_Disease_Research\plantvillage\Tomato__Target_Spot\bf0b7a23-f141-4d5d-a62a-5959b8333ec1___Com.G_TgS_FL 8039.JPG,6,0.99999905,25.75528
1558,PlantVillage Internal,0,D:\Tomato_Disease_Research\plantvillage\Tomato__Target_Spot\c015a82f-bd85-4e21-bd6d-641f21156103___Com.G_TgS_FL 0652.JPG,6,0.99999917,25.436693
1559,PlantVillage Internal,0,D:\Tomato_Disease_Research\plantvillage\Tomato__Target_Spot\c13a16d9-d079-4fb5-8316-dcc589a88cf0___Com.G_TgS_FL 9930.JPG,6,0.99999905,25.829557
1560,PlantVillage Internal,0,D:\Tomato_Disease_Research\plantvillage\Tomato__Target_Spot\c190c3ef-31e1-4d88-bb28-c6e747d4ff1f___Com.G_TgS_FL 9838.JPG,6,0.9999938,25.386261
1561,PlantVillage Internal,0,D:\Tomato_Disease_Research\plantvillage\Tomato__Target_Spot\c47c2e46-e1ec-4359-ae0b-5e8b89dbd32f___Com.G_TgS_FL 9795.JPG,6,0.9999994,26.11688
1562,PlantVillage Internal,0,D:\Tomato_Disease_Research\plantvillage\Tomato__Target_Spot\c5af6691-91a3-41a3-85ad-4b9bf717819e___Com.G_TgS_FL 9712.JPG,6,0.9999981,25.98829
1563,PlantVillage Internal,0,D:\Tomato_Disease_Research\plantvillage\Tomato__Target_Spot\c656883a-6fb2-497e-ac61-bd6416444325___Com.G_TgS_FL 1103.JPG,6,0.9999982,25.490774
1564,PlantVillage Internal,0,D:\Tomato_Disease_Research\plantvillage\Tomato__Target_Spot\c66b04ac-ccad-45d7-bc89-d2280090a2a9___Com.G_TgS_FL 9864.JPG,6,0.9999989,26.081541
1565,PlantVillage Internal,0,D:\Tomato_Disease_Research\plantvillage\Tomato__Target_Spot\c6bb63a5-8698-4a14-8f32-195b355cc9dd___Com.G_TgS_FL 9801.JPG,6,0.9999994,26.317226
1566,PlantVillage Internal,0,D:\Tomato_Disease_Research\plantvillage\Tomato__Target_Spot\c81e92a8-0665-45ac-8887-b8b749a033da___Com.G_TgS_FL 8277.JPG,6,0.99999917,25.618496
1567,PlantVillage Internal,0,D:\Tomato_Disease_Research\plantvillage\Tomato__Target_Spot\c83ff0f8-5747-4a29-a562-63fd4c21385a___Com.G_TgS_FL 9951.JPG,6,0.9999988,25.882174
1568,PlantVillage Internal,0,D:\Tomato_Disease_Research\plantvillage\Tomato__Target_Spot\c848bd9d-1639-4ca5-ac87-8d2342138764___Com.G_TgS_FL 8380.JPG,6,0.99999917,25.72923
1569,PlantVillage Internal,0,D:\Tomato_Disease_Research\plantvillage\Tomato__Target_Spot\c883bf3a-7ad1-428c-aaa7-cecc51ddbd5d___Com.G_TgS_FL 9702.JPG,6,0.99999905,25.734612
1570,PlantVillage Internal,0,D:\Tomato_Disease_Research\plantvillage\Tomato__Target_Spot\c8b59053-241f-4119-aa1f-9f01f2931f4b___Com.G_TgS_FL 8280.JPG,6,0.99999905,25.605335
1571,PlantVillage Internal,0,D:\Tomato_Disease_Research\plantvillage\Tomato__Target_Spot\c9ab967a-4bf7-4a19-bab0-8b5a616be23c___Com.G_TgS_FL 9914.JPG,6,0.9999994,26.08107
1572,PlantVillage Internal,0,D:\Tomato_Disease_Research\plantvillage\Tomato__Target_Spot\c9f65975-c39a-4d7c-9056-298de8e72317___Com.G_TgS_FL 1017.JPG,6,0.99999917,25.849836
1573,PlantVillage Internal,0,D:\Tomato_Disease_Research\plantvillage\Tomato__Target_Spot\ca331f9c-d7f3-4fc0-8e75-9e1366e9ad71___Com.G_TgS_FL 8386.JPG,6,0.9999993,26.048222
1574,PlantVillage Internal,0,D:\Tomato_Disease_Research\plantvillage\Tomato__Target_Spot\ca7de317-7f03-4223-a880-b4e37f5be25a___Com.G_TgS_FL 8203.JPG,6,0.99999905,25.907766
1575,PlantVillage Internal,0,D:\Tomato_Disease_Research\plantvillage\Tomato__Target_Spot\cbcc8f5b-35a7-437f-85fc-7f12f72b1575___Com.G_TgS_FL 0958.JPG,6,0.9999988,25.60071
1576,PlantVillage Internal,0,D:\Tomato_Disease_Research\plantvillage\Tomato__Target_Spot\cec49ee8-8ed3-40c6-80e5-d7ebff28dd45___Com.G_TgS_FL 8340.JPG,6,0.99999917,25.666471
1577,PlantVillage Internal,0,D:\Tomato_Disease_Research\plantvillage\Tomato__Target_Spot\d0c861e0-aae7-4847-84cc-880ecc5a8aa1___Com.G_TgS_FL 8005.JPG,6,0.99999905,25.944302
1578,PlantVillage Internal,0,D:\Tomato_Disease_Research\plantvillage\Tomato__Target_Spot\d1d9b1b4-ec57-4a50-8797-326b452d68cc___Com.G_TgS_FL 8310.JPG,6,0.99999905,25.419529
1579,PlantVillage Internal,0,D:\Tomato_Disease_Research\plantvillage\Tomato__Target_Spot\d256a215-0bb3-4269-abbd-521f98ec06e4___Com.G_TgS_FL 0756.JPG,6,0.9999993,25.940937
1580,PlantVillage Internal,0,D:\Tomato_Disease_Research\plantvillage\Tomato__Target_Spot\d2fbf6aa-07fb-4ae1-8e82-2980be399705___Com.G_TgS_FL 0767.JPG,6,0.99999905,25.34705
1581,PlantVillage Internal,0,D:\Tomato_Disease_Research\plantvillage\Tomato__Target_Spot\d36367e0-e34d-4d67-804d-c5d466a5eb9c___Com.G_TgS_FL 0896.JPG,6,0.9999989,25.819862
1582,PlantVillage Internal,0,D:\Tomato_Disease_Research\plantvillage\Tomato__Target_Spot\d3d9fe25-5624-4799-8632-bd52bfa759f5___Com.G_TgS_FL 8185.JPG,6,0.9999989,25.834549
1583,PlantVillage Internal,0,D:\Tomato_Disease_Research\plantvillage\Tomato__Target_Spot\d55566ba-9716-42ea-a474-9850db0811d6___Com.G_TgS_FL 0895.JPG,6,0.99999833,25.69704
1584,PlantVillage Internal,0,D:\Tomato_Disease_Research\plantvillage\Tomato__Target_Spot\d7568e5a-2ce8-4851-85db-bcf229d1ab5f___Com.G_TgS_FL 9961.JPG,6,0.99999917,25.897905
1585,PlantVillage Internal,0,D:\Tomato_Disease_Research\plantvillage\Tomato__Target_Spot\d8479d6b-e3c4-41d9-80f1-02d6abf8adb5___Com.G_TgS_FL 7869.JPG,6,0.99999857,25.464632
1586,PlantVillage Internal,0,D:\Tomato_Disease_Research\plantvillage\Tomato__Target_Spot\d8dd0e85-7719-43e2-b886-052356deb7ff___Com.G_TgS_FL 0661.JPG,6,0.9999988,25.678421
1587,PlantVillage Internal,0,D:\Tomato_Disease_Research\plantvillage\Tomato__Target_Spot\d9d2d7ca-3301-4174-aec5-b4578682b0d9___Com.G_TgS_FL 8181.JPG,6,0.99999917,26.021103
1588,PlantVillage Internal,0,D:\Tomato_Disease_Research\plantvillage\Tomato__Target_Spot\da8c3dd0-743a-4251-a2f3-87329fd633cf___Com.G_TgS_FL 8138.JPG,6,0.99999917,25.930555
1589,PlantVillage Internal,0,D:\Tomato_Disease_Research\plantvillage\Tomato__Target_Spot\dbde19fe-bc70-417b-9852-ee624dd7fe7c___Com.G_TgS_FL 9845.JPG,6,0.9999987,25.996555
1590,PlantVillage Internal,0,D:\Tomato_Disease_Research\plantvillage\Tomato__Target_Spot\dcccd1d5-958f-4ea9-9d04-a067275f137d___Com.G_TgS_FL 9846.JPG,6,0.9999449,25.97015
1591,PlantVillage Internal,0,D:\Tomato_Disease_Research\plantvillage\Tomato__Target_Spot\de3db84e-e8a6-482e-b06d-3ebc28876ec1___Com.G_TgS_FL 8163.JPG,6,0.99999917,25.972727
1592,PlantVillage Internal,0,D:\Tomato_Disease_Research\plantvillage\Tomato__Target_Spot\debfce8a-5cf0-47c4-992e-c019799d4e3a___Com.G_TgS_FL 1026.JPG,6,0.9999981,25.798132
1593,PlantVillage Internal,0,D:\Tomato_Disease_Research\plantvillage\Tomato__Target_Spot\df21c246-c0bd-41b0-b28f-7e53b48758e9___Com.G_TgS_FL 9856.JPG,6,0.9999982,25.724981
1594,PlantVillage Internal,0,D:\Tomato_Disease_Research\plantvillage\Tomato__Target_Spot\e0305b9d-488b-4fe0-8472-8bbd9dfe6bc4___Com.G_TgS_FL 7895.JPG,6,0.99999917,25.883623
1595,PlantVillage Internal,0,D:\Tomato_Disease_Research\plantvillage\Tomato__Target_Spot\e0fd3533-d5af-4090-a0d2-0507791d3926___Com.G_TgS_FL 8020.JPG,6,0.9999987,25.423964
1596,PlantVillage Internal,0,D:\Tomato_Disease_Research\plantvillage\Tomato__Target_Spot\e3f15fee-d0d1-4702-b209-f4eb967821a1___Com.G_TgS_FL 9700.JPG,6,0.9999988,25.582682
1597,PlantVillage Internal,0,D:\Tomato_Disease_Research\plantvillage\Tomato__Target_Spot\e463ac05-4bd5-45a2-9739-79517670017a___Com.G_TgS_FL 9991.JPG,6,0.99999905,26.596012
1598,PlantVillage Internal,0,D:\Tomato_Disease_Research\plantvillage\Tomato__Target_Spot\e4ad9ac7-fe25-4ef0-b605-d5d7f5c6c329___Com.G_TgS_FL 7913.JPG,6,0.9999993,26.044931
1599,PlantVillage Internal,0,D:\Tomato_Disease_Research\plantvillage\Tomato__Target_Spot\e5a78940-7b50-4677-bdb4-b62812e5638c___Com.G_TgS_FL 9859.JPG,6,0.99999774,26.327127
1600,PlantVillage Internal,0,D:\Tomato_Disease_Research\plantvillage\Tomato__Target_Spot\e5ddbfad-a3f5-4700-bf35-f8ed4120d1ec___Com.G_TgS_FL 0922.JPG,6,0.99999905,25.851387
1601,PlantVillage Internal,0,D:\Tomato_Disease_Research\plantvillage\Tomato__Target_Spot\e6efb6e3-7e58-441d-808f-bdb535f8ad70___Com.G_TgS_FL 9764.JPG,6,0.99999654,25.863953
1602,PlantVillage Internal,0,D:\Tomato_Disease_Research\plantvillage\Tomato__Target_Spot\e752f821-9c22-4ec5-992a-088fa1c8352c___Com.G_TgS_FL 9902.JPG,6,0.9999993,26.146498
1603,PlantVillage Internal,0,D:\Tomato_Disease_Research\plantvillage\Tomato__Target_Spot\e8fae6c5-9d62-4f65-81a0-807e3082ea8d___Com.G_TgS_FL 0641.JPG,6,0.99999726,25.529758
1604,PlantVillage Internal,0,D:\Tomato_Disease_Research\plantvillage\Tomato__Target_Spot\e920317d-f75e-4fc1-a276-7c6a6837a0fd___Com.G_TgS_FL 0942.JPG,6,0.9999989,25.519482
1605,PlantVillage Internal,0,D:\Tomato_Disease_Research\plantvillage\Tomato__Target_Spot\ea1a98f6-8ec2-434e-9e48-537378734029___Com.G_TgS_FL 0028.JPG,6,0.9999981,25.657743
1606,PlantVillage Internal,0,D:\Tomato_Disease_Research\plantvillage\Tomato__Target_Spot\ea2f32ba-1bc3-4f8b-abbf-64902bce680d___Com.G_TgS_FL 0823.JPG,6,0.99999905,25.842562
1607,PlantVillage Internal,0,D:\Tomato_Disease_Research\plantvillage\Tomato__Target_Spot\eaf057ea-2195-4a6c-9bcf-1f5bcad4b430___Com.G_TgS_FL 9848.JPG,6,0.999995,26.080011
1608,PlantVillage Internal,0,D:\Tomato_Disease_Research\plantvillage\Tomato__Target_Spot\ec6bc457-a4d9-4deb-8f1b-5605637e6c99___Com.G_TgS_FL 9799.JPG,6,0.99999917,25.818804
1609,PlantVillage Internal,0,D:\Tomato_Disease_Research\plantvillage\Tomato__Target_Spot\ee03c96e-d088-4054-8448-27894f7d9609___Com.G_TgS_FL 0979.JPG,6,0.9999988,25.669903
1610,PlantVillage Internal,0,D:\Tomato_Disease_Research\plantvillage\Tomato__Target_Spot\efa8a3d8-caf5-438e-bcce-ad8ed2f2929f___Com.G_TgS_FL 7881.JPG,6,0.9999993,25.865665
1611,PlantVillage Internal,0,D:\Tomato_Disease_Research\plantvillage\Tomato__Target_Spot\f02e6633-416e-4eb1-bfaa-26b4ede06758___Com.G_TgS_FL 1085.JPG,6,0.9999988,26.073349
1612,PlantVillage Internal,0,D:\Tomato_Disease_Research\plantvillage\Tomato__Target_Spot\f2977510-dab7-46cf-9953-2f898c61151f___Com.G_TgS_FL 0724.JPG,6,0.99999917,25.991228
1613,PlantVillage Internal,0,D:\Tomato_Disease_Research\plantvillage\Tomato__Target_Spot\f2e0f0c8-503c-4889-b39a-c5b2acbce17e___Com.G_TgS_FL 0929.JPG,6,0.9999989,25.715893
1614,PlantVillage Internal,0,D:\Tomato_Disease_Research\plantvillage\Tomato__Target_Spot\f36508ae-5375-40da-b127-17f3ee0fd837___Com.G_TgS_FL 8369.JPG,6,0.99999905,25.553936
1615,PlantVillage Internal,0,D:\Tomato_Disease_Research\plantvillage\Tomato__Target_Spot\f3878705-b6ce-448d-868c-5c8016047e57___Com.G_TgS_FL 9736.JPG,6,0.9999995,25.993446
1616,PlantVillage Internal,0,D:\Tomato_Disease_Research\plantvillage\Tomato__Target_Spot\f5034515-2e6f-43e0-abde-7f62d165b750___Com.G_TgS_FL 8127.JPG,6,0.99999857,25.628294
1617,PlantVillage Internal,0,D:\Tomato_Disease_Research\plantvillage\Tomato__Target_Spot\f517602e-150c-45bc-9f16-cdd43b6198cf___Com.G_TgS_FL 0742.JPG,6,0.9999988,25.5176
1618,PlantVillage Internal,0,D:\Tomato_Disease_Research\plantvillage\Tomato__Target_Spot\f5cd5835-88bb-40e0-bfc5-920ba1f65674___Com.G_TgS_FL 8350.JPG,6,0.9999987,25.235506
1619,PlantVillage Internal,0,D:\Tomato_Disease_Research\plantvillage\Tomato__Target_Spot\f7ab8f84-31f8-4d1d-9068-e7918ce9c4bf___Com.G_TgS_FL 0780.JPG,6,0.99999905,25.682192
1620,PlantVillage Internal,0,D:\Tomato_Disease_Research\plantvillage\Tomato__Target_Spot\f8d56ae0-9f9b-4a80-89ec-41717ab8fd38___Com.G_TgS_FL 8256.JPG,6,0.99999917,25.728306
1621,PlantVillage Internal,0,D:\Tomato_Disease_Research\plantvillage\Tomato__Target_Spot\faf529ef-0d4a-4f6d-9a17-27498eae98a5___Com.G_TgS_FL 8208.JPG,6,0.9999988,25.567768
1622,PlantVillage Internal,0,D:\Tomato_Disease_Research\plantvillage\Tomato__Target_Spot\fb967f21-6c02-4bd3-9145-ee91db7eb2c8___Com.G_TgS_FL 8059.JPG,6,0.9999989,25.90755
1623,PlantVillage Internal,0,D:\Tomato_Disease_Research\plantvillage\Tomato__Target_Spot\fddfa96b-42a0-43f1-bbee-eac32d7caff7___Com.G_TgS_FL 9820.JPG,6,0.9999988,25.717062
1624,PlantVillage Internal,0,D:\Tomato_Disease_Research\plantvillage\Tomato__Tomato_YellowLeaf__Curl_Virus\00576ef6-6fa0-40d2-b365-87850597bafd___UF.GRC_YLCV_Lab 01999.JPG,7,0.9999993,26.145544
1625,PlantVillage Internal,0,D:\Tomato_Disease_Research\plantvillage\Tomato__Tomato_YellowLeaf__Curl_Virus\006c18c6-2486-412b-8113-956819390392___YLCV_NREC 2629.JPG,7,0.9999993,26.02114
1626,PlantVillage Internal,0,D:\Tomato_Disease_Research\plantvillage\Tomato__Tomato_YellowLeaf__Curl_Virus\00e8f0db-abfd-4991-b51f-b87ab7e24612___YLCV_GCREC 2519.JPG,7,0.9999993,26.514345
1627,PlantVillage Internal,0,D:\Tomato_Disease_Research\plantvillage\Tomato__Tomato_YellowLeaf__Curl_Virus\012ee431-b6ec-4dd5-8646-008bd2f554fe___YLCV_NREC 0064.JPG,7,0.99999905,26.280436
1628,PlantVillage Internal,0,D:\Tomato_Disease_Research\plantvillage\Tomato__Tomato_YellowLeaf__Curl_Virus\014d1604-dbbb-4b24-b167-37ec77cccfc6___UF.GRC_YLCV_Lab 01441.JPG,7,0.9999988,26.201492
1629,PlantVillage Internal,0,D:\Tomato_Disease_Research\plantvillage\Tomato__Tomato_YellowLeaf__Curl_Virus\016bbee4-7b9d-40c8-a802-2bbf00f3bb27___YLCV_NREC 2290.JPG,7,0.99999917,25.900457
1630,PlantVillage Internal,0,D:\Tomato_Disease_Research\plantvillage\Tomato__Tomato_YellowLeaf__Curl_Virus\018c1311-3ebf-48ce-8e31-f663e1b418a2___UF.GRC_YLCV_Lab 02979.JPG,7,0.99999917,26.46246
1631,PlantVillage Internal,0,D:\Tomato_Disease_Research\plantvillage\Tomato__Tomato_YellowLeaf__Curl_Virus\0223bec0-2d13-42aa-b653-3aa3ee502b85___YLCV_GCREC 2507.JPG,7,0.9999993,26.140156
1632,PlantVillage Internal,0,D:\Tomato_Disease_Research\plantvillage\Tomato__Tomato_YellowLeaf__Curl_Virus\02cb40d6-550a-42fb-99ce-247e4406a322___UF.GRC_YLCV_Lab 02991.JPG,7,0.99999905,26.249037
1633,PlantVillage Internal,0,D:\Tomato_Disease_Research\plantvillage\Tomato__Tomato_YellowLeaf__Curl_Virus\02dfcd5a-d665-4d4a-a12d-c64682647190___UF.GRC_YLCV_Lab 01991.JPG,7,0.99999905,25.71211
1634,PlantVillage Internal,0,D:\Tomato_Disease_Research\plantvillage\Tomato__Tomato_YellowLeaf__Curl_Virus\03028d07-fabb-4524-af78-8919980ed2ac___UF.GRC_YLCV_Lab 03170.JPG,7,0.9999989,26.205296
1635,PlantVillage Internal,0,D:\Tomato_Disease_Research\plantvillage\Tomato__Tomato_YellowLeaf__Curl_Virus\034a033b-6c59-4a45-a159-291561c711be___UF.GRC_YLCV_Lab 01627.JPG,7,0.99999917,26.183352
1636,PlantVillage Internal,0,D:\Tomato_Disease_Research\plantvillage\Tomato__Tomato_YellowLeaf__Curl_Virus\03bbea43-5a47-4c6a-b036-9a29152c8f09___UF.GRC_YLCV_Lab 01900.JPG,7,0.99999905,25.892004
1637,PlantVillage Internal,0,D:\Tomato_Disease_Research\plantvillage\Tomato__Tomato_YellowLeaf__Curl_Virus\046273fc-2ab8-4fb0-abaa-bc43e28d5a7a___YLCV_NREC 2692.JPG,7,0.9999993,26.375082
1638,PlantVillage Internal,0,D:\Tomato_Disease_Research\plantvillage\Tomato__Tomato_YellowLeaf__Curl_Virus\04e0bd12-ec63-432a-9b4a-23e23bb6d2be___YLCV_GCREC 2208.JPG,7,0.99999905,25.993273
1639,PlantVillage Internal,0,D:\Tomato_Disease_Research\plantvillage\Tomato__Tomato_YellowLeaf__Curl_Virus\04edcd31-202d-43bd-8a61-2985c27e3be3___UF.GRC_YLCV_Lab 01805.JPG,7,0.99999917,26.031923
1640,PlantVillage Internal,0,D:\Tomato_Disease_Research\plantvillage\Tomato__Tomato_YellowLeaf__Curl_Virus\0515eeb0-1bfb-4307-b09d-8fce88e23aac___UF.GRC_YLCV_Lab 02549.JPG,7,0.99999905,26.82719
1641,PlantVillage Internal,0,D:\Tomato_Disease_Research\plantvillage\Tomato__Tomato_YellowLeaf__Curl_Virus\05c7f371-7278-4d67-9bbf-9c21096b6044___YLCV_GCREC 2425.JPG,7,0.9999993,26.341421
1642,PlantVillage Internal,0,D:\Tomato_Disease_Research\plantvillage\Tomato__Tomato_YellowLeaf__Curl_Virus\0632b42f-8d80-4cbb-b9f0-11997b3b7477___UF.GRC_YLCV_Lab 03117.JPG,7,0.9999993,26.392073
1643,PlantVillage Internal,0,D:\Tomato_Disease_Research\plantvillage\Tomato__Tomato_YellowLeaf__Curl_Virus\06843421-6362-4733-8bbc-aec499a1a452___YLCV_GCREC 2757.JPG,7,0.99999905,26.045658
1644,PlantVillage Internal,0,D:\Tomato_Disease_Research\plantvillage\Tomato__Tomato_YellowLeaf__Curl_Virus\06af6068-b0d7-4dec-b4d5-5ba2fe1753cb___YLCV_NREC 2321.JPG,7,0.99999905,25.927135
1645,PlantVillage Internal,0,D:\Tomato_Disease_Research\plantvillage\Tomato__Tomato_YellowLeaf__Curl_Virus\0721d1fb-9464-4c07-b44a-7c823da14bd7___UF.GRC_YLCV_Lab 02962.JPG,7,0.99999917,26.278027
1646,PlantVillage Internal,0,D:\Tomato_Disease_Research\plantvillage\Tomato__Tomato_YellowLeaf__Curl_Virus\0734ea54-1d91-4a7c-a42c-805ffc3e3245___UF.GRC_YLCV_Lab 02770.JPG,7,0.9999993,26.125803
1647,PlantVillage Internal,0,D:\Tomato_Disease_Research\plantvillage\Tomato__Tomato_YellowLeaf__Curl_Virus\07aa5223-ed3c-48a9-83e7-bd76a110f941___UF.GRC_YLCV_Lab 03119.JPG,7,0.9999993,26.385126
1648,PlantVillage Internal,0,D:\Tomato_Disease_Research\plantvillage\Tomato__Tomato_YellowLeaf__Curl_Virus\07aadcd9-330a-4600-a4d7-a638498c022d___YLCV_GCREC 2291.JPG,7,0.9999987,25.221138
1649,PlantVillage Internal,0,D:\Tomato_Disease_Research\plantvillage\Tomato__Tomato_YellowLeaf__Curl_Virus\07f1d416-ee72-4f16-9840-1c20d02c64cc___UF.GRC_YLCV_Lab 01781.JPG,7,0.99999905,26.099283
1650,PlantVillage Internal,0,D:\Tomato_Disease_Research\plantvillage\Tomato__Tomato_YellowLeaf__Curl_Virus\08166dc1-9f39-4086-bcc9-f0dc0f0e85a6___UF.GRC_YLCV_Lab 02812.JPG,7,0.99999905,26.444666
1651,PlantVillage Internal,0,D:\Tomato_Disease_Research\plantvillage\Tomato__Tomato_YellowLeaf__Curl_Virus\0848359b-471c-4cb9-a368-879fe6c1483b___UF.GRC_YLCV_Lab 01646.JPG,7,0.99999845,26.441278
1652,PlantVillage Internal,0,D:\Tomato_Disease_Research\plantvillage\Tomato__Tomato_YellowLeaf__Curl_Virus\0861ef6a-5758-45d5-8e15-1d1c814d8ed5___UF.GRC_YLCV_Lab 09591.JPG,7,0.9999989,26.16986
1653,PlantVillage Internal,0,D:\Tomato_Disease_Research\plantvillage\Tomato__Tomato_YellowLeaf__Curl_Virus\086fb13f-cf9e-4a78-bf22-9cc08aa4147b___UF.GRC_YLCV_Lab 03021.JPG,7,0.99999857,25.601713
1654,PlantVillage Internal,0,D:\Tomato_Disease_Research\plantvillage\Tomato__Tomato_YellowLeaf__Curl_Virus\08f78a80-46f5-45a6-937c-4d05d61c08c2___UF.GRC_YLCV_Lab 01895.JPG,7,0.9999993,26.171352
1655,PlantVillage Internal,0,D:\Tomato_Disease_Research\plantvillage\Tomato__Tomato_YellowLeaf__Curl_Virus\0922e026-b563-438d-b9ed-7476153023ce___YLCV_GCREC 2258.JPG,7,0.9999989,25.575857
1656,PlantVillage Internal,0,D:\Tomato_Disease_Research\plantvillage\Tomato__Tomato_YellowLeaf__Curl_Virus\09b3387c-2054-4155-813a-ce66c3116286___YLCV_NREC 2916.JPG,7,0.99999905,26.124454
1657,PlantVillage Internal,0,D:\Tomato_Disease_Research\plantvillage\Tomato__Tomato_YellowLeaf__Curl_Virus\0a17e781-b999-4a31-88a0-e914c4ba4a8a___UF.GRC_YLCV_Lab 02214.JPG,7,0.999997,25.882067
1658,PlantVillage Internal,0,D:\Tomato_Disease_Research\plantvillage\Tomato__Tomato_YellowLeaf__Curl_Virus\0a5f0d25-53a0-47d4-b3fa-984ec3b2a2fb___YLCV_GCREC 5214.JPG,7,0.9999993,25.819588
1659,PlantVillage Internal,0,D:\Tomato_Disease_Research\plantvillage\Tomato__Tomato_YellowLeaf__Curl_Virus\0a9560c4-1430-4514-93c4-7036f6fee43d___UF.GRC_YLCV_Lab 01280.JPG,7,0.9999993,26.241304
1660,PlantVillage Internal,0,D:\Tomato_Disease_Research\plantvillage\Tomato__Tomato_YellowLeaf__Curl_Virus\0a972298-84e7-47b4-9968-a77369063b02___YLCV_GCREC 1977.JPG,7,0.9999988,25.707813
1661,PlantVillage Internal,0,D:\Tomato_Disease_Research\plantvillage\Tomato__Tomato_YellowLeaf__Curl_Virus\0ae828f5-e6e8-4100-b297-52f98dfc6109___UF.GRC_YLCV_Lab 01958.JPG,7,0.9999993,26.282593
1662,PlantVillage Internal,0,D:\Tomato_Disease_Research\plantvillage\Tomato__Tomato_YellowLeaf__Curl_Virus\0b458337-20be-4c8d-ae8d-184cd60ee8c1___UF.GRC_YLCV_Lab 01311.JPG,7,0.9999993,26.120256
1663,PlantVillage Internal,0,D:\Tomato_Disease_Research\plantvillage\Tomato__Tomato_YellowLeaf__Curl_Virus\0b4f1295-fb19-4541-afa5-271800914460___UF.GRC_YLCV_Lab 03030.JPG,7,0.99999857,25.41525
1664,PlantVillage Internal,0,D:\Tomato_Disease_Research\plantvillage\Tomato__Tomato_YellowLeaf__Curl_Virus\0b65e4d3-9a6e-463a-b930-814c787d01c6___UF.GRC_YLCV_Lab 01910.JPG,7,0.99999917,26.063225
1665,PlantVillage Internal,0,D:\Tomato_Disease_Research\plantvillage\Tomato__Tomato_YellowLeaf__Curl_Virus\0b78b271-70eb-478c-b6b5-c271a2dfd3e2___UF.GRC_YLCV_Lab 01380.JPG,7,0.99999917,26.23806
1666,PlantVillage Internal,0,D:\Tomato_Disease_Research\plantvillage\Tomato__Tomato_YellowLeaf__Curl_Virus\0c88eee3-dc38-42ff-b834-a406d3275208___UF.GRC_YLCV_Lab 01762.JPG,7,0.9999989,26.010937
1667,PlantVillage Internal,0,D:\Tomato_Disease_Research\plantvillage\Tomato__Tomato_YellowLeaf__Curl_Virus\0c9ad7ef-1db7-4a0b-864d-7b6ca98a0282___UF.GRC_YLCV_Lab 01506.JPG,7,0.9999987,26.11599
1668,PlantVillage Internal,0,D:\Tomato_Disease_Research\plantvillage\Tomato__Tomato_YellowLeaf__Curl_Virus\0c9f5882-6af4-4472-8504-0987cdb4048a___UF.GRC_YLCV_Lab 01610.JPG,7,0.9999993,26.094404
1669,PlantVillage Internal,0,D:\Tomato_Disease_Research\plantvillage\Tomato__Tomato_YellowLeaf__Curl_Virus\0d84c5c2-beed-4122-898f-db2ca354de95___YLCV_GCREC 1914.JPG,7,0.9999993,26.313961
1670,PlantVillage Internal,0,D:\Tomato_Disease_Research\plantvillage\Tomato__Tomato_YellowLeaf__Curl_Virus\0dbf9fad-ad17-4dcf-90cf-b5e3fa26e3a5___UF.GRC_YLCV_Lab 08583.JPG,7,0.99999726,25.392132
1671,PlantVillage Internal,0,D:\Tomato_Disease_Research\plantvillage\Tomato__Tomato_YellowLeaf__Curl_Virus\0e07d1ac-39e3-404a-b14e-3218ee74e6bd___YLCV_NREC 2784.JPG,7,0.99999905,25.715532
1672,PlantVillage Internal,0,D:\Tomato_Disease_Research\plantvillage\Tomato__Tomato_YellowLeaf__Curl_Virus\0fdcaef4-4723-4b4b-b81c-45f250a8ede3___YLCV_NREC 0254.JPG,7,0.99999905,26.122332
1673,PlantVillage Internal,0,D:\Tomato_Disease_Research\plantvillage\Tomato__Tomato_YellowLeaf__Curl_Virus\1007b891-4d3c-481a-9142-093905d2d02c___UF.GRC_YLCV_Lab 02743.JPG,7,0.9999993,26.269793
1674,PlantVillage Internal,0,D:\Tomato_Disease_Research\plantvillage\Tomato__Tomato_YellowLeaf__Curl_Virus\100e0500-25e7-4ecf-bbff-47b59472f911___UF.GRC_YLCV_Lab 01282.JPG,7,0.9999993,26.203754
1675,PlantVillage Internal,0,D:\Tomato_Disease_Research\plantvillage\Tomato__Tomato_YellowLeaf__Curl_Virus\100f3160-f1b5-4e56-9f8e-dfac75d26311___YLCV_NREC 0191.JPG,7,0.999998,26.266659
1676,PlantVillage Internal,0,D:\Tomato_Disease_Research\plantvillage\Tomato__Tomato_YellowLeaf__Curl_Virus\10239cd2-1e83-45d0-b40d-816316d705d4___YLCV_GCREC 2393.JPG,7,0.9999993,26.576351
1677,PlantVillage Internal,0,D:\Tomato_Disease_Research\plantvillage\Tomato__Tomato_YellowLeaf__Curl_Virus\103210e0-a963-4d63-a23f-0e1bbe7f2f58___UF.GRC_YLCV_Lab 01639.JPG,7,0.99999595,26.982248
1678,PlantVillage Internal,0,D:\Tomato_Disease_Research\plantvillage\Tomato__Tomato_YellowLeaf__Curl_Virus\104fc95d-88f5-4f2e-a3ea-bfcba37f6b9f___UF.GRC_YLCV_Lab 01854.JPG,7,0.9999993,26.282799
1679,PlantVillage Internal,0,D:\Tomato_Disease_Research\plantvillage\Tomato__Tomato_YellowLeaf__Curl_Virus\10afeb08-5fa8-45bb-8af7-20aed5b9931a___UF.GRC_YLCV_Lab 09388.JPG,7,0.99999917,26.064379
1680,PlantVillage Internal,0,D:\Tomato_Disease_Research\plantvillage\Tomato__Tomato_YellowLeaf__Curl_Virus\10da71b1-049d-4d99-babb-0270692f7641___UF.GRC_YLCV_Lab 01681.JPG,7,0.99999833,26.196878
1681,PlantVillage Internal,0,D:\Tomato_Disease_Research\plantvillage\Tomato__Tomato_YellowLeaf__Curl_Virus\112779d4-27f3-4c5e-8813-b64d26ef7e03___UF.GRC_YLCV_Lab 02860.JPG,7,0.99999917,26.324696
1682,PlantVillage Internal,0,D:\Tomato_Disease_Research\plantvillage\Tomato__Tomato_YellowLeaf__Curl_Virus\115c36f2-2c97-4a9a-a091-3c6e976a5e79___UF.GRC_YLCV_Lab 01829.JPG,7,0.99999917,26.064024
1683,PlantVillage Internal,0,D:\Tomato_Disease_Research\plantvillage\Tomato__Tomato_YellowLeaf__Curl_Virus\119b516b-277b-47ae-bf89-5a61a54f7cd3___YLCV_GCREC 1969.JPG,7,0.99999917,25.539732
1684,PlantVillage Internal,0,D:\Tomato_Disease_Research\plantvillage\Tomato__Tomato_YellowLeaf__Curl_Virus\11e8ed90-0a9b-4730-b239-7eac7a93fcc2___YLCV_NREC 2741.JPG,7,0.9999993,26.418583
1685,PlantVillage Internal,0,D:\Tomato_Disease_Research\plantvillage\Tomato__Tomato_YellowLeaf__Curl_Virus\1215acbb-6ddf-48a2-a372-20a440723675___YLCV_NREC 2078.JPG,7,0.99999917,25.978086
1686,PlantVillage Internal,0,D:\Tomato_Disease_Research\plantvillage\Tomato__Tomato_YellowLeaf__Curl_Virus\12313111-b847-4491-934c-f5861e98db88___YLCV_NREC 0272.JPG,7,0.99999917,26.27841
1687,PlantVillage Internal,0,D:\Tomato_Disease_Research\plantvillage\Tomato__Tomato_YellowLeaf__Curl_Virus\1259b01b-cbed-4dd9-a523-bd7d584c49a9___YLCV_NREC 2560.JPG,7,0.9999989,26.002993
1688,PlantVillage Internal,0,D:\Tomato_Disease_Research\plantvillage\Tomato__Tomato_YellowLeaf__Curl_Virus\1270c061-02e6-4853-8f09-4bb718e1fbca___UF.GRC_YLCV_Lab 01767.JPG,7,0.9999993,26.309752
1689,PlantVillage Internal,0,D:\Tomato_Disease_Research\plantvillage\Tomato__Tomato_YellowLeaf__Curl_Virus\12f9f83e-78d4-465f-9987-569cd1e39237___UF.GRC_YLCV_Lab 02867.JPG,7,0.99999917,26.722832
1690,PlantVillage Internal,0,D:\Tomato_Disease_Research\plantvillage\Tomato__Tomato_YellowLeaf__Curl_Virus\1321c4b9-86db-41d1-a93b-b036040cc977___YLCV_GCREC 2707.JPG,7,0.9999994,26.299562
1691,PlantVillage Internal,0,D:\Tomato_Disease_Research\plantvillage\Tomato__Tomato_YellowLeaf__Curl_Virus\1436f541-7f24-446a-a044-272f5094d011___UF.GRC_YLCV_Lab 01693.JPG,7,0.9999993,26.940088
1692,PlantVillage Internal,0,D:\Tomato_Disease_Research\plantvillage\Tomato__Tomato_YellowLeaf__Curl_Virus\151a5c33-96d5-499e-a7b2-62d0cbc6bc91___YLCV_NREC 2766.JPG,7,0.9999994,26.571648
1693,PlantVillage Internal,0,D:\Tomato_Disease_Research\plantvillage\Tomato__Tomato_YellowLeaf__Curl_Virus\15ea913f-a400-4a72-9595-63c2f9c168ce___YLCV_GCREC 2828.JPG,7,0.99999905,25.947237
1694,PlantVillage Internal,0,D:\Tomato_Disease_Research\plantvillage\Tomato__Tomato_YellowLeaf__Curl_Virus\1622f25f-5dfe-4fc1-ad11-b0bf3effbd68___UF.GRC_YLCV_Lab 02392.JPG,7,0.9999989,25.961298
1695,PlantVillage Internal,0,D:\Tomato_Disease_Research\plantvillage\Tomato__Tomato_YellowLeaf__Curl_Virus\16395848-34c6-4c92-9119-088b5e815e12___YLCV_NREC 2471.JPG,7,0.99999917,25.741215
1696,PlantVillage Internal,0,D:\Tomato_Disease_Research\plantvillage\Tomato__Tomato_YellowLeaf__Curl_Virus\1666ae7f-31f9-4faf-8b60-40a1ded014ea___YLCV_GCREC 2236.JPG,7,0.99999917,26.034899
1697,PlantVillage Internal,0,D:\Tomato_Disease_Research\plantvillage\Tomato__Tomato_YellowLeaf__Curl_Virus\16951e1f-de33-4572-96f9-4be312c55d6b___UF.GRC_YLCV_Lab 03213.JPG,7,0.9999993,26.289253
1698,PlantVillage Internal,0,D:\Tomato_Disease_Research\plantvillage\Tomato__Tomato_YellowLeaf__Curl_Virus\16d0561b-45f1-477a-9a2a-d77f3b0c3412___YLCV_NREC 2779.JPG,7,0.99999917,26.05604
1699,PlantVillage Internal,0,D:\Tomato_Disease_Research\plantvillage\Tomato__Tomato_YellowLeaf__Curl_Virus\17e22e2c-e795-49f8-82c3-58b048b1b4c3___UF.GRC_YLCV_Lab 03366.JPG,7,0.99999917,26.054735
1700,PlantVillage Internal,0,D:\Tomato_Disease_Research\plantvillage\Tomato__Tomato_YellowLeaf__Curl_Virus\18973252-18b9-4302-b89c-2678798a038f___UF.GRC_YLCV_Lab 02668.JPG,7,0.99999917,25.939707
1701,PlantVillage Internal,0,D:\Tomato_Disease_Research\plantvillage\Tomato__Tomato_YellowLeaf__Curl_Virus\18a45a0a-98cd-4e97-9a3e-44c8a952baf4___UF.GRC_YLCV_Lab 01319.JPG,7,0.9999993,26.177698
1702,PlantVillage Internal,0,D:\Tomato_Disease_Research\plantvillage\Tomato__Tomato_YellowLeaf__Curl_Virus\18b0cd56-fade-43b0-8668-c04d62075956___UF.GRC_YLCV_Lab 02211.JPG,7,0.9999968,25.800081
1703,PlantVillage Internal,0,D:\Tomato_Disease_Research\plantvillage\Tomato__Tomato_YellowLeaf__Curl_Virus\18bc4741-93ef-4380-bed0-277824361c27___UF.GRC_YLCV_Lab 02402.JPG,7,0.99999917,26.611458
1704,PlantVillage Internal,0,D:\Tomato_Disease_Research\plantvillage\Tomato__Tomato_YellowLeaf__Curl_Virus\190e5d27-784d-4261-8704-51e4767b4835___YLCV_GCREC 2310.JPG,7,0.9999993,25.929718
1705,PlantVillage Internal,0,D:\Tomato_Disease_Research\plantvillage\Tomato__Tomato_YellowLeaf__Curl_Virus\193f32a3-11a4-4d39-a88c-a1bc44e61d66___UF.GRC_YLCV_Lab 02863.JPG,7,0.99999917,26.449562
1706,PlantVillage Internal,0,D:\Tomato_Disease_Research\plantvillage\Tomato__Tomato_YellowLeaf__Curl_Virus\19869eb6-51a1-448f-8326-af002366b2a9___UF.GRC_YLCV_Lab 02502.JPG,7,0.99999917,26.12097
1707,PlantVillage Internal,0,D:\Tomato_Disease_Research\plantvillage\Tomato__Tomato_YellowLeaf__Curl_Virus\19a20587-f100-4b2e-9c07-d07143b3b7d7___YLCV_NREC 2567.JPG,7,0.99999917,26.253355
1708,PlantVillage Internal,0,D:\Tomato_Disease_Research\plantvillage\Tomato__Tomato_YellowLeaf__Curl_Virus\19de5bae-f8a3-467b-a0f8-11a6b42b271f___YLCV_GCREC 2477.JPG,7,0.9999993,26.334354
1709,PlantVillage Internal,0,D:\Tomato_Disease_Research\plantvillage\Tomato__Tomato_YellowLeaf__Curl_Virus\1a52b0ca-b284-4944-bfc0-8c1c22a70e0d___YLCV_NREC 0140.JPG,7,0.99999905,26.460644
1710,PlantVillage Internal,0,D:\Tomato_Disease_Research\plantvillage\Tomato__Tomato_YellowLeaf__Curl_Virus\1a537532-de0a-4e34-ab75-8f31fd011f88___YLCV_GCREC 2860.JPG,7,0.99999917,25.898012
1711,PlantVillage Internal,0,D:\Tomato_Disease_Research\plantvillage\Tomato__Tomato_YellowLeaf__Curl_Virus\1a67b613-4652-4f95-a8aa-8775b497d938___YLCV_NREC 2215.JPG,7,0.99999857,26.150595
1712,PlantVillage Internal,0,D:\Tomato_Disease_Research\plantvillage\Tomato__Tomato_YellowLeaf__Curl_Virus\1a9afa3d-6040-40b0-8393-7772576dabc1___UF.GRC_YLCV_Lab 09604.JPG,7,0.9999989,25.820063
1713,PlantVillage Internal,0,D:\Tomato_Disease_Research\plantvillage\Tomato__Tomato_YellowLeaf__Curl_Virus\1ad9445f-f1aa-43ee-b0b6-e811fb120bcb___UF.GRC_YLCV_Lab 02600.JPG,7,0.9999993,26.383501
1714,PlantVillage Internal,0,D:\Tomato_Disease_Research\plantvillage\Tomato__Tomato_YellowLeaf__Curl_Virus\1ae01cae-4384-4041-9b1b-806253b3155d___YLCV_NREC 2166.JPG,7,0.99999905,25.979864
1715,PlantVillage Internal,0,D:\Tomato_Disease_Research\plantvillage\Tomato__Tomato_YellowLeaf__Curl_Virus\1aec01f1-6200-4d30-bb9f-30ae5f423a8a___YLCV_GCREC 2709.JPG,7,0.9999993,26.095682
1716,PlantVillage Internal,0,D:\Tomato_Disease_Research\plantvillage\Tomato__Tomato_YellowLeaf__Curl_Virus\1b984071-0529-4e15-9157-0b4b4a214d8f___UF.GRC_YLCV_Lab 08574.JPG,7,0.99999464,24.46274
1717,PlantVillage Internal,0,D:\Tomato_Disease_Research\plantvillage\Tomato__Tomato_YellowLeaf__Curl_Virus\1bc2555a-b8c3-4be6-9ce2-f52573f6eea0___UF.GRC_YLCV_Lab 09562.JPG,7,0.9999993,26.651024
1718,PlantVillage Internal,0,D:\Tomato_Disease_Research\plantvillage\Tomato__Tomato_YellowLeaf__Curl_Virus\1c0478dc-09a0-4828-ab05-60c7063c7491___UF.GRC_YLCV_Lab 03153.JPG,7,0.9999989,25.634789
1719,PlantVillage Internal,0,D:\Tomato_Disease_Research\plantvillage\Tomato__Tomato_YellowLeaf__Curl_Virus\1c1e1887-c9f8-4498-8ed5-4b09931946e0___UF.GRC_YLCV_Lab 03400.JPG,7,0.99999905,25.960457
1720,PlantVillage Internal,0,D:\Tomato_Disease_Research\plantvillage\Tomato__Tomato_YellowLeaf__Curl_Virus\1c915a75-66fa-439a-8772-8c794e2cc19b___YLCV_GCREC 2861.JPG,7,0.9999993,26.255074
1721,PlantVillage Internal,0,D:\Tomato_Disease_Research\plantvillage\Tomato__Tomato_YellowLeaf__Curl_Virus\1cd27c22-6bd1-479d-a548-4e7b953676c8___UF.GRC_YLCV_Lab 01373.JPG,7,0.99999905,26.572903
1722,PlantVillage Internal,0,D:\Tomato_Disease_Research\plantvillage\Tomato__Tomato_YellowLeaf__Curl_Virus\1cda9dae-d9ec-42b2-a420-52001ccb4941___UF.GRC_YLCV_Lab 03302.JPG,7,0.9999993,26.254675
1723,PlantVillage Internal,0,D:\Tomato_Disease_Research\plantvillage\Tomato__Tomato_YellowLeaf__Curl_Virus\1d3441cd-0da1-4fc0-858a-e9687a104a10___UF.GRC_YLCV_Lab 09333.JPG,7,0.99999833,26.006395
1724,PlantVillage Internal,0,D:\Tomato_Disease_Research\plantvillage\Tomato__Tomato_YellowLeaf__Curl_Virus\1d3807d1-263e-4818-ac13-416627479eb9___UF.GRC_YLCV_Lab 02241.JPG,7,0.9999994,26.748804
1725,PlantVillage Internal,0,D:\Tomato_Disease_Research\plantvillage\Tomato__Tomato_YellowLeaf__Curl_Virus\1da5a1f0-7b30-4984-869e-ecc7a618eb29___YLCV_NREC 2840.JPG,7,0.9999993,26.000185
1726,PlantVillage Internal,0,D:\Tomato_Disease_Research\plantvillage\Tomato__Tomato_YellowLeaf__Curl_Virus\1db26dba-d945-4ef1-9c64-dacfa10ce08a___UF.GRC_YLCV_Lab 02960.JPG,7,0.9999993,26.321888
1727,PlantVillage Internal,0,D:\Tomato_Disease_Research\plantvillage\Tomato__Tomato_YellowLeaf__Curl_Virus\1dfbb58c-b33a-4b2e-a5fa-5df40246e7e8___UF.GRC_YLCV_Lab 01421.JPG,7,0.99999905,26.101847
1728,PlantVillage Internal,0,D:\Tomato_Disease_Research\plantvillage\Tomato__Tomato_YellowLeaf__Curl_Virus\1dfeecca-ba78-4d56-88fe-71b9410b8e7a___YLCV_NREC 0169.JPG,7,0.9999987,26.081097
1729,PlantVillage Internal,0,D:\Tomato_Disease_Research\plantvillage\Tomato__Tomato_YellowLeaf__Curl_Virus\1e5d50b9-7cf6-4ea3-9e39-020e59c72130___UF.GRC_YLCV_Lab 03092.JPG,7,0.99999917,26.143187
1730,PlantVillage Internal,0,D:\Tomato_Disease_Research\plantvillage\Tomato__Tomato_YellowLeaf__Curl_Virus\1eec6973-96db-4d9b-9718-2245c0c2d851___YLCV_GCREC 5146.JPG,7,0.9999993,25.808414
1731,PlantVillage Internal,0,D:\Tomato_Disease_Research\plantvillage\Tomato__Tomato_YellowLeaf__Curl_Virus\1ef18d98-ddde-49b2-b65a-51f372248683___UF.GRC_YLCV_Lab 01467.JPG,7,0.99999917,26.149513
1732,PlantVillage Internal,0,D:\Tomato_Disease_Research\plantvillage\Tomato__Tomato_YellowLeaf__Curl_Virus\1fb17deb-a5a4-46d8-9026-a1fec9b24bec___YLCV_GCREC 5199.JPG,7,0.9999993,25.891352
1733,PlantVillage Internal,0,D:\Tomato_Disease_Research\plantvillage\Tomato__Tomato_YellowLeaf__Curl_Virus\2058310f-e7eb-4494-8848-aa2c1ca41acb___UF.GRC_YLCV_Lab 03262.JPG,7,0.99999845,25.732155
1734,PlantVillage Internal,0,D:\Tomato_Disease_Research\plantvillage\Tomato__Tomato_YellowLeaf__Curl_Virus\205dc547-b4f5-4d86-b9ae-c91a768e29ac___UF.GRC_YLCV_Lab 09544.JPG,7,0.99999917,26.238451
1735,PlantVillage Internal,0,D:\Tomato_Disease_Research\plantvillage\Tomato__Tomato_YellowLeaf__Curl_Virus\20b4f4b2-8416-4695-8084-11b0263554e1___YLCV_GCREC 2642.JPG,7,0.9999993,26.329714
1736,PlantVillage Internal,0,D:\Tomato_Disease_Research\plantvillage\Tomato__Tomato_YellowLeaf__Curl_Virus\211eb7f6-3b10-4e02-9c39-94c6670ff89e___YLCV_NREC 2480.JPG,7,0.99999917,25.981232
1737,PlantVillage Internal,0,D:\Tomato_Disease_Research\plantvillage\Tomato__Tomato_YellowLeaf__Curl_Virus\21c4d748-4123-48be-b87f-45c75035ccb8___YLCV_GCREC 2859.JPG,7,0.9999993,26.084036
1738,PlantVillage Internal,0,D:\Tomato_Disease_Research\plantvillage\Tomato__Tomato_YellowLeaf__Curl_Virus\21ce68f7-9035-4d91-8e9d-0e2b47840239___YLCV_GCREC 5293.JPG,7,0.99999917,25.820932
1739,PlantVillage Internal,0,D:\Tomato_Disease_Research\plantvillage\Tomato__Tomato_YellowLeaf__Curl_Virus\21e0586d-257a-46e8-943b-1a7f79435f42___YLCV_NREC 2983.JPG,7,0.9999993,26.241735
1740,PlantVillage Internal,0,D:\Tomato_Disease_Research\plantvillage\Tomato__Tomato_YellowLeaf__Curl_Virus\226c82e1-110c-4ad1-8c0d-a15d3ea4b39f___UF.GRC_YLCV_Lab 01592.JPG,7,0.99999917,26.24076
1741,PlantVillage Internal,0,D:\Tomato_Disease_Research\plantvillage\Tomato__Tomato_YellowLeaf__Curl_Virus\22c0cc7e-1468-4c3c-9069-384017441735___YLCV_GCREC 5441.JPG,7,0.9999993,26.422974
1742,PlantVillage Internal,0,D:\Tomato_Disease_Research\plantvillage\Tomato__Tomato_YellowLeaf__Curl_Virus\2337b40a-527c-4433-9fe8-3c685cd0bbe4___YLCV_NREC 2012.JPG,7,0.9999993,26.06994
1743,PlantVillage Internal,0,D:\Tomato_Disease_Research\plantvillage\Tomato__Tomato_YellowLeaf__Curl_Virus\23b0a2b0-cde2-4942-9377-aaea6ff802eb___UF.GRC_YLCV_Lab 01877.JPG,7,0.99999917,26.268887
1744,PlantVillage Internal,0,D:\Tomato_Disease_Research\plantvillage\Tomato__Tomato_YellowLeaf__Curl_Virus\23b68112-4abe-47a8-a5da-3a41741486d8___YLCV_GCREC 5233.JPG,7,0.9999993,26.284513
1745,PlantVillage Internal,0,D:\Tomato_Disease_Research\plantvillage\Tomato__Tomato_YellowLeaf__Curl_Virus\23c2823a-87fc-48c1-8a08-2aeab2b1b7c9___UF.GRC_YLCV_Lab 03308.JPG,7,0.9999993,26.116455
1746,PlantVillage Internal,0,D:\Tomato_Disease_Research\plantvillage\Tomato__Tomato_YellowLeaf__Curl_Virus\240c1031-e5e1-4cbd-a111-7998741042b1___UF.GRC_YLCV_Lab 01859.JPG,7,0.99999905,25.964705
1747,PlantVillage Internal,0,D:\Tomato_Disease_Research\plantvillage\Tomato__Tomato_YellowLeaf__Curl_Virus\24e68d61-7f48-413c-b72e-6df8267d608f___UF.GRC_YLCV_Lab 01399.JPG,7,0.9999987,26.068913
1748,PlantVillage Internal,0,D:\Tomato_Disease_Research\plantvillage\Tomato__Tomato_YellowLeaf__Curl_Virus\254071ba-5724-485b-855e-8dcc496f3586___YLCV_NREC 2637.JPG,7,0.99999917,26.03201
1749,PlantVillage Internal,0,D:\Tomato_Disease_Research\plantvillage\Tomato__Tomato_YellowLeaf__Curl_Virus\258a3644-5db6-44b9-8408-0c67999b6588___UF.GRC_YLCV_Lab 02354.JPG,7,0.9999988,25.707224
1750,PlantVillage Internal,0,D:\Tomato_Disease_Research\plantvillage\Tomato__Tomato_YellowLeaf__Curl_Virus\25dabdac-3c5c-4c0b-93cd-908b561e1adc___YLCV_GCREC 2547.JPG,7,0.99999905,25.922043
1751,PlantVillage Internal,0,D:\Tomato_Disease_Research\plantvillage\Tomato__Tomato_YellowLeaf__Curl_Virus\26017f82-c32f-4316-8dd9-559a008788e8___UF.GRC_YLCV_Lab 02797.JPG,7,0.9999994,26.907057
1752,PlantVillage Internal,0,D:\Tomato_Disease_Research\plantvillage\Tomato__Tomato_YellowLeaf__Curl_Virus\2655f38e-1585-4c73-a7f6-cb46e59e1665___YLCV_GCREC 2524.JPG,7,0.99999917,26.372438
1753,PlantVillage Internal,0,D:\Tomato_Disease_Research\plantvillage\Tomato__Tomato_YellowLeaf__Curl_Virus\26df0b3a-ed4f-4f41-a016-942e76039753___UF.GRC_YLCV_Lab 09555.JPG,7,0.9999993,26.364548
1754,PlantVillage Internal,0,D:\Tomato_Disease_Research\plantvillage\Tomato__Tomato_YellowLeaf__Curl_Virus\279a9e3a-016a-41bf-bf15-495cb384f657___YLCV_NREC 0182.JPG,7,0.9999989,26.749287
1755,PlantVillage Internal,0,D:\Tomato_Disease_Research\plantvillage\Tomato__Tomato_YellowLeaf__Curl_Virus\279f7a3f-2c27-4698-8fb9-b40dfd311ba0___UF.GRC_YLCV_Lab 01671.JPG,7,0.99999774,26.199148
1756,PlantVillage Internal,0,D:\Tomato_Disease_Research\plantvillage\Tomato__Tomato_YellowLeaf__Curl_Virus\27a25a3a-a15b-433b-8ec6-ed9cdb0299ab___YLCV_GCREC 2420.JPG,7,0.9999987,25.563513
1757,PlantVillage Internal,0,D:\Tomato_Disease_Research\plantvillage\Tomato__Tomato_YellowLeaf__Curl_Virus\28f0c703-2990-4cf1-947c-690265dee463___YLCV_GCREC 2499.JPG,7,0.99999917,26.196283
1758,PlantVillage Internal,0,D:\Tomato_Disease_Research\plantvillage\Tomato__Tomato_YellowLeaf__Curl_Virus\28f67ec8-da5b-4949-94dd-618ae4f0a4c2___UF.GRC_YLCV_Lab 09418.JPG,7,0.99999917,26.36217
1759,PlantVillage Internal,0,D:\Tomato_Disease_Research\plantvillage\Tomato__Tomato_YellowLeaf__Curl_Virus\29492ed6-7448-40d6-927c-ec61f77a37af___UF.GRC_YLCV_Lab 03126.JPG,7,0.9999993,26.150673
1760,PlantVillage Internal,0,D:\Tomato_Disease_Research\plantvillage\Tomato__Tomato_YellowLeaf__Curl_Virus\29704199-d25c-41e9-b032-854c0b812097___YLCV_GCREC 2142.JPG,7,0.9999989,25.9401
1761,PlantVillage Internal,0,D:\Tomato_Disease_Research\plantvillage\Tomato__Tomato_YellowLeaf__Curl_Virus\29e6e90d-608f-404d-a8dd-ea09eee31cd5___UF.GRC_YLCV_Lab 01923.JPG,7,0.99999917,26.224127
1762,PlantVillage Internal,0,D:\Tomato_Disease_Research\plantvillage\Tomato__Tomato_YellowLeaf__Curl_Virus\2a5ba381-ff56-458f-89d1-0e03bb8d070f___YLCV_GCREC 2720.JPG,7,0.99999917,25.987213
1763,PlantVillage Internal,0,D:\Tomato_Disease_Research\plantvillage\Tomato__Tomato_YellowLeaf__Curl_Virus\2b4baa59-053b-459f-bd5f-f656e1277e5d___UF.GRC_YLCV_Lab 02520.JPG,7,0.9999993,25.955227
1764,PlantVillage Internal,0,D:\Tomato_Disease_Research\plantvillage\Tomato__Tomato_YellowLeaf__Curl_Virus\2bacf882-d3ba-4ac6-829e-2efbee8d04d8___UF.GRC_YLCV_Lab 03237.JPG,7,0.9999994,26.89495
1765,PlantVillage Internal,0,D:\Tomato_Disease_Research\plantvillage\Tomato__Tomato_YellowLeaf__Curl_Virus\2be29ff8-c858-43f6-92c3-b097bca0a289___YLCV_NREC 2144.JPG,7,0.99999905,25.567059
1766,PlantVillage Internal,0,D:\Tomato_Disease_Research\plantvillage\Tomato__Tomato_YellowLeaf__Curl_Virus\2bf77f10-bf00-40a6-9dd8-74c5ab8da331___UF.GRC_YLCV_Lab 01987.JPG,7,0.99999905,25.86387
1767,PlantVillage Internal,0,D:\Tomato_Disease_Research\plantvillage\Tomato__Tomato_YellowLeaf__Curl_Virus\2c3648eb-a27a-4066-9ee1-7a35425219bd___YLCV_GCREC 2556.JPG,7,0.99999905,26.269
1768,PlantVillage Internal,0,D:\Tomato_Disease_Research\plantvillage\Tomato__Tomato_YellowLeaf__Curl_Virus\2c742f2c-58f9-4b08-a534-350e972696a0___UF.GRC_YLCV_Lab 03100.JPG,7,0.99999905,26.246841
1769,PlantVillage Internal,0,D:\Tomato_Disease_Research\plantvillage\Tomato__Tomato_YellowLeaf__Curl_Virus\2c89426e-b54e-4a2d-b8d9-993e4a678952___YLCV_NREC 2236.JPG,7,0.9999993,26.172842
1770,PlantVillage Internal,0,D:\Tomato_Disease_Research\plantvillage\Tomato__Tomato_YellowLeaf__Curl_Virus\2cf77de4-b5cd-404b-8949-53c5687d3936___UF.GRC_YLCV_Lab 09541.JPG,7,0.9999993,26.313335
1771,PlantVillage Internal,0,D:\Tomato_Disease_Research\plantvillage\Tomato__Tomato_YellowLeaf__Curl_Virus\2dee9f3e-c845-4d6c-a9d3-2def0b69f7af___UF.GRC_YLCV_Lab 02338.JPG,7,0.99999917,26.014067
1772,PlantVillage Internal,0,D:\Tomato_Disease_Research\plantvillage\Tomato__Tomato_YellowLeaf__Curl_Virus\2df37e4f-7960-42a2-8b23-c8d9bde0d5b0___YLCV_NREC 2813.JPG,7,0.9999994,26.234863
1773,PlantVillage Internal,0,D:\Tomato_Disease_Research\plantvillage\Tomato__Tomato_YellowLeaf__Curl_Virus\2e19c515-4c23-418c-8a54-0f06a4b037cb___UF.GRC_YLCV_Lab 01769.JPG,7,0.9999993,26.43986
1774,PlantVillage Internal,0,D:\Tomato_Disease_Research\plantvillage\Tomato__Tomato_YellowLeaf__Curl_Virus\2e1e49f3-cca2-46dc-8f0d-96110684b7f6___YLCV_GCREC 2573.JPG,7,0.9999994,26.690685
1775,PlantVillage Internal,0,D:\Tomato_Disease_Research\plantvillage\Tomato__Tomato_YellowLeaf__Curl_Virus\2e2a99f3-c01f-4c31-bf0a-a75e9a8e3274___UF.GRC_YLCV_Lab 02547.JPG,7,0.99999905,26.837675
1776,PlantVillage Internal,0,D:\Tomato_Disease_Research\plantvillage\Tomato__Tomato_YellowLeaf__Curl_Virus\2e4361a4-6ccb-40dd-91ff-e8008153a207___YLCV_GCREC 5317.JPG,7,0.9999993,26.47006
1777,PlantVillage Internal,0,D:\Tomato_Disease_Research\plantvillage\Tomato__Tomato_YellowLeaf__Curl_Virus\2e98b0de-d32b-4422-aff2-e3632c2bf921___YLCV_GCREC 2183.JPG,7,0.99999917,25.669928
1778,PlantVillage Internal,0,D:\Tomato_Disease_Research\plantvillage\Tomato__Tomato_YellowLeaf__Curl_Virus\2f8099f2-6966-44f7-a938-227e08a79c80___YLCV_NREC 2375.JPG,7,0.99999917,26.151772
1779,PlantVillage Internal,0,D:\Tomato_Disease_Research\plantvillage\Tomato__Tomato_YellowLeaf__Curl_Virus\2ff17453-2560-4ec3-bedb-0bee2f46ce8f___UF.GRC_YLCV_Lab 01286.JPG,7,0.99999905,25.830328
1780,PlantVillage Internal,0,D:\Tomato_Disease_Research\plantvillage\Tomato__Tomato_YellowLeaf__Curl_Virus\3039dc2b-b7a3-4b48-bae9-3a917ab4ec00___YLCV_NREC 2423.JPG,7,0.99999917,26.061308
1781,PlantVillage Internal,0,D:\Tomato_Disease_Research\plantvillage\Tomato__Tomato_YellowLeaf__Curl_Virus\30e776ef-d0e8-4ca0-bd28-767553054db9___YLCV_GCREC 1985.JPG,7,0.99999905,25.805758
1782,PlantVillage Internal,0,D:\Tomato_Disease_Research\plantvillage\Tomato__Tomato_YellowLeaf__Curl_Virus\3121846c-fcd3-4b27-b17d-25644607b664___UF.GRC_YLCV_Lab 02922.JPG,7,0.9999993,26.253555
1783,PlantVillage Internal,0,D:\Tomato_Disease_Research\plantvillage\Tomato__Tomato_YellowLeaf__Curl_Virus\31811b91-94bd-4748-9e0e-4644827c99b7___UF.GRC_YLCV_Lab 01546.JPG,7,0.99999833,26.978138
1784,PlantVillage Internal,0,D:\Tomato_Disease_Research\plantvillage\Tomato__Tomato_YellowLeaf__Curl_Virus\31d70d89-c1d5-45ab-8b06-76a3f4b8e403___YLCV_NREC 2181.JPG,7,0.9999994,26.416208
1785,PlantVillage Internal,0,D:\Tomato_Disease_Research\plantvillage\Tomato__Tomato_YellowLeaf__Curl_Virus\31d86770-9b8a-45ca-bfca-01fb29a73aa3___UF.GRC_YLCV_Lab 03107.JPG,7,0.9999989,25.931152
1786,PlantVillage Internal,0,D:\Tomato_Disease_Research\plantvillage\Tomato__Tomato_YellowLeaf__Curl_Virus\31e73942-fc80-481e-b047-1b240cd44d71___UF.GRC_YLCV_Lab 02612.JPG,7,0.9999993,26.26606
1787,PlantVillage Internal,0,D:\Tomato_Disease_Research\plantvillage\Tomato__Tomato_YellowLeaf__Curl_Virus\330687c3-0288-4ca1-ae5b-4e75abc51fe8___YLCV_NREC 2319.JPG,7,0.99999917,25.78571
1788,PlantVillage Internal,0,D:\Tomato_Disease_Research\plantvillage\Tomato__Tomato_YellowLeaf__Curl_Virus\334cb794-ba7b-48fa-bf5f-c04e72ba11bc___YLCV_GCREC 2672.JPG,7,0.9999993,26.262974
1789,PlantVillage Internal,0,D:\Tomato_Disease_Research\plantvillage\Tomato__Tomato_YellowLeaf__Curl_Virus\33533dfd-f34a-46eb-9896-c55b5cb33258___UF.GRC_YLCV_Lab 09469.JPG,7,0.9999994,26.651638
1790,PlantVillage Internal,0,D:\Tomato_Disease_Research\plantvillage\Tomato__Tomato_YellowLeaf__Curl_Virus\3364ca52-294e-4756-92bc-96fe74136c6e___YLCV_GCREC 2417.JPG,7,0.99999905,25.657927
1791,PlantVillage Internal,0,D:\Tomato_Disease_Research\plantvillage\Tomato__Tomato_YellowLeaf__Curl_Virus\3369c284-ac18-414e-809c-0096a8242fa0___UF.GRC_YLCV_Lab 03210.JPG,7,0.9999993,26.352318
1792,PlantVillage Internal,0,D:\Tomato_Disease_Research\plantvillage\Tomato__Tomato_YellowLeaf__Curl_Virus\338f5a1b-0b1d-40f4-8ab2-1430ef29b5e9___YLCV_GCREC 2678.JPG,7,0.99999917,26.190851
1793,PlantVillage Internal,0,D:\Tomato_Disease_Research\plantvillage\Tomato__Tomato_YellowLeaf__Curl_Virus\33e4b464-c819-4c91-bfbd-62534a2557df___UF.GRC_YLCV_Lab 02177.JPG,7,0.99999905,25.835758
1794,PlantVillage Internal,0,D:\Tomato_Disease_Research\plantvillage\Tomato__Tomato_YellowLeaf__Curl_Virus\347a0845-117b-4389-8265-8c635a362e90___YLCV_GCREC 2649.JPG,7,0.9999993,26.247255
1795,PlantVillage Internal,0,D:\Tomato_Disease_Research\plantvillage\Tomato__Tomato_YellowLeaf__Curl_Virus\3558cfcb-e288-4646-bc93-b49ad4517b1e___UF.GRC_YLCV_Lab 08564.JPG,7,0.9999981,26.329031
1796,PlantVillage Internal,0,D:\Tomato_Disease_Research\plantvillage\Tomato__Tomato_YellowLeaf__Curl_Virus\3590b404-1cdc-4588-b956-ccfe8e0c7fe2___YLCV_GCREC 1974.JPG,7,0.9999988,25.499632
1797,PlantVillage Internal,0,D:\Tomato_Disease_Research\plantvillage\Tomato__Tomato_YellowLeaf__Curl_Virus\35b6a261-9e41-401f-b536-36df7294c03e___YLCV_NREC 2681.JPG,7,0.9999993,25.941267
1798,PlantVillage Internal,0,D:\Tomato_Disease_Research\plantvillage\Tomato__Tomato_YellowLeaf__Curl_Virus\35d0ae49-02c5-402a-9c78-16aebc1821ad___YLCV_NREC 2746.JPG,7,0.9999994,26.70701
1799,PlantVillage Internal,0,D:\Tomato_Disease_Research\plantvillage\Tomato__Tomato_YellowLeaf__Curl_Virus\35f15b6d-a287-4e3c-ace7-428c80d94d68___YLCV_NREC 0263.JPG,7,0.99999917,26.155296
1800,PlantVillage Internal,0,D:\Tomato_Disease_Research\plantvillage\Tomato__Tomato_YellowLeaf__Curl_Virus\36913f6b-b40f-466f-94e6-72100fd36595___UF.GRC_YLCV_Lab 01635.JPG,7,0.9999993,26.373821
1801,PlantVillage Internal,0,D:\Tomato_Disease_Research\plantvillage\Tomato__Tomato_YellowLeaf__Curl_Virus\36a56875-19ce-4141-93ce-c32f18858bcc___UF.GRC_YLCV_Lab 08424.JPG,7,0.9999976,25.618204
1802,PlantVillage Internal,0,D:\Tomato_Disease_Research\plantvillage\Tomato__Tomato_YellowLeaf__Curl_Virus\36f8c86d-3638-48f7-a658-89ee00f977a6___YLCV_GCREC 5268.JPG,7,0.9999993,26.025707
1803,PlantVillage Internal,0,D:\Tomato_Disease_Research\plantvillage\Tomato__Tomato_YellowLeaf__Curl_Virus\3774a570-eb56-4e22-9652-2e6a9a7167cf___UF.GRC_YLCV_Lab 01263.JPG,7,0.99999917,26.39404
1804,PlantVillage Internal,0,D:\Tomato_Disease_Research\plantvillage\Tomato__Tomato_YellowLeaf__Curl_Virus\37c2cc81-0d24-4030-9f76-399c29561b3f___UF.GRC_YLCV_Lab 02512.JPG,7,0.99999917,26.20404
1805,PlantVillage Internal,0,D:\Tomato_Disease_Research\plantvillage\Tomato__Tomato_YellowLeaf__Curl_Virus\37dd9a00-ad14-4215-959a-e564e1ef4047___YLCV_NREC 2974.JPG,7,0.9999993,26.152363
1806,PlantVillage Internal,0,D:\Tomato_Disease_Research\plantvillage\Tomato__Tomato_YellowLeaf__Curl_Virus\3943bfd9-6db3-4f82-b298-0f807f2c6e69___YLCV_GCREC 5250.JPG,7,0.99999905,25.509462
1807,PlantVillage Internal,0,D:\Tomato_Disease_Research\plantvillage\Tomato__Tomato_YellowLeaf__Curl_Virus\3a81d1b3-8d67-4806-90e5-04b7c0294c61___UF.GRC_YLCV_Lab 01893.JPG,7,0.9999993,26.176477
1808,PlantVillage Internal,0,D:\Tomato_Disease_Research\plantvillage\Tomato__Tomato_YellowLeaf__Curl_Virus\3accdbf9-5b26-4c40-b57a-d055d408a23f___YLCV_NREC 0177.JPG,7,0.99999917,26.459751
1809,PlantVillage Internal,0,D:\Tomato_Disease_Research\plantvillage\Tomato__Tomato_YellowLeaf__Curl_Virus\3b50a18c-3474-413c-b22a-b5f1b14991d5___YLCV_NREC 2120.JPG,7,0.99999917,26.282326
1810,PlantVillage Internal,0,D:\Tomato_Disease_Research\plantvillage\Tomato__Tomato_YellowLeaf__Curl_Virus\3baecdfe-1140-446b-af35-7fd18205e325___UF.GRC_YLCV_Lab 01734.JPG,7,0.99999917,26.446413
1811,PlantVillage Internal,0,D:\Tomato_Disease_Research\plantvillage\Tomato__Tomato_YellowLeaf__Curl_Virus\3c0181b4-1e8f-4be9-81ed-55c21abfc3c4___YLCV_GCREC 5381.JPG,7,0.9999993,26.30883
1812,PlantVillage Internal,0,D:\Tomato_Disease_Research\plantvillage\Tomato__Tomato_YellowLeaf__Curl_Virus\3c05bb5b-6671-49aa-88b7-246f2bfd9996___YLCV_GCREC 2846.JPG,7,0.99999917,26.126518
1813,PlantVillage Internal,0,D:\Tomato_Disease_Research\plantvillage\Tomato__Tomato_YellowLeaf__Curl_Virus\3c29dad4-3544-465b-b678-a78ca0ad8f58___YLCV_GCREC 2243.JPG,7,0.99999917,26.110094
1814,PlantVillage Internal,0,D:\Tomato_Disease_Research\plantvillage\Tomato__Tomato_YellowLeaf__Curl_Virus\3c473e41-36f0-41e0-abe4-67f140e7e9e0___YLCV_GCREC 2856.JPG,7,0.9999993,26.093525
1815,PlantVillage Internal,0,D:\Tomato_Disease_Research\plantvillage\Tomato__Tomato_YellowLeaf__Curl_Virus\3c60ae4c-f308-4697-ab9e-193f52c8e32b___UF.GRC_YLCV_Lab 03355.JPG,7,0.9999989,26.079214
1816,PlantVillage Internal,0,D:\Tomato_Disease_Research\plantvillage\Tomato__Tomato_YellowLeaf__Curl_Virus\3d4759a2-0d33-443b-9632-d1a40a689136___YLCV_GCREC 5159.JPG,7,0.9999993,26.37522
1817,PlantVillage Internal,0,D:\Tomato_Disease_Research\plantvillage\Tomato__Tomato_YellowLeaf__Curl_Virus\3de6e17b-7441-4f4f-95b5-8839c4f254a2___YLCV_GCREC 2066.JPG,7,0.99999905,25.891663
1818,PlantVillage Internal,0,D:\Tomato_Disease_Research\plantvillage\Tomato__Tomato_YellowLeaf__Curl_Virus\3dee1165-c368-4b68-b09c-9fe0bc1bfaaf___UF.GRC_YLCV_Lab 01756.JPG,7,0.9999989,25.909449
1819,PlantVillage Internal,0,D:\Tomato_Disease_Research\plantvillage\Tomato__Tomato_YellowLeaf__Curl_Virus\3e1615d8-ba9e-490d-b07c-447adb8e6440___UF.GRC_YLCV_Lab 03089.JPG,7,0.99999905,26.206272
1820,PlantVillage Internal,0,D:\Tomato_Disease_Research\plantvillage\Tomato__Tomato_YellowLeaf__Curl_Virus\3f078443-1d3f-4aac-beb0-b80636ad74da___UF.GRC_YLCV_Lab 02862.JPG,7,0.9999989,25.93482
1821,PlantVillage Internal,0,D:\Tomato_Disease_Research\plantvillage\Tomato__Tomato_YellowLeaf__Curl_Virus\3f47ceff-19ca-4b32-aa85-9d3a44c12667___UF.GRC_YLCV_Lab 03171.JPG,7,0.9999989,26.083364
1822,PlantVillage Internal,0,D:\Tomato_Disease_Research\plantvillage\Tomato__Tomato_YellowLeaf__Curl_Virus\401ddcf1-6af4-4caf-a185-1d920167b214___UF.GRC_YLCV_Lab 01541.JPG,7,0.99999905,26.759184
1823,PlantVillage Internal,0,D:\Tomato_Disease_Research\plantvillage\Tomato__Tomato_YellowLeaf__Curl_Virus\40726129-3f95-4a8d-b0c6-865c12889fd9___UF.GRC_YLCV_Lab 01586.JPG,7,0.9999993,26.228647
1824,PlantVillage Internal,0,D:\Tomato_Disease_Research\plantvillage\Tomato__Tomato_YellowLeaf__Curl_Virus\4092188d-cf1d-40c8-90e9-2d9bd6845a14___UF.GRC_YLCV_Lab 09563.JPG,7,0.99999917,26.399351
1825,PlantVillage Internal,0,D:\Tomato_Disease_Research\plantvillage\Tomato__Tomato_YellowLeaf__Curl_Virus\409b001a-586a-4b69-9337-af6f78f7ef31___YLCV_NREC 2074.JPG,7,0.9999987,25.358831
1826,PlantVillage Internal,0,D:\Tomato_Disease_Research\plantvillage\Tomato__Tomato_YellowLeaf__Curl_Virus\40a7bc51-5200-41f5-ad30-6fd32b813799___UF.GRC_YLCV_Lab 09458.JPG,7,0.99999917,26.117853
1827,PlantVillage Internal,0,D:\Tomato_Disease_Research\plantvillage\Tomato__Tomato_YellowLeaf__Curl_Virus\40adc2b8-a598-46bc-b4da-e224702ad520___UF.GRC_YLCV_Lab 01656.JPG,7,0.99999845,26.608015
1828,PlantVillage Internal,0,D:\Tomato_Disease_Research\plantvillage\Tomato__Tomato_YellowLeaf__Curl_Virus\40b97f36-cda1-43a2-a69a-313410bcbbd5___YLCV_NREC 0124.JPG,7,0.99999905,26.26763
1829,PlantVillage Internal,0,D:\Tomato_Disease_Research\plantvillage\Tomato__Tomato_YellowLeaf__Curl_Virus\40bb4231-7f46-47ff-8647-217bc369317a___YLCV_NREC 2684.JPG,7,0.99999917,25.969328
1830,PlantVillage Internal,0,D:\Tomato_Disease_Research\plantvillage\Tomato__Tomato_YellowLeaf__Curl_Virus\42278bd0-252e-43f9-900f-822049382956___YLCV_GCREC 2869.JPG,7,0.99999917,26.138378
1831,PlantVillage Internal,0,D:\Tomato_Disease_Research\plantvillage\Tomato__Tomato_YellowLeaf__Curl_Virus\423ec8f2-4225-45e8-a085-8e017fb49df5___UF.GRC_YLCV_Lab 01687.JPG,7,0.99999833,26.595913
1832,PlantVillage Internal,0,D:\Tomato_Disease_Research\plantvillage\Tomato__Tomato_YellowLeaf__Curl_Virus\424ae9d6-afa6-4945-9ac4-c66036c519d9___YLCV_NREC 2954.JPG,7,0.9999993,26.001726
1833,PlantVillage Internal,0,D:\Tomato_Disease_Research\plantvillage\Tomato__Tomato_YellowLeaf__Curl_Virus\4254afe0-7830-4ffa-bd0d-5d298280275c___UF.GRC_YLCV_Lab 01523.JPG,7,0.99999917,26.04261
1834,PlantVillage Internal,0,D:\Tomato_Disease_Research\plantvillage\Tomato__Tomato_YellowLeaf__Curl_Virus\429e5f5f-a7e8-43b7-867a-ede76e5b3eba___YLCV_GCREC 5307.JPG,7,0.99999905,25.703106
1835,PlantVillage Internal,0,D:\Tomato_Disease_Research\plantvillage\Tomato__Tomato_YellowLeaf__Curl_Virus\42eb6375-c2bd-437b-8390-d22411cf58b2___UF.GRC_YLCV_Lab 01674.JPG,7,0.99999857,26.585041
1836,PlantVillage Internal,0,D:\Tomato_Disease_Research\plantvillage\Tomato__Tomato_YellowLeaf__Curl_Virus\43a32428-0d45-4851-bb62-c1a669854990___YLCV_NREC 2630.JPG,7,0.9999989,25.943329
1837,PlantVillage Internal,0,D:\Tomato_Disease_Research\plantvillage\Tomato__Tomato_YellowLeaf__Curl_Virus\4501c229-ae5f-465e-b042-50825a7e640c___UF.GRC_YLCV_Lab 08507.JPG,7,0.9999981,26.05279
1838,PlantVillage Internal,0,D:\Tomato_Disease_Research\plantvillage\Tomato__Tomato_YellowLeaf__Curl_Virus\450f4e21-c1c0-48a2-aa7c-dd8109d652ba___YLCV_GCREC 2514.JPG,7,0.9999993,26.04895
1839,PlantVillage Internal,0,D:\Tomato_Disease_Research\plantvillage\Tomato__Tomato_YellowLeaf__Curl_Virus\45760f36-c7f6-4e07-aefa-b1ca27a4bc54___UF.GRC_YLCV_Lab 01862.JPG,7,0.9999993,26.147121
1840,PlantVillage Internal,0,D:\Tomato_Disease_Research\plantvillage\Tomato__Tomato_YellowLeaf__Curl_Virus\4616690f-d6df-4dbe-9c10-7b987a046304___YLCV_GCREC 5362.JPG,7,0.9999987,26.58802
1841,PlantVillage Internal,0,D:\Tomato_Disease_Research\plantvillage\Tomato__Tomato_YellowLeaf__Curl_Virus\464b2ab8-ad72-4017-9482-01eaf95e12ee___YLCV_GCREC 1938.JPG,7,0.9999993,26.165653
1842,PlantVillage Internal,0,D:\Tomato_Disease_Research\plantvillage\Tomato__Tomato_YellowLeaf__Curl_Virus\46663e4f-d23c-43c8-8e27-d6725d3a0543___YLCV_NREC 2115.JPG,7,0.9999993,26.514425
1843,PlantVillage Internal,0,D:\Tomato_Disease_Research\plantvillage\Tomato__Tomato_YellowLeaf__Curl_Virus\46743c5e-9665-4ab9-aa10-20044684b87e___YLCV_GCREC 5224.JPG,7,0.9999988,25.932003
1844,PlantVillage Internal,0,D:\Tomato_Disease_Research\plantvillage\Tomato__Tomato_YellowLeaf__Curl_Virus\46cce96d-e9cb-4394-9b41-f4758b2a1e96___YLCV_GCREC 2279.JPG,7,0.96659976,24.779009
1845,PlantVillage Internal,0,D:\Tomato_Disease_Research\plantvillage\Tomato__Tomato_YellowLeaf__Curl_Virus\4715e491-eeaa-4a1b-9b1e-9aced19b53db___YLCV_GCREC 2324.JPG,7,0.9999989,25.661325
1846,PlantVillage Internal,0,D:\Tomato_Disease_Research\plantvillage\Tomato__Tomato_YellowLeaf__Curl_Virus\4735681f-8890-4238-90d9-9f7a3c54fdb0___YLCV_GCREC 2713.JPG,7,0.9999993,26.249285
1847,PlantVillage Internal,0,D:\Tomato_Disease_Research\plantvillage\Tomato__Tomato_YellowLeaf__Curl_Virus\475356f2-a707-4b3d-b2ac-8029f060b621___UF.GRC_YLCV_Lab 01804.JPG,7,0.9999993,26.14589
1848,PlantVillage Internal,0,D:\Tomato_Disease_Research\plantvillage\Tomato__Tomato_YellowLeaf__Curl_Virus\4759193c-2492-4e0b-8d02-1f047cb1792d___UF.GRC_YLCV_Lab 02934.JPG,7,0.9999993,26.500391
1849,PlantVillage Internal,0,D:\Tomato_Disease_Research\plantvillage\Tomato__Tomato_YellowLeaf__Curl_Virus\47a08ac1-44a2-4302-825d-ba23f6645233___UF.GRC_YLCV_Lab 08580.JPG,7,0.99999416,24.897787
1850,PlantVillage Internal,0,D:\Tomato_Disease_Research\plantvillage\Tomato__Tomato_YellowLeaf__Curl_Virus\47c2c347-9a2a-497a-9627-b9f431b5a79a___YLCV_GCREC 2364.JPG,7,0.9999988,25.664923
1851,PlantVillage Internal,0,D:\Tomato_Disease_Research\plantvillage\Tomato__Tomato_YellowLeaf__Curl_Virus\480ea35e-ed0a-4906-977c-2cdfd62007bd___UF.GRC_YLCV_Lab 02359.JPG,7,0.99999917,26.534992
1852,PlantVillage Internal,0,D:\Tomato_Disease_Research\plantvillage\Tomato__Tomato_YellowLeaf__Curl_Virus\482bfef7-b617-448a-abb4-8ce86c1b92d1___UF.GRC_YLCV_Lab 01265.JPG,7,0.9999993,26.346395
1853,PlantVillage Internal,0,D:\Tomato_Disease_Research\plantvillage\Tomato__Tomato_YellowLeaf__Curl_Virus\484a5e79-3405-45fd-b673-ec4678204ac8___YLCV_NREC 2664.JPG,7,0.99999917,25.869225
1854,PlantVillage Internal,0,D:\Tomato_Disease_Research\plantvillage\Tomato__Tomato_YellowLeaf__Curl_Virus\4857c174-710f-4a0e-a3df-74b8a15bc081___UF.GRC_YLCV_Lab 02543.JPG,7,0.9999989,26.673054
1855,PlantVillage Internal,0,D:\Tomato_Disease_Research\plantvillage\Tomato__Tomato_YellowLeaf__Curl_Virus\48c5a9cd-b96e-468d-803d-9cf03c56a9e3___UF.GRC_YLCV_Lab 01535.JPG,7,0.99999917,26.57295
1856,PlantVillage Internal,0,D:\Tomato_Disease_Research\plantvillage\Tomato__Tomato_YellowLeaf__Curl_Virus\48ec4c7d-8942-4b41-848e-1776036b0386___UF.GRC_YLCV_Lab 01331.JPG,7,0.9999993,26.392635
1857,PlantVillage Internal,0,D:\Tomato_Disease_Research\plantvillage\Tomato__Tomato_YellowLeaf__Curl_Virus\494fb42c-a660-4bf6-ac9d-b5feaa0d6ec5___UF.GRC_YLCV_Lab 01795.JPG,7,0.99999917,25.827168
1858,PlantVillage Internal,0,D:\Tomato_Disease_Research\plantvillage\Tomato__Tomato_YellowLeaf__Curl_Virus\49e69c3a-1392-4754-b149-79c0f008fe40___UF.GRC_YLCV_Lab 02592.JPG,7,0.999998,25.481174
1859,PlantVillage Internal,0,D:\Tomato_Disease_Research\plantvillage\Tomato__Tomato_YellowLeaf__Curl_Virus\4a030465-e219-4c2a-9177-86da30645ce1___UF.GRC_YLCV_Lab 09342.JPG,7,0.99999833,25.816275
1860,PlantVillage Internal,0,D:\Tomato_Disease_Research\plantvillage\Tomato__Tomato_YellowLeaf__Curl_Virus\4ab9c8af-8dc7-428a-b1ef-f8faaea340db___UF.GRC_YLCV_Lab 02716.JPG,7,0.99999917,26.496672
1861,PlantVillage Internal,0,D:\Tomato_Disease_Research\plantvillage\Tomato__Tomato_YellowLeaf__Curl_Virus\4ac1ce9a-350f-4101-9562-b0db390365ae___UF.GRC_YLCV_Lab 03384.JPG,7,0.99999917,25.981739
1862,PlantVillage Internal,0,D:\Tomato_Disease_Research\plantvillage\Tomato__Tomato_YellowLeaf__Curl_Virus\4adc46cc-60dd-48a7-8d4c-f6394577a14a___UF.GRC_YLCV_Lab 01543.JPG,7,0.9999989,26.602678
1863,PlantVillage Internal,0,D:\Tomato_Disease_Research\plantvillage\Tomato__Tomato_YellowLeaf__Curl_Virus\4b6e4efa-1ac4-48a1-983a-1684c04af54e___UF.GRC_YLCV_Lab 01347.JPG,7,0.99999905,26.131243
1864,PlantVillage Internal,0,D:\Tomato_Disease_Research\plantvillage\Tomato__Tomato_YellowLeaf__Curl_Virus\4b723929-deb3-4058-9d01-c5b7e2d79551___UF.GRC_YLCV_Lab 01739.JPG,7,0.9999993,26.471224
1865,PlantVillage Internal,0,D:\Tomato_Disease_Research\plantvillage\Tomato__Tomato_YellowLeaf__Curl_Virus\4bb0387f-0f0c-4a13-87c9-d851ad22c8d7___UF.GRC_YLCV_Lab 01790.JPG,7,0.9999994,26.54815
1866,PlantVillage Internal,0,D:\Tomato_Disease_Research\plantvillage\Tomato__Tomato_YellowLeaf__Curl_Virus\4bb239ed-5d7b-4d5e-95a6-411440925ba1___YLCV_GCREC 2115.JPG,7,0.9999993,26.250088
1867,PlantVillage Internal,0,D:\Tomato_Disease_Research\plantvillage\Tomato__Tomato_YellowLeaf__Curl_Virus\4bb48d8a-9dbd-4291-b588-d6ebf1fba9e3___YLCV_GCREC 5412.JPG,7,0.9999993,26.27129
1868,PlantVillage Internal,0,D:\Tomato_Disease_Research\plantvillage\Tomato__Tomato_YellowLeaf__Curl_Virus\4bebb8b8-3b71-48ce-9636-354b8dc63780___UF.GRC_YLCV_Lab 02587.JPG,7,0.99999905,25.875145
1869,PlantVillage Internal,0,D:\Tomato_Disease_Research\plantvillage\Tomato__Tomato_YellowLeaf__Curl_Virus\4c773e62-28a8-4f16-a71f-7cdb1c5751e5___UF.GRC_YLCV_Lab 01855.JPG,7,0.9999993,26.265726
1870,PlantVillage Internal,0,D:\Tomato_Disease_Research\plantvillage\Tomato__Tomato_YellowLeaf__Curl_Virus\4c92449d-2ec4-4b81-ab67-6bfe565cf83d___YLCV_GCREC 5353.JPG,7,0.99999905,26.504015
1871,PlantVillage Internal,0,D:\Tomato_Disease_Research\plantvillage\Tomato__Tomato_YellowLeaf__Curl_Virus\4c97477f-7372-4fac-b543-6ffc5fc07e50___UF.GRC_YLCV_Lab 09344.JPG,7,0.99999845,26.043505
1872,PlantVillage Internal,0,D:\Tomato_Disease_Research\plantvillage\Tomato__Tomato_YellowLeaf__Curl_Virus\4cbb5ff1-1004-49e6-9b13-79526f06dca1___YLCV_GCREC 2042.JPG,7,0.99999905,25.855078
1873,PlantVillage Internal,0,D:\Tomato_Disease_Research\plantvillage\Tomato__Tomato_YellowLeaf__Curl_Virus\4d220a58-1589-40ae-a8fc-087d77afded7___YLCV_NREC 2618.JPG,7,0.9999993,26.013676
1874,PlantVillage Internal,0,D:\Tomato_Disease_Research\plantvillage\Tomato__Tomato_YellowLeaf__Curl_Virus\4d69dd8a-409d-4f7f-841d-a07fdcb718ac___YLCV_GCREC 2071.JPG,7,0.9999988,25.641224
1875,PlantVillage Internal,0,D:\Tomato_Disease_Research\plantvillage\Tomato__Tomato_YellowLeaf__Curl_Virus\4db90450-4f6c-4152-b3a1-dc4f8fcdc346___YLCV_NREC 0160.JPG,7,0.9999989,26.30002
1876,PlantVillage Internal,0,D:\Tomato_Disease_Research\plantvillage\Tomato__Tomato_YellowLeaf__Curl_Virus\4df1da53-513d-407c-8efe-8c176e1e6a38___UF.GRC_YLCV_Lab 02318.JPG,7,0.99999917,26.216051
1877,PlantVillage Internal,0,D:\Tomato_Disease_Research\plantvillage\Tomato__Tomato_YellowLeaf__Curl_Virus\4e6c618f-81e3-47cf-b4b4-cbe2098621ce___YLCV_NREC 2587.JPG,7,0.99999917,26.086277
1878,PlantVillage Internal,0,D:\Tomato_Disease_Research\plantvillage\Tomato__Tomato_YellowLeaf__Curl_Virus\4f5f7643-a0aa-4dc4-ae00-a17097e949e9___UF.GRC_YLCV_Lab 03387.JPG,7,0.99999905,25.64564
1879,PlantVillage Internal,0,D:\Tomato_Disease_Research\plantvillage\Tomato__Tomato_YellowLeaf__Curl_Virus\4f9e72d6-8125-4b94-9def-169c2c311721___YLCV_GCREC 2515.JPG,7,0.9999993,26.229092
1880,PlantVillage Internal,0,D:\Tomato_Disease_Research\plantvillage\Tomato__Tomato_YellowLeaf__Curl_Virus\4faa9c69-d025-4806-9329-d09486182412___YLCV_NREC 0123.JPG,7,0.9999988,26.240498
1881,PlantVillage Internal,0,D:\Tomato_Disease_Research\plantvillage\Tomato__Tomato_YellowLeaf__Curl_Virus\4fca9231-addd-45fc-a66d-0b98428c0dff___UF.GRC_YLCV_Lab 02352.JPG,7,0.99999905,25.868885
1882,PlantVillage Internal,0,D:\Tomato_Disease_Research\plantvillage\Tomato__Tomato_YellowLeaf__Curl_Virus\501efc9d-9b96-4270-a67d-ab7d07618bd1___UF.GRC_YLCV_Lab 01281.JPG,7,0.9999993,26.370861
1883,PlantVillage Internal,0,D:\Tomato_Disease_Research\plantvillage\Tomato__Tomato_YellowLeaf__Curl_Virus\50a05005-813e-460b-a4ca-c3360ec1dc7c___YLCV_NREC 2918.JPG,7,0.99999905,26.050938
1884,PlantVillage Internal,0,D:\Tomato_Disease_Research\plantvillage\Tomato__Tomato_YellowLeaf__Curl_Virus\50bc15f2-aaf5-4972-be64-cf029675c02b___YLCV_GCREC 1923.JPG,7,0.99999917,25.66546
1885,PlantVillage Internal,0,D:\Tomato_Disease_Research\plantvillage\Tomato__Tomato_YellowLeaf__Curl_Virus\51707f7d-47d6-492f-97f0-3446061ae95f___YLCV_NREC 2314.JPG,7,0.9999993,25.999844
1886,PlantVillage Internal,0,D:\Tomato_Disease_Research\plantvillage\Tomato__Tomato_YellowLeaf__Curl_Virus\51749001-e339-47a9-bcdf-4cd9905ba7b2___YLCV_NREC 2720.JPG,7,0.9999987,25.721785
1887,PlantVillage Internal,0,D:\Tomato_Disease_Research\plantvillage\Tomato__Tomato_YellowLeaf__Curl_Virus\52194a42-49b2-4711-84ff-ec707c820a94___YLCV_NREC 2981.JPG,7,0.9999993,26.634912
1888,PlantVillage Internal,0,D:\Tomato_Disease_Research\plantvillage\Tomato__Tomato_YellowLeaf__Curl_Virus\52a96f34-2c0e-4a0c-a0b2-810419e8b7c4___UF.GRC_YLCV_Lab 01914.JPG,7,0.99999917,26.465256
1889,PlantVillage Internal,0,D:\Tomato_Disease_Research\plantvillage\Tomato__Tomato_YellowLeaf__Curl_Virus\52c3e3e7-3ad8-41ba-a90e-765f54b624f2___YLCV_GCREC 2292.JPG,7,0.9999989,25.529907
1890,PlantVillage Internal,0,D:\Tomato_Disease_Research\plantvillage\Tomato__Tomato_YellowLeaf__Curl_Virus\52e8acae-b1a9-4107-aef9-c021fd8a1501___UF.GRC_YLCV_Lab 01364.JPG,7,0.99999905,26.251774
1891,PlantVillage Internal,0,D:\Tomato_Disease_Research\plantvillage\Tomato__Tomato_YellowLeaf__Curl_Virus\52f1848f-1cfe-4e1c-a265-cb02a554805d___UF.GRC_YLCV_Lab 01944.JPG,7,0.9999989,26.327642
1892,PlantVillage Internal,0,D:\Tomato_Disease_Research\plantvillage\Tomato__Tomato_YellowLeaf__Curl_Virus\53578c92-d46e-4d7d-950e-66ad61da023a___UF.GRC_YLCV_Lab 01618.JPG,7,0.9999993,26.259474
1893,PlantVillage Internal,0,D:\Tomato_Disease_Research\plantvillage\Tomato__Tomato_YellowLeaf__Curl_Virus\53898660-51c9-42de-99c0-381c38dc02e6___UF.GRC_YLCV_Lab 02778.JPG,7,0.9999993,26.341942
1894,PlantVillage Internal,0,D:\Tomato_Disease_Research\plantvillage\Tomato__Tomato_YellowLeaf__Curl_Virus\53b914ea-4c7e-4e35-944c-2aac000557db___YLCV_GCREC 2147.JPG,7,0.9999993,25.922255
1895,PlantVillage Internal,0,D:\Tomato_Disease_Research\plantvillage\Tomato__Tomato_YellowLeaf__Curl_Virus\548948f4-0c1b-4deb-8f13-c0a5c9134f52___UF.GRC_YLCV_Lab 09502.JPG,7,0.9999989,26.195293
1896,PlantVillage Internal,0,D:\Tomato_Disease_Research\plantvillage\Tomato__Tomato_YellowLeaf__Curl_Virus\54f339a1-4664-4206-ab3b-56de9026d4ad___YLCV_GCREC 5235.JPG,7,0.9999993,26.027466
1897,PlantVillage Internal,0,D:\Tomato_Disease_Research\plantvillage\Tomato__Tomato_YellowLeaf__Curl_Virus\55a77670-00e2-4dae-81d1-cc94a6b53ad7___YLCV_GCREC 2910.JPG,7,0.99999905,25.934381
1898,PlantVillage Internal,0,D:\Tomato_Disease_Research\plantvillage\Tomato__Tomato_YellowLeaf__Curl_Virus\55c4ae58-ef0f-4dfc-bae5-7b99f3543e45___YLCV_NREC 2565.JPG,7,0.9999993,26.045673
1899,PlantVillage Internal,0,D:\Tomato_Disease_Research\plantvillage\Tomato__Tomato_YellowLeaf__Curl_Virus\55d128be-cc38-4493-ac46-16b931b41664___UF.GRC_YLCV_Lab 02542.JPG,7,0.99999917,25.906803
1900,PlantVillage Internal,0,D:\Tomato_Disease_Research\plantvillage\Tomato__Tomato_YellowLeaf__Curl_Virus\56168a73-18cf-47ac-af01-26f425c5a12b___YLCV_NREC 0216.JPG,7,0.9999993,26.729763
1901,PlantVillage Internal,0,D:\Tomato_Disease_Research\plantvillage\Tomato__Tomato_YellowLeaf__Curl_Virus\56952d19-2a4a-4252-a114-81ce80eb1f00___YLCV_GCREC 2716.JPG,7,0.9999988,26.501772
1902,PlantVillage Internal,0,D:\Tomato_Disease_Research\plantvillage\Tomato__Tomato_YellowLeaf__Curl_Virus\56e3c593-6093-4777-a1f0-e2c808190457___YLCV_NREC 2847.JPG,7,0.9999994,26.448189
1903,PlantVillage Internal,0,D:\Tomato_Disease_Research\plantvillage\Tomato__Tomato_YellowLeaf__Curl_Virus\56ef3a37-548f-41f4-af50-aba9a3042700___UF.GRC_YLCV_Lab 01415.JPG,7,0.99999845,25.737432
1904,PlantVillage Internal,0,D:\Tomato_Disease_Research\plantvillage\Tomato__Tomato_YellowLeaf__Curl_Virus\57970cb7-5626-4892-b98e-01cb68d81972___YLCV_GCREC 2191.JPG,7,0.99999917,25.786844
1905,PlantVillage Internal,0,D:\Tomato_Disease_Research\plantvillage\Tomato__Tomato_YellowLeaf__Curl_Virus\57b2a2ca-be23-4974-bfec-b0778ac01bb9___YLCV_GCREC 2358.JPG,7,0.9999988,25.574825
1906,PlantVillage Internal,0,D:\Tomato_Disease_Research\plantvillage\Tomato__Tomato_YellowLeaf__Curl_Virus\57dd8748-5491-4606-8d05-77f701075df4___UF.GRC_YLCV_Lab 09446.JPG,7,0.9999993,26.617043
1907,PlantVillage Internal,0,D:\Tomato_Disease_Research\plantvillage\Tomato__Tomato_YellowLeaf__Curl_Virus\57f2c193-3ead-4e94-aa19-2d0224cac669___YLCV_GCREC 5265.JPG,7,0.9999993,26.299236
1908,PlantVillage Internal,0,D:\Tomato_Disease_Research\plantvillage\Tomato__Tomato_YellowLeaf__Curl_Virus\580d41da-dea3-4249-bb02-ad990ec3cdc5___YLCV_NREC 2801.JPG,7,0.99999905,25.91731
1909,PlantVillage Internal,0,D:\Tomato_Disease_Research\plantvillage\Tomato__Tomato_YellowLeaf__Curl_Virus\58b58680-5702-4c71-9abf-21e8f9561796___UF.GRC_YLCV_Lab 03181.JPG,7,0.9999993,26.090658
1910,PlantVillage Internal,0,D:\Tomato_Disease_Research\plantvillage\Tomato__Tomato_YellowLeaf__Curl_Virus\58baecd6-1b55-47dc-bd4f-d27116cf222e___YLCV_GCREC 5302.JPG,7,0.99999917,25.983633
1911,PlantVillage Internal,0,D:\Tomato_Disease_Research\plantvillage\Tomato__Tomato_YellowLeaf__Curl_Virus\58fae6d8-bb62-406c-a4d2-684e0a5303e4___YLCV_NREC 2213.JPG,7,0.99999905,26.252151
1912,PlantVillage Internal,0,D:\Tomato_Disease_Research\plantvillage\Tomato__Tomato_YellowLeaf__Curl_Virus\592a2e52-21b6-4245-ad65-15f263a24063___YLCV_NREC 2539.JPG,7,0.9996648,25.988394
1913,PlantVillage Internal,0,D:\Tomato_Disease_Research\plantvillage\Tomato__Tomato_YellowLeaf__Curl_Virus\592d471e-1ae5-4b14-a1d9-85fceaff6ed0___UF.GRC_YLCV_Lab 02444.JPG,7,0.99999917,25.868366
1914,PlantVillage Internal,0,D:\Tomato_Disease_Research\plantvillage\Tomato__Tomato_YellowLeaf__Curl_Virus\592ee97a-5272-488c-a6ff-eaf840540023___UF.GRC_YLCV_Lab 03277.JPG,7,0.9999993,26.11434
1915,PlantVillage Internal,0,D:\Tomato_Disease_Research\plantvillage\Tomato__Tomato_YellowLeaf__Curl_Virus\5a593f3c-570b-4acc-a15c-eeaf3f7a0973___YLCV_NREC 2415.JPG,7,0.9999993,26.018583
1916,PlantVillage Internal,0,D:\Tomato_Disease_Research\plantvillage\Tomato__Tomato_YellowLeaf__Curl_Virus\5ad0f91d-2756-4b92-ae07-1945f1b71c45___YLCV_GCREC 5315.JPG,7,0.9999988,26.104328
1917,PlantVillage Internal,0,D:\Tomato_Disease_Research\plantvillage\Tomato__Tomato_YellowLeaf__Curl_Virus\5b2048c4-20b2-4e3a-b0ff-e65f2783c011___UF.GRC_YLCV_Lab 01303.JPG,7,0.99999917,25.937845
1918,PlantVillage Internal,0,D:\Tomato_Disease_Research\plantvillage\Tomato__Tomato_YellowLeaf__Curl_Virus\5b2ea7e9-b14f-43c1-b4cb-78420b4af7a2___UF.GRC_YLCV_Lab 02174.JPG,7,0.9999993,26.07792
1919,PlantVillage Internal,0,D:\Tomato_Disease_Research\plantvillage\Tomato__Tomato_YellowLeaf__Curl_Virus\5bc3e99e-cdbd-45d7-bbc3-0fd74fcea115___YLCV_NREC 2031.JPG,7,0.99999905,25.988688
1920,PlantVillage Internal,0,D:\Tomato_Disease_Research\plantvillage\Tomato__Tomato_YellowLeaf__Curl_Virus\5bf51eeb-ffe7-48e2-9799-a27735dde9e4___YLCV_GCREC 5344.JPG,7,0.99999905,26.118555
1921,PlantVillage Internal,0,D:\Tomato_Disease_Research\plantvillage\Tomato__Tomato_YellowLeaf__Curl_Virus\5bfca510-62b9-4e1b-99a4-47c98eeda0a5___UF.GRC_YLCV_Lab 02328.JPG,7,0.9999993,26.317791
1922,PlantVillage Internal,0,D:\Tomato_Disease_Research\plantvillage\Tomato__Tomato_YellowLeaf__Curl_Virus\5c3904f4-3df0-493b-a204-d57d1011004a___YLCV_GCREC 2766.JPG,7,0.99999905,25.961506
1923,PlantVillage Internal,0,D:\Tomato_Disease_Research\plantvillage\Tomato__Tomato_YellowLeaf__Curl_Virus\5cc16f74-0be9-4661-9f7a-c9ea665d2f8f___UF.GRC_YLCV_Lab 02173.JPG,7,0.99999905,25.930223
1924,PlantVillage Internal,0,D:\Tomato_Disease_Research\plantvillage\Tomato__Tomato_YellowLeaf__Curl_Virus\5ce90aab-3afd-437d-a405-7595c8c90665___YLCV_GCREC 1917.JPG,7,0.9999993,26.103518
1925,PlantVillage Internal,0,D:\Tomato_Disease_Research\plantvillage\Tomato__Tomato_YellowLeaf__Curl_Virus\5d40d3db-1277-4136-9276-229450f81b5b___YLCV_NREC 2588.JPG,7,0.99999917,26.25457
1926,PlantVillage Internal,0,D:\Tomato_Disease_Research\plantvillage\Tomato__Tomato_YellowLeaf__Curl_Virus\5dc0f3b8-50d7-4843-9cc2-3c7e6d94a66f___YLCV_NREC 2951.JPG,7,0.99999917,26.364347
1927,PlantVillage Internal,0,D:\Tomato_Disease_Research\plantvillage\Tomato__Tomato_YellowLeaf__Curl_Virus\5e3272b0-298c-4c66-8b76-aece9efb31d7___UF.GRC_YLCV_Lab 03293.JPG,7,0.99999917,26.158855
1928,PlantVillage Internal,0,D:\Tomato_Disease_Research\plantvillage\Tomato__Tomato_YellowLeaf__Curl_Virus\5e70b8f4-26db-4ac4-a23a-dac4fd0be93a___YLCV_GCREC 5401.JPG,7,0.99999905,26.443892
1929,PlantVillage Internal,0,D:\Tomato_Disease_Research\plantvillage\Tomato__Tomato_YellowLeaf__Curl_Virus\5eae82f7-b6cb-457c-9a5e-c78b507aab00___UF.GRC_YLCV_Lab 02326.JPG,7,0.9999993,26.590176
1930,PlantVillage Internal,0,D:\Tomato_Disease_Research\plantvillage\Tomato__Tomato_YellowLeaf__Curl_Virus\5eaecce2-01dc-449a-97eb-cd30ebc20895___YLCV_NREC 2627.JPG,7,0.99999917,25.716507
1931,PlantVillage Internal,0,D:\Tomato_Disease_Research\plantvillage\Tomato__Tomato_YellowLeaf__Curl_Virus\5f2cfdd5-f41d-47b4-99ea-520a20c2e9b6___UF.GRC_YLCV_Lab 01491.JPG,7,0.9999987,26.211277
1932,PlantVillage Internal,0,D:\Tomato_Disease_Research\plantvillage\Tomato__Tomato_YellowLeaf__Curl_Virus\5f30574a-e6e1-416b-aa31-4990f4a27748___YLCV_NREC 2046.JPG,7,0.99999917,25.911291
1933,PlantVillage Internal,0,D:\Tomato_Disease_Research\plantvillage\Tomato__Tomato_YellowLeaf__Curl_Virus\5fa4b5e9-4755-4b9b-98b5-4912fb21e820___YLCV_GCREC 2797.JPG,7,0.99999917,26.188341
1934,PlantVillage Internal,0,D:\Tomato_Disease_Research\plantvillage\Tomato__Tomato_YellowLeaf__Curl_Virus\5fbeb2d7-857c-4983-9f70-925451dc3a57___UF.GRC_YLCV_Lab 08443.JPG,7,0.99999774,26.020237
1935,PlantVillage Internal,0,D:\Tomato_Disease_Research\plantvillage\Tomato__Tomato_YellowLeaf__Curl_Virus\5fcdb337-36dd-41f6-ac68-b550b2935e85___UF.GRC_YLCV_Lab 01823.JPG,7,0.99999905,25.996452
1936,PlantVillage Internal,0,D:\Tomato_Disease_Research\plantvillage\Tomato__Tomato_YellowLeaf__Curl_Virus\607eeba2-d022-4b83-bd4a-ec061762368a___YLCV_GCREC 2009.JPG,7,0.99999917,25.760355
1937,PlantVillage Internal,0,D:\Tomato_Disease_Research\plantvillage\Tomato__Tomato_YellowLeaf__Curl_Virus\6080e4bb-3213-4074-8012-324bdfbc6583___YLCV_NREC 2469.JPG,7,0.9999993,25.866669
1938,PlantVillage Internal,0,D:\Tomato_Disease_Research\plantvillage\Tomato__Tomato_YellowLeaf__Curl_Virus\60834ba9-1f68-480f-95ae-5cc104065948___UF.GRC_YLCV_Lab 08568.JPG,7,0.99999166,25.283552
1939,PlantVillage Internal,0,D:\Tomato_Disease_Research\plantvillage\Tomato__Tomato_YellowLeaf__Curl_Virus\60e47250-be41-4c81-b910-6e1696282e91___YLCV_NREC 2123.JPG,7,0.99999905,26.157871
1940,PlantVillage Internal,0,D:\Tomato_Disease_Research\plantvillage\Tomato__Tomato_YellowLeaf__Curl_Virus\615a35a3-9a43-4325-8411-6548b893df15___YLCV_GCREC 2851.JPG,7,0.99999917,25.963482
1941,PlantVillage Internal,0,D:\Tomato_Disease_Research\plantvillage\Tomato__Tomato_YellowLeaf__Curl_Virus\61a02dc7-93ec-46d6-8150-2d565563fc5e___UF.GRC_YLCV_Lab 08440.JPG,7,0.99999607,25.242569
1942,PlantVillage Internal,0,D:\Tomato_Disease_Research\plantvillage\Tomato__Tomato_YellowLeaf__Curl_Virus\61f1fdf9-4a44-4bfa-9762-fe39eef02552___YLCV_GCREC 2742.JPG,7,0.99999917,26.120745
1943,PlantVillage Internal,0,D:\Tomato_Disease_Research\plantvillage\Tomato__Tomato_YellowLeaf__Curl_Virus\62541cc6-4e4e-4316-af45-159254d4510d___YLCV_NREC 2602.JPG,7,0.9999994,26.287413
1944,PlantVillage Internal,0,D:\Tomato_Disease_Research\plantvillage\Tomato__Tomato_YellowLeaf__Curl_Virus\6258502c-8e13-4a4a-99e7-f0cc823429a9___YLCV_NREC 2246.JPG,7,0.9999994,26.354523
1945,PlantVillage Internal,0,D:\Tomato_Disease_Research\plantvillage\Tomato__Tomato_YellowLeaf__Curl_Virus\626f0078-1b85-4638-9088-1bae86f5178d___UF.GRC_YLCV_Lab 02370.JPG,7,0.9999989,26.219824
1946,PlantVillage Internal,0,D:\Tomato_Disease_Research\plantvillage\Tomato__Tomato_YellowLeaf__Curl_Virus\62a66e0a-e057-4d7a-8347-9a2b80c44f79___YLCV_GCREC 5398.JPG,7,0.9999989,27.119467
1947,PlantVillage Internal,0,D:\Tomato_Disease_Research\plantvillage\Tomato__Tomato_YellowLeaf__Curl_Virus\63850dfe-2c79-4728-8557-b1eb242e16f1___YLCV_GCREC 2298.JPG,7,0.99999917,25.776218
1948,PlantVillage Internal,0,D:\Tomato_Disease_Research\plantvillage\Tomato__Tomato_YellowLeaf__Curl_Virus\63e007cc-d129-4201-99ce-341c54271b98___YLCV_NREC 0287.JPG,7,0.99999917,26.190739
1949,PlantVillage Internal,0,D:\Tomato_Disease_Research\plantvillage\Tomato__Tomato_YellowLeaf__Curl_Virus\642b0782-39c3-4efc-a5b9-9cf322e63348___YLCV_NREC 2527.JPG,7,0.99999917,25.787575
1950,PlantVillage Internal,0,D:\Tomato_Disease_Research\plantvillage\Tomato__Tomato_YellowLeaf__Curl_Virus\64618101-9581-4958-9760-6cfd10959fbf___UF.GRC_YLCV_Lab 02950.JPG,7,0.9999993,26.823408
1951,PlantVillage Internal,0,D:\Tomato_Disease_Research\plantvillage\Tomato__Tomato_YellowLeaf__Curl_Virus\64657de8-203f-4da1-a79e-6e82f7487341___YLCV_NREC 2883.JPG,7,0.99999905,26.28348
1952,PlantVillage Internal,0,D:\Tomato_Disease_Research\plantvillage\Tomato__Tomato_YellowLeaf__Curl_Virus\64a82c58-8e0e-4266-8a7e-4ff38d6655df___UF.GRC_YLCV_Lab 03105.JPG,7,0.99999917,26.19756
1953,PlantVillage Internal,0,D:\Tomato_Disease_Research\plantvillage\Tomato__Tomato_YellowLeaf__Curl_Virus\64d18eea-cae1-4373-9abb-ce5c15720a34___YLCV_GCREC 2441.JPG,7,0.99999917,25.660433
1954,PlantVillage Internal,0,D:\Tomato_Disease_Research\plantvillage\Tomato__Tomato_YellowLeaf__Curl_Virus\65314250-0d10-4f56-8592-38bb55534d4d___UF.GRC_YLCV_Lab 03206.JPG,7,0.9999989,25.863565
1955,PlantVillage Internal,0,D:\Tomato_Disease_Research\plantvillage\Tomato__Tomato_YellowLeaf__Curl_Virus\65967e9d-4418-4ad8-9884-96732666f0ee___UF.GRC_YLCV_Lab 01296.JPG,7,0.9999989,25.770954
1956,PlantVillage Internal,0,D:\Tomato_Disease_Research\plantvillage\Tomato__Tomato_YellowLeaf__Curl_Virus\65c2ca47-30ff-44f5-88c0-c450fc63fe9d___YLCV_GCREC 5206.JPG,7,0.9999993,25.913273
1957,PlantVillage Internal,0,D:\Tomato_Disease_Research\plantvillage\Tomato__Tomato_YellowLeaf__Curl_Virus\65df97a6-9ca6-465d-a4c2-2f0786042700___UF.GRC_YLCV_Lab 02225.JPG,7,0.9999988,26.123642
1958,PlantVillage Internal,0,D:\Tomato_Disease_Research\plantvillage\Tomato__Tomato_YellowLeaf__Curl_Virus\65f3b055-4ac0-467c-85c4-e77d01c12763___YLCV_GCREC 2374.JPG,7,0.99999917,26.088076
1959,PlantVillage Internal,0,D:\Tomato_Disease_Research\plantvillage\Tomato__Tomato_YellowLeaf__Curl_Virus\65ff2d16-c555-4340-b091-6cbcb9e878d9___YLCV_NREC 2156.JPG,7,0.99999905,25.71977
1960,PlantVillage Internal,0,D:\Tomato_Disease_Research\plantvillage\Tomato__Tomato_YellowLeaf__Curl_Virus\6642faa4-851e-4bff-a8ce-3248f3dfd01b___YLCV_GCREC 2873.JPG,7,0.99999905,26.62982
1961,PlantVillage Internal,0,D:\Tomato_Disease_Research\plantvillage\Tomato__Tomato_YellowLeaf__Curl_Virus\6652e757-b4c5-452f-a36c-dc14a7a6920e___UF.GRC_YLCV_Lab 02813.JPG,7,0.99999905,26.45654
1962,PlantVillage Internal,0,D:\Tomato_Disease_Research\plantvillage\Tomato__Tomato_YellowLeaf__Curl_Virus\66bae4b8-716c-4e0e-a71d-f87d8e3bfa87___YLCV_GCREC 5467.JPG,7,0.9999987,25.494713
1963,PlantVillage Internal,0,D:\Tomato_Disease_Research\plantvillage\Tomato__Tomato_YellowLeaf__Curl_Virus\66fd44fe-22ef-41e7-9a98-d34bba8e4160___UF.GRC_YLCV_Lab 02637.JPG,7,0.99999905,25.701967
1964,PlantVillage Internal,0,D:\Tomato_Disease_Research\plantvillage\Tomato__Tomato_YellowLeaf__Curl_Virus\67be104d-cbf0-4ec8-9137-6d3cc1f2b9ed___YLCV_GCREC 5330.JPG,7,0.99999917,26.1712
1965,PlantVillage Internal,0,D:\Tomato_Disease_Research\plantvillage\Tomato__Tomato_YellowLeaf__Curl_Virus\67d2fd78-d897-4e0c-831c-e8d373829a9f___YLCV_GCREC 2198.JPG,7,0.9999993,26.307642
1966,PlantVillage Internal,0,D:\Tomato_Disease_Research\plantvillage\Tomato__Tomato_YellowLeaf__Curl_Virus\685af008-4141-4707-8caa-67e21fbd17d9___UF.GRC_YLCV_Lab 02035.JPG,7,0.9999988,25.601631
1967,PlantVillage Internal,0,D:\Tomato_Disease_Research\plantvillage\Tomato__Tomato_YellowLeaf__Curl_Virus\6913598f-2993-4b48-bb29-de9d576a3fdc___UF.GRC_YLCV_Lab 01262.JPG,7,0.99999857,26.343122
1968,PlantVillage Internal,0,D:\Tomato_Disease_Research\plantvillage\Tomato__Tomato_YellowLeaf__Curl_Virus\69885c72-9f81-4a5d-87a0-2d98c435af64___YLCV_NREC 2988.JPG,7,0.9999993,26.013557
1969,PlantVillage Internal,0,D:\Tomato_Disease_Research\plantvillage\Tomato__Tomato_YellowLeaf__Curl_Virus\699f808f-2be8-49ef-bd0b-4f6d368ed4bb___YLCV_NREC 0139.JPG,7,0.9999988,26.422758
1970,PlantVillage Internal,0,D:\Tomato_Disease_Research\plantvillage\Tomato__Tomato_YellowLeaf__Curl_Virus\69feefca-d73a-4d18-b380-d34f37b9c35b___YLCV_NREC 0273.JPG,7,0.99999917,26.184809
1971,PlantVillage Internal,0,D:\Tomato_Disease_Research\plantvillage\Tomato__Tomato_YellowLeaf__Curl_Virus\6a6d3b38-0486-4131-b0c0-ca0a6bb1e889___UF.GRC_YLCV_Lab 09523.JPG,7,0.9999988,26.094492
1972,PlantVillage Internal,0,D:\Tomato_Disease_Research\plantvillage\Tomato__Tomato_YellowLeaf__Curl_Virus\6a9d1586-3b25-47d6-970c-b116e337d29d___YLCV_GCREC 2635.JPG,7,0.99999917,25.991758
1973,PlantVillage Internal,0,D:\Tomato_Disease_Research\plantvillage\Tomato__Tomato_YellowLeaf__Curl_Virus\6b13dcc6-31de-44e4-a6a6-31719f6d918d___UF.GRC_YLCV_Lab 03256.JPG,7,0.99999905,26.080124
1974,PlantVillage Internal,0,D:\Tomato_Disease_Research\plantvillage\Tomato__Tomato_YellowLeaf__Curl_Virus\6bc71828-8107-4cf7-9da1-54ac9f7c73da___UF.GRC_YLCV_Lab 02534.JPG,7,0.99999917,26.044046
1975,PlantVillage Internal,0,D:\Tomato_Disease_Research\plantvillage\Tomato__Tomato_YellowLeaf__Curl_Virus\6c0da973-414f-473f-8cb4-f280b39abb74___UF.GRC_YLCV_Lab 08524.JPG,7,0.999998,26.279202
1976,PlantVillage Internal,0,D:\Tomato_Disease_Research\plantvillage\Tomato__Tomato_YellowLeaf__Curl_Virus\6d188193-8718-4851-883e-ab94593fbe40___UF.GRC_YLCV_Lab 01583.JPG,7,0.99999917,25.864197
1977,PlantVillage Internal,0,D:\Tomato_Disease_Research\plantvillage\Tomato__Tomato_YellowLeaf__Curl_Virus\6d391c92-65ca-4c4b-bebe-074b4132e0df___UF.GRC_YLCV_Lab 08521.JPG,7,0.999998,25.845564
1978,PlantVillage Internal,0,D:\Tomato_Disease_Research\plantvillage\Tomato__Tomato_YellowLeaf__Curl_Virus\6d57c47e-8499-4b89-85a1-81e1b99c187d___UF.GRC_YLCV_Lab 09450.JPG,7,0.99999917,26.453608
1979,PlantVillage Internal,0,D:\Tomato_Disease_Research\plantvillage\Tomato__Tomato_YellowLeaf__Curl_Virus\6d9a72c4-5c43-4889-8faf-99fdaeb269b2___UF.GRC_YLCV_Lab 03312.JPG,7,0.99999917,25.999355
1980,PlantVillage Internal,0,D:\Tomato_Disease_Research\plantvillage\Tomato__Tomato_YellowLeaf__Curl_Virus\6db8de93-92cf-4e5f-927c-1f0608da33e5___YLCV_NREC 2927.JPG,7,0.99999905,26.321917
1981,PlantVillage Internal,0,D:\Tomato_Disease_Research\plantvillage\Tomato__Tomato_YellowLeaf__Curl_Virus\6dfd3bf5-7b49-42e8-aed8-28d36cb980ff___YLCV_GCREC 1959.JPG,7,0.99999917,25.857834
1982,PlantVillage Internal,0,D:\Tomato_Disease_Research\plantvillage\Tomato__Tomato_YellowLeaf__Curl_Virus\6e33481e-7f04-40c1-8fc1-96304e85ff50___YLCV_GCREC 2187.JPG,7,0.99999917,25.744965
1983,PlantVillage Internal,0,D:\Tomato_Disease_Research\plantvillage\Tomato__Tomato_YellowLeaf__Curl_Virus\6e345153-aed9-4879-a2cc-24f9dc5100e7___UF.GRC_YLCV_Lab 01798.JPG,7,0.99999905,25.784426
1984,PlantVillage Internal,0,D:\Tomato_Disease_Research\plantvillage\Tomato__Tomato_YellowLeaf__Curl_Virus\6e3b9886-ce13-49d5-8f80-ccf4e5ddbeac___YLCV_GCREC 5479.JPG,7,0.99999905,25.685732
1985,PlantVillage Internal,0,D:\Tomato_Disease_Research\plantvillage\Tomato__Tomato_YellowLeaf__Curl_Virus\6e8d8b47-3b4b-4ce7-94d0-8fdda2241699___YLCV_GCREC 2156.JPG,7,0.99999917,25.807438
1986,PlantVillage Internal,0,D:\Tomato_Disease_Research\plantvillage\Tomato__Tomato_YellowLeaf__Curl_Virus\6eea288a-b8e5-4841-a305-f9f234ba48ba___UF.GRC_YLCV_Lab 08484.JPG,7,0.99999774,25.597456
1987,PlantVillage Internal,0,D:\Tomato_Disease_Research\plantvillage\Tomato__Tomato_YellowLeaf__Curl_Virus\6f086bab-e275-4394-9082-2f0e77bd109c___YLCV_NREC 0164.JPG,7,0.99999905,26.397835
1988,PlantVillage Internal,0,D:\Tomato_Disease_Research\plantvillage\Tomato__Tomato_YellowLeaf__Curl_Virus\6fd9ffe1-8d25-4f44-a1bc-cb5f7c3795d3___UF.GRC_YLCV_Lab 09399.JPG,7,0.9999993,26.356188
1989,PlantVillage Internal,0,D:\Tomato_Disease_Research\plantvillage\Tomato__Tomato_YellowLeaf__Curl_Virus\709a8acc-35e1-450b-844c-46bbe6cab281___YLCV_NREC 0252.JPG,7,0.99999917,26.32058
1990,PlantVillage Internal,0,D:\Tomato_Disease_Research\plantvillage\Tomato__Tomato_YellowLeaf__Curl_Virus\70ab203d-cd1d-4c84-a960-e774419212bc___YLCV_NREC 2096.JPG,7,0.99999917,26.100561
1991,PlantVillage Internal,0,D:\Tomato_Disease_Research\plantvillage\Tomato__Tomato_YellowLeaf__Curl_Virus\711bb3ff-a4d2-4f24-b8f8-6b5e3cbe6cbd___YLCV_NREC 2822.JPG,7,0.99999905,25.86386
1992,PlantVillage Internal,0,D:\Tomato_Disease_Research\plantvillage\Tomato__Tomato_YellowLeaf__Curl_Virus\71854615-7918-4b3a-bb7d-16c8039bf21c___YLCV_GCREC 5473.JPG,7,0.9999988,25.864708
1993,PlantVillage Internal,0,D:\Tomato_Disease_Research\plantvillage\Tomato__Tomato_YellowLeaf__Curl_Virus\71bf15ef-4ea3-41b6-be93-f8c882784fee___YLCV_GCREC 2001.JPG,7,0.99999917,25.8082
1994,PlantVillage Internal,0,D:\Tomato_Disease_Research\plantvillage\Tomato__Tomato_YellowLeaf__Curl_Virus\729f6377-6b1e-4c36-be2f-79fb20649fda___YLCV_NREC 0300.JPG,7,0.9999988,25.818304
1995,PlantVillage Internal,0,D:\Tomato_Disease_Research\plantvillage\Tomato__Tomato_YellowLeaf__Curl_Virus\7343d20e-8f1b-4606-a05a-d6fd92fe292e___YLCV_GCREC 1941.JPG,7,0.99999917,26.04731
1996,PlantVillage Internal,0,D:\Tomato_Disease_Research\plantvillage\Tomato__Tomato_YellowLeaf__Curl_Virus\735de814-ec86-4a2e-b523-e5d5542aff2b___YLCV_GCREC 2490.JPG,7,0.9999993,26.237799
1997,PlantVillage Internal,0,D:\Tomato_Disease_Research\plantvillage\Tomato__Tomato_YellowLeaf__Curl_Virus\73734f51-843b-4355-b16d-be9a22f65ab5___YLCV_GCREC 2256.JPG,7,0.99999917,25.859346
1998,PlantVillage Internal,0,D:\Tomato_Disease_Research\plantvillage\Tomato__Tomato_YellowLeaf__Curl_Virus\7391c09a-47dc-4dba-85b0-65e137db7977___YLCV_GCREC 2216.JPG,7,0.9999989,26.043074
1999,PlantVillage Internal,0,D:\Tomato_Disease_Research\plantvillage\Tomato__Tomato_YellowLeaf__Curl_Virus\73c34aa9-61a0-43e5-b01e-ddab0ee2583b___UF.GRC_YLCV_Lab 02762.JPG,7,0.9999993,26.03498
2000,PlantVillage Internal,0,D:\Tomato_Disease_Research\plantvillage\Tomato__Tomato_YellowLeaf__Curl_Virus\7429dac6-3f02-4530-a856-63095e8644df___YLCV_NREC 0082.JPG,7,0.9999989,26.126524
2001,PlantVillage Internal,0,D:\Tomato_Disease_Research\plantvillage\Tomato__Tomato_YellowLeaf__Curl_Virus\744f2065-261d-42be-87ec-de81a39df65d___UF.GRC_YLCV_Lab 02577.JPG,7,0.999998,25.22633
2002,PlantVillage Internal,0,D:\Tomato_Disease_Research\plantvillage\Tomato__Tomato_YellowLeaf__Curl_Virus\74cffc72-a8cf-4cce-b18c-8610ad39d3f3___YLCV_GCREC 5506.JPG,7,0.99999917,26.370264
2003,PlantVillage Internal,0,D:\Tomato_Disease_Research\plantvillage\Tomato__Tomato_YellowLeaf__Curl_Virus\74dafee0-94a5-4e07-9b04-c85f4cd9928a___YLCV_NREC 2243.JPG,7,0.99999917,25.719921
2004,PlantVillage Internal,0,D:\Tomato_Disease_Research\plantvillage\Tomato__Tomato_YellowLeaf__Curl_Virus\758cc68d-9222-47b0-bf54-29f1d131ecdc___UF.GRC_YLCV_Lab 02593.JPG,7,0.99999917,25.970886
2005,PlantVillage Internal,0,D:\Tomato_Disease_Research\plantvillage\Tomato__Tomato_YellowLeaf__Curl_Virus\75b2e6cc-9a7d-42b8-b6d8-73532f0503bb___YLCV_NREC 2366.JPG,7,0.9999993,26.446068
2006,PlantVillage Internal,0,D:\Tomato_Disease_Research\plantvillage\Tomato__Tomato_YellowLeaf__Curl_Virus\75c01936-f1e8-4e56-a08d-69e730835320___UF.GRC_YLCV_Lab 02072.JPG,7,0.99999917,26.109978
2007,PlantVillage Internal,0,D:\Tomato_Disease_Research\plantvillage\Tomato__Tomato_YellowLeaf__Curl_Virus\75fc3b85-0b18-46a3-8c42-5f3c5581111d___UF.GRC_YLCV_Lab 09521.JPG,7,0.99999905,25.9693
2008,PlantVillage Internal,0,D:\Tomato_Disease_Research\plantvillage\Tomato__Tomato_YellowLeaf__Curl_Virus\7659846e-0003-42bc-ba6f-d553ea1971b3___UF.GRC_YLCV_Lab 01644.JPG,7,0.9999989,26.266932
2009,PlantVillage Internal,0,D:\Tomato_Disease_Research\plantvillage\Tomato__Tomato_YellowLeaf__Curl_Virus\776610c8-77d3-4dbb-91e5-232aa475508a___UF.GRC_YLCV_Lab 01476.JPG,7,0.9999989,26.069042
2010,PlantVillage Internal,0,D:\Tomato_Disease_Research\plantvillage\Tomato__Tomato_YellowLeaf__Curl_Virus\77d772ea-629a-4a67-80ad-31dbf721118e___YLCV_GCREC 2138.JPG,7,0.99999917,26.214727
2011,PlantVillage Internal,0,D:\Tomato_Disease_Research\plantvillage\Tomato__Tomato_YellowLeaf__Curl_Virus\77eaf955-9ae7-4dc7-8fca-5746faa341d2___YLCV_GCREC 5196.JPG,7,0.99999905,25.53037
2012,PlantVillage Internal,0,D:\Tomato_Disease_Research\plantvillage\Tomato__Tomato_YellowLeaf__Curl_Virus\780812ad-50f2-41b2-96ca-d3af691e970c___YLCV_NREC 0233.JPG,7,0.99999917,26.302187
2013,PlantVillage Internal,0,D:\Tomato_Disease_Research\plantvillage\Tomato__Tomato_YellowLeaf__Curl_Virus\785b8aa5-f6e9-4e47-8b65-28d32572912e___UF.GRC_YLCV_Lab 02386.JPG,7,0.99999917,26.134947
2014,PlantVillage Internal,0,D:\Tomato_Disease_Research\plantvillage\Tomato__Tomato_YellowLeaf__Curl_Virus\78d86bb7-9329-4148-84fe-63b734e7c4c8___UF.GRC_YLCV_Lab 08421.JPG,7,0.99999785,25.829014
2015,PlantVillage Internal,0,D:\Tomato_Disease_Research\plantvillage\Tomato__Tomato_YellowLeaf__Curl_Virus\7968cd62-7006-4eb4-b2d8-66275168a0a4___UF.GRC_YLCV_Lab 02893.JPG,7,0.99999917,26.127392
2016,PlantVillage Internal,0,D:\Tomato_Disease_Research\plantvillage\Tomato__Tomato_YellowLeaf__Curl_Virus\798f86b0-5b10-4dc8-9ab3-4aeceae6ab97___UF.GRC_YLCV_Lab 02723.JPG,7,0.9999989,26.183271
2017,PlantVillage Internal,0,D:\Tomato_Disease_Research\plantvillage\Tomato__Tomato_YellowLeaf__Curl_Virus\7a248c72-1dae-4532-b083-b0bee802cb4b___UF.GRC_YLCV_Lab 01722.JPG,7,0.99999905,26.113632
2018,PlantVillage Internal,0,D:\Tomato_Disease_Research\plantvillage\Tomato__Tomato_YellowLeaf__Curl_Virus\7a26d2bb-63e3-4a2f-916d-bd587156c1af___YLCV_NREC 2295.JPG,7,0.99999917,25.841963
2019,PlantVillage Internal,0,D:\Tomato_Disease_Research\plantvillage\Tomato__Tomato_YellowLeaf__Curl_Virus\7a34ec0c-86d7-4894-96bb-985c14982d56___UF.GRC_YLCV_Lab 02113.JPG,7,0.99999857,25.440498
2020,PlantVillage Internal,0,D:\Tomato_Disease_Research\plantvillage\Tomato__Tomato_YellowLeaf__Curl_Virus\7a9408d7-125d-46b4-b028-97de2f8901e0___YLCV_GCREC 2404.JPG,7,0.9999993,26.039394
2021,PlantVillage Internal,0,D:\Tomato_Disease_Research\plantvillage\Tomato__Tomato_YellowLeaf__Curl_Virus\7b206111-3fcc-489b-bc9f-e1489bff2fb2___YLCV_NREC 2941.JPG,7,0.9999993,26.346224
2022,PlantVillage Internal,0,D:\Tomato_Disease_Research\plantvillage\Tomato__Tomato_YellowLeaf__Curl_Virus\7b74581c-7731-475c-9bd0-ca07d5cbf6cc___UF.GRC_YLCV_Lab 02675.JPG,7,0.9999993,26.078863
2023,PlantVillage Internal,0,D:\Tomato_Disease_Research\plantvillage\Tomato__Tomato_YellowLeaf__Curl_Virus\7bc2321e-e0e8-4eb0-ad9b-3bfee62d3c7d___YLCV_GCREC 2638.JPG,7,0.99999917,26.301804
2024,PlantVillage Internal,0,D:\Tomato_Disease_Research\plantvillage\Tomato__Tomato_YellowLeaf__Curl_Virus\7beb814a-9589-4d25-be33-bec83d4b3d82___YLCV_GCREC 2701.JPG,7,0.99999917,26.433216
2025,PlantVillage Internal,0,D:\Tomato_Disease_Research\plantvillage\Tomato__Tomato_YellowLeaf__Curl_Virus\7c56b8b1-8652-4f5d-afac-7ccc4e7354d4___YLCV_NREC 2753.JPG,7,0.99999905,26.220797
2026,PlantVillage Internal,0,D:\Tomato_Disease_Research\plantvillage\Tomato__Tomato_YellowLeaf__Curl_Virus\7ca59adf-902b-4c6f-914d-e1ead426c8ab___YLCV_GCREC 5171.JPG,7,0.9999993,26.044498
2027,PlantVillage Internal,0,D:\Tomato_Disease_Research\plantvillage\Tomato__Tomato_YellowLeaf__Curl_Virus\7cf516ee-327e-40a6-810b-7c08ea57f825___UF.GRC_YLCV_Lab 02062.JPG,7,0.9999993,26.245779
2028,PlantVillage Internal,0,D:\Tomato_Disease_Research\plantvillage\Tomato__Tomato_YellowLeaf__Curl_Virus\7d50b11c-ef8d-4fad-b230-a1bfeac18b76___YLCV_NREC 2304.JPG,7,0.99999917,25.98942
2029,PlantVillage Internal,0,D:\Tomato_Disease_Research\plantvillage\Tomato__Tomato_YellowLeaf__Curl_Virus\7d85c8c9-a4fa-4241-9de5-dd9959ea7a62___UF.GRC_YLCV_Lab 01726.JPG,7,0.99999905,26.00629
2030,PlantVillage Internal,0,D:\Tomato_Disease_Research\plantvillage\Tomato__Tomato_YellowLeaf__Curl_Virus\7d9f3295-09b4-47d7-9428-a7c51581dfb1___UF.GRC_YLCV_Lab 01581.JPG,7,0.99999917,26.011015
2031,PlantVillage Internal,0,D:\Tomato_Disease_Research\plantvillage\Tomato__Tomato_YellowLeaf__Curl_Virus\7dd9970f-caea-4d86-9b4f-0347d34542ac___UF.GRC_YLCV_Lab 09553.JPG,7,0.9999993,26.40802
2032,PlantVillage Internal,0,D:\Tomato_Disease_Research\plantvillage\Tomato__Tomato_YellowLeaf__Curl_Virus\7e3bc5f6-9890-4e2e-90a3-cd394eedb6c5___YLCV_NREC 2412.JPG,7,0.9999993,26.232979
2033,PlantVillage Internal,0,D:\Tomato_Disease_Research\plantvillage\Tomato__Tomato_YellowLeaf__Curl_Virus\7e67552a-5636-483a-9f95-593b214949d6___UF.GRC_YLCV_Lab 03022.JPG,7,0.99999845,25.426844
2034,PlantVillage Internal,0,D:\Tomato_Disease_Research\plantvillage\Tomato__Tomato_YellowLeaf__Curl_Virus\80274194-0aa0-48a1-add7-48c8d728300c___YLCV_NREC 0144.JPG,7,0.9999988,26.130339
2035,PlantVillage Internal,0,D:\Tomato_Disease_Research\plantvillage\Tomato__Tomato_YellowLeaf__Curl_Virus\806bd381-98ef-4a06-a1ed-65d9cc44f3c7___UF.GRC_YLCV_Lab 02006.JPG,7,0.99999917,25.898859
2036,PlantVillage Internal,0,D:\Tomato_Disease_Research\plantvillage\Tomato__Tomato_YellowLeaf__Curl_Virus\80a9f9a9-1868-44fd-9faa-071c58d55d97___UF.GRC_YLCV_Lab 02556.JPG,7,0.9999989,26.216375
2037,PlantVillage Internal,0,D:\Tomato_Disease_Research\plantvillage\Tomato__Tomato_YellowLeaf__Curl_Virus\80eb3da8-47d7-44b0-8114-657da432cf9d___UF.GRC_YLCV_Lab 01723.JPG,7,0.9999993,26.224915
2038,PlantVillage Internal,0,D:\Tomato_Disease_Research\plantvillage\Tomato__Tomato_YellowLeaf__Curl_Virus\81430658-7687-4bdc-9b1c-f2563606d304___YLCV_NREC 0097.JPG,7,0.9999988,26.15622
2039,PlantVillage Internal,0,D:\Tomato_Disease_Research\plantvillage\Tomato__Tomato_YellowLeaf__Curl_Virus\8154ab08-737d-49c5-83f3-b01cb6aa767a___YLCV_GCREC 2646.JPG,7,0.99999917,26.44141
2040,PlantVillage Internal,0,D:\Tomato_Disease_Research\plantvillage\Tomato__Tomato_YellowLeaf__Curl_Virus\81a7b0d8-0e23-474e-8e3a-1d133a52de97___YLCV_GCREC 2575.JPG,7,0.99999917,26.050869
2041,PlantVillage Internal,0,D:\Tomato_Disease_Research\plantvillage\Tomato__Tomato_YellowLeaf__Curl_Virus\82c706b4-04f5-48bf-b509-8e7a890d0950___YLCV_GCREC 2370.JPG,7,0.99999833,25.468513
2042,PlantVillage Internal,0,D:\Tomato_Disease_Research\plantvillage\Tomato__Tomato_YellowLeaf__Curl_Virus\82c9f4ee-648c-4f54-aac0-dd2062636163___YLCV_NREC 2455.JPG,7,0.99999917,25.968464
2043,PlantVillage Internal,0,D:\Tomato_Disease_Research\plantvillage\Tomato__Tomato_YellowLeaf__Curl_Virus\8354d154-a610-462a-865a-83b2fb5055f4___YLCV_NREC 2966.JPG,7,0.9999993,26.161076
2044,PlantVillage Internal,0,D:\Tomato_Disease_Research\plantvillage\Tomato__Tomato_YellowLeaf__Curl_Virus\836fddc3-3cc3-4134-bd57-c636f75b40f2___UF.GRC_YLCV_Lab 02510.JPG,7,0.99999905,26.119146
2045,PlantVillage Internal,0,D:\Tomato_Disease_Research\plantvillage\Tomato__Tomato_YellowLeaf__Curl_Virus\83bb32e9-e353-413c-962d-0f20eba56dff___YLCV_NREC 2443.JPG,7,0.99999917,25.79692
2046,PlantVillage Internal,0,D:\Tomato_Disease_Research\plantvillage\Tomato__Tomato_YellowLeaf__Curl_Virus\83e4763b-21ad-4834-8d9e-1555f4d295c7___UF.GRC_YLCV_Lab 03047.JPG,7,0.9999993,26.305285
2047,PlantVillage Internal,0,D:\Tomato_Disease_Research\plantvillage\Tomato__Tomato_YellowLeaf__Curl_Virus\8486dc84-3cec-4289-8c8f-73e651c564e9___YLCV_NREC 2051.JPG,7,0.9999993,26.237865
2048,PlantVillage Internal,0,D:\Tomato_Disease_Research\plantvillage\Tomato__Tomato_YellowLeaf__Curl_Virus\853a1beb-80b1-4fcd-87c6-1668bfa0c92d___UF.GRC_YLCV_Lab 01428.JPG,7,0.99999857,25.675215
2049,PlantVillage Internal,0,D:\Tomato_Disease_Research\plantvillage\Tomato__Tomato_YellowLeaf__Curl_Virus\8602323f-a327-4c3b-832b-9343db6bafab___UF.GRC_YLCV_Lab 02516.JPG,7,0.99999917,26.165657
2050,PlantVillage Internal,0,D:\Tomato_Disease_Research\plantvillage\Tomato__Tomato_YellowLeaf__Curl_Virus\86089870-b24b-4509-abc3-f6c50fd07e49___UF.GRC_YLCV_Lab 01677.JPG,7,0.9999989,26.689991
2051,PlantVillage Internal,0,D:\Tomato_Disease_Research\plantvillage\Tomato__Tomato_YellowLeaf__Curl_Virus\863f9d76-da10-4542-86b2-535e55139f5d___UF.GRC_YLCV_Lab 01846.JPG,7,0.9999993,26.33301
2052,PlantVillage Internal,0,D:\Tomato_Disease_Research\plantvillage\Tomato__Tomato_YellowLeaf__Curl_Virus\8675f924-c2d3-4586-9f4d-273fe490af8b___UF.GRC_YLCV_Lab 01435.JPG,7,0.99999905,26.122656
2053,PlantVillage Internal,0,D:\Tomato_Disease_Research\plantvillage\Tomato__Tomato_YellowLeaf__Curl_Virus\86a5fa01-e58a-471c-a8ea-dd567ba5f26b___YLCV_GCREC 2328.JPG,7,0.9999993,26.238081
2054,PlantVillage Internal,0,D:\Tomato_Disease_Research\plantvillage\Tomato__Tomato_YellowLeaf__Curl_Virus\87a0203e-4e4a-4078-b202-a755983743d7___YLCV_NREC 2984.JPG,7,0.99999917,25.997162
2055,PlantVillage Internal,0,D:\Tomato_Disease_Research\plantvillage\Tomato__Tomato_YellowLeaf__Curl_Virus\87a0b79c-e258-47cb-8b47-7b1393b132c4___UF.GRC_YLCV_Lab 01430.JPG,7,0.99999905,26.074808
2056,PlantVillage Internal,0,D:\Tomato_Disease_Research\plantvillage\Tomato__Tomato_YellowLeaf__Curl_Virus\87acc23d-cbbb-42ed-943b-5a138beff815___UF.GRC_YLCV_Lab 02119.JPG,7,0.9999989,25.494137
2057,PlantVillage Internal,0,D:\Tomato_Disease_Research\plantvillage\Tomato__Tomato_YellowLeaf__Curl_Virus\87fd49d2-d1b0-4e33-9443-1de82d2c19a1___YLCV_GCREC 2620.JPG,7,0.99999917,26.38151
2058,PlantVillage Internal,0,D:\Tomato_Disease_Research\plantvillage\Tomato__Tomato_YellowLeaf__Curl_Virus\884c75d8-4cb8-40d3-9730-8ece772595a0___UF.GRC_YLCV_Lab 09537.JPG,7,0.99999917,26.160883
2059,PlantVillage Internal,0,D:\Tomato_Disease_Research\plantvillage\Tomato__Tomato_YellowLeaf__Curl_Virus\887aa630-362e-431a-83be-8abac44a76e9___UF.GRC_YLCV_Lab 03099.JPG,7,0.9999988,25.972757
2060,PlantVillage Internal,0,D:\Tomato_Disease_Research\plantvillage\Tomato__Tomato_YellowLeaf__Curl_Virus\888611a3-a785-48c5-9df6-d5e39797b71b___UF.GRC_YLCV_Lab 03370.JPG,7,0.9999994,26.42066
2061,PlantVillage Internal,0,D:\Tomato_Disease_Research\plantvillage\Tomato__Tomato_YellowLeaf__Curl_Virus\88c73321-cfb7-4118-84ed-a03282bb27bb___YLCV_NREC 2077.JPG,7,0.9999994,26.29583
2062,PlantVillage Internal,0,D:\Tomato_Disease_Research\plantvillage\Tomato__Tomato_YellowLeaf__Curl_Virus\88d97e45-8b32-4267-be07-60faaa1fc0bc___YLCV_NREC 2585.JPG,7,0.99999917,26.05796
2063,PlantVillage Internal,0,D:\Tomato_Disease_Research\plantvillage\Tomato__Tomato_YellowLeaf__Curl_Virus\89de7ddc-d78b-44fb-b1e5-80333e62ee33___UF.GRC_YLCV_Lab 02285.JPG,7,0.9999993,26.291285
2064,PlantVillage Internal,0,D:\Tomato_Disease_Research\plantvillage\Tomato__Tomato_YellowLeaf__Curl_Virus\89fe420f-3f9a-4b1a-b19d-f866dfd0800a___UF.GRC_YLCV_Lab 01955.JPG,7,0.99999917,26.280067
2065,PlantVillage Internal,0,D:\Tomato_Disease_Research\plantvillage\Tomato__Tomato_YellowLeaf__Curl_Virus\8a03e1c8-738e-4bb2-90ef-12f37f9d7eaf___YLCV_GCREC 2336.JPG,7,0.9999993,25.829689
2066,PlantVillage Internal,0,D:\Tomato_Disease_Research\plantvillage\Tomato__Tomato_YellowLeaf__Curl_Virus\8a72f728-8a36-4e96-bcfc-da5a04626338___UF.GRC_YLCV_Lab 02417.JPG,7,0.99999917,26.019863
2067,PlantVillage Internal,0,D:\Tomato_Disease_Research\plantvillage\Tomato__Tomato_YellowLeaf__Curl_Virus\8ae297ec-545c-467f-89f2-910b293fb9d0___UF.GRC_YLCV_Lab 01567.JPG,7,0.99999917,25.860018
2068,PlantVillage Internal,0,D:\Tomato_Disease_Research\plantvillage\Tomato__Tomato_YellowLeaf__Curl_Virus\8aeacb4f-d041-42b1-8c66-064bb11f1f2f___YLCV_GCREC 5389.JPG,7,0.99999917,26.331083
2069,PlantVillage Internal,0,D:\Tomato_Disease_Research\plantvillage\Tomato__Tomato_YellowLeaf__Curl_Virus\8b86b5db-2e9c-4fea-ae82-8aae2b3e4e7f___UF.GRC_YLCV_Lab 03235.JPG,7,0.9999994,26.619738
2070,PlantVillage Internal,0,D:\Tomato_Disease_Research\plantvillage\Tomato__Tomato_YellowLeaf__Curl_Virus\8bf1c6d4-b64e-4a94-a4de-c177fff111ce___UF.GRC_YLCV_Lab 09545.JPG,7,0.9999993,26.349503
2071,PlantVillage Internal,0,D:\Tomato_Disease_Research\plantvillage\Tomato__Tomato_YellowLeaf__Curl_Virus\8c1749b7-93d3-44fc-8f4a-78549b48c5fe___YLCV_GCREC 2699.JPG,7,0.9999993,26.62087
2072,PlantVillage Internal,0,D:\Tomato_Disease_Research\plantvillage\Tomato__Tomato_YellowLeaf__Curl_Virus\8c179530-6991-422e-a933-da6d727aac82___UF.GRC_YLCV_Lab 01466.JPG,7,0.99999905,26.37022
2073,PlantVillage Internal,0,D:\Tomato_Disease_Research\plantvillage\Tomato__Tomato_YellowLeaf__Curl_Virus\8c50b980-50f8-48db-9e96-f15a229f259c___YLCV_NREC 2655.JPG,7,0.9999993,26.007687
2074,PlantVillage Internal,0,D:\Tomato_Disease_Research\plantvillage\Tomato__Tomato_YellowLeaf__Curl_Virus\8c5fa2c2-8748-4798-a8b8-bbe0b3409cb9___UF.GRC_YLCV_Lab 03176.JPG,7,0.99999917,26.19672
2075,PlantVillage Internal,0,D:\Tomato_Disease_Research\plantvillage\Tomato__Tomato_YellowLeaf__Curl_Virus\8c89465d-6cb8-44a4-a537-645ecc8b0b4b___YLCV_NREC 0291.JPG,7,0.99999917,26.33283
2076,PlantVillage Internal,0,D:\Tomato_Disease_Research\plantvillage\Tomato__Tomato_YellowLeaf__Curl_Virus\8ca1a93a-09d4-4c7e-a898-e8967eb7e908___YLCV_GCREC 2265.JPG,7,0.9999993,26.087894
2077,PlantVillage Internal,0,D:\Tomato_Disease_Research\plantvillage\Tomato__Tomato_YellowLeaf__Curl_Virus\8d22109e-4cfc-46ee-899f-678cd40a31eb___YLCV_GCREC 2540.JPG,7,0.9999993,26.303371
2078,PlantVillage Internal,0,D:\Tomato_Disease_Research\plantvillage\Tomato__Tomato_YellowLeaf__Curl_Virus\8d7e4629-b0df-460c-8fba-a100479c06df___YLCV_GCREC 1952.JPG,7,0.9999993,26.119717
2079,PlantVillage Internal,0,D:\Tomato_Disease_Research\plantvillage\Tomato__Tomato_YellowLeaf__Curl_Virus\8da4b5fb-fee2-437e-9544-6c9f4ed0ed1e___UF.GRC_YLCV_Lab 02080.JPG,7,0.9999993,26.316757
2080,PlantVillage Internal,0,D:\Tomato_Disease_Research\plantvillage\Tomato__Tomato_YellowLeaf__Curl_Virus\8e12cd71-b33d-4db0-9291-80857783c96a___UF.GRC_YLCV_Lab 01803.JPG,7,0.99999917,26.20364
2081,PlantVillage Internal,0,D:\Tomato_Disease_Research\plantvillage\Tomato__Tomato_YellowLeaf__Curl_Virus\8ed27b95-17ba-4d1c-a149-ef4603dd8f61___UF.GRC_YLCV_Lab 01969.JPG,7,0.99999917,26.231918
2082,PlantVillage Internal,0,D:\Tomato_Disease_Research\plantvillage\Tomato__Tomato_YellowLeaf__Curl_Virus\8ef68219-39f1-4d0c-9f1c-8fb07e920cbf___YLCV_GCREC 2580.JPG,7,0.9999993,26.350302
2083,PlantVillage Internal,0,D:\Tomato_Disease_Research\plantvillage\Tomato__Tomato_YellowLeaf__Curl_Virus\8f06ba41-8f5d-45b2-ba8c-af72d444be7a___YLCV_GCREC 2204.JPG,7,0.9999993,25.886047
2084,PlantVillage Internal,0,D:\Tomato_Disease_Research\plantvillage\Tomato__Tomato_YellowLeaf__Curl_Virus\8f1dc4b2-220e-4afd-a559-48a2f142007c___YLCV_NREC 2298.JPG,7,0.9999993,26.100943
2085,PlantVillage Internal,0,D:\Tomato_Disease_Research\plantvillage\Tomato__Tomato_YellowLeaf__Curl_Virus\8f2d1ca5-aaa7-4aeb-a59a-4c4624da3113___UF.GRC_YLCV_Lab 01256.JPG,7,0.9999994,26.452744
2086,PlantVillage Internal,0,D:\Tomato_Disease_Research\plantvillage\Tomato__Tomato_YellowLeaf__Curl_Virus\8f3ed21d-2ba4-42e4-b8d6-c83ee1fdf1fc___UF.GRC_YLCV_Lab 02348.JPG,7,0.9999987,25.594437
2087,PlantVillage Internal,0,D:\Tomato_Disease_Research\plantvillage\Tomato__Tomato_YellowLeaf__Curl_Virus\90391022-d47a-49fa-a95b-48612ec23288___YLCV_NREC 2509.JPG,7,0.9999993,25.921753
2088,PlantVillage Internal,0,D:\Tomato_Disease_Research\plantvillage\Tomato__Tomato_YellowLeaf__Curl_Virus\905c989e-b114-4491-927a-8a4d1cb1f47b___YLCV_GCREC 1905.JPG,7,0.9999993,26.042469
2089,PlantVillage Internal,0,D:\Tomato_Disease_Research\plantvillage\Tomato__Tomato_YellowLeaf__Curl_Virus\90a7c7fb-f268-4b0d-bb5a-2666c44b2768___YLCV_NREC 2315.JPG,7,0.99999917,25.848017
2090,PlantVillage Internal,0,D:\Tomato_Disease_Research\plantvillage\Tomato__Tomato_YellowLeaf__Curl_Virus\91ebbbe6-03e0-4757-afe4-6e7bfadda891___UF.GRC_YLCV_Lab 02037.JPG,7,0.99999905,26.18051
2091,PlantVillage Internal,0,D:\Tomato_Disease_Research\plantvillage\Tomato__Tomato_YellowLeaf__Curl_Virus\92082b88-d462-4934-bede-bcdd98795379___UF.GRC_YLCV_Lab 03184.JPG,7,0.9999994,26.393278
2092,PlantVillage Internal,0,D:\Tomato_Disease_Research\plantvillage\Tomato__Tomato_YellowLeaf__Curl_Virus\922bff88-227d-459d-9f62-16dc1d95cafa___YLCV_NREC 2665.JPG,7,0.99999917,25.873936
2093,PlantVillage Internal,0,D:\Tomato_Disease_Research\plantvillage\Tomato__Tomato_YellowLeaf__Curl_Virus\9244f1d0-c42b-49aa-99cf-eb2830a09939___UF.GRC_YLCV_Lab 02559.JPG,7,0.9999988,26.615934
2094,PlantVillage Internal,0,D:\Tomato_Disease_Research\plantvillage\Tomato__Tomato_YellowLeaf__Curl_Virus\928083f9-28e8-4e9d-9437-bd6d72b851e1___UF.GRC_YLCV_Lab 02787.JPG,7,0.99999917,26.171024
2095,PlantVillage Internal,0,D:\Tomato_Disease_Research\plantvillage\Tomato__Tomato_YellowLeaf__Curl_Virus\9283b89a-30fa-49fa-af3f-6b90daedec6a___UF.GRC_YLCV_Lab 02008.JPG,7,0.99999905,25.901157
2096,PlantVillage Internal,0,D:\Tomato_Disease_Research\plantvillage\Tomato__Tomato_YellowLeaf__Curl_Virus\92b4bad6-4326-4de7-8a65-eea919719730___YLCV_GCREC 2945.JPG,7,0.99999917,26.219858
2097,PlantVillage Internal,0,D:\Tomato_Disease_Research\plantvillage\Tomato__Tomato_YellowLeaf__Curl_Virus\92d0f96f-83ac-4852-b3b5-973abbd9f3e9___YLCV_GCREC 2823.JPG,7,0.9999993,26.204918
2098,PlantVillage Internal,0,D:\Tomato_Disease_Research\plantvillage\Tomato__Tomato_YellowLeaf__Curl_Virus\9303b8a2-2e6b-46c0-b650-4bf4016b7a2e___YLCV_GCREC 2085.JPG,7,0.9999993,25.613958
2099,PlantVillage Internal,0,D:\Tomato_Disease_Research\plantvillage\Tomato__Tomato_YellowLeaf__Curl_Virus\9314c285-23d4-4107-b9a5-67d2d2a32921___YLCV_GCREC 2600.JPG,7,0.9999993,26.163883
2100,PlantVillage Internal,0,D:\Tomato_Disease_Research\plantvillage\Tomato__Tomato_YellowLeaf__Curl_Virus\94e37653-feb5-4d5d-908c-f7ef3f03a774___YLCV_NREC 2906.JPG,7,0.9999993,26.26355
2101,PlantVillage Internal,0,D:\Tomato_Disease_Research\plantvillage\Tomato__Tomato_YellowLeaf__Curl_Virus\95d3aec0-edfa-4cd4-b3f9-c39d24e9f37a___UF.GRC_YLCV_Lab 02377.JPG,7,0.99999917,26.553291
2102,PlantVillage Internal,0,D:\Tomato_Disease_Research\plantvillage\Tomato__Tomato_YellowLeaf__Curl_Virus\95d55a85-290c-4883-855d-40a125de4c80___YLCV_NREC 0092.JPG,7,0.9999989,26.105886
2103,PlantVillage Internal,0,D:\Tomato_Disease_Research\plantvillage\Tomato__Tomato_YellowLeaf__Curl_Virus\9637c3bf-d026-4ab3-a401-c7d79d82cbdf___UF.GRC_YLCV_Lab 09334.JPG,7,0.99999833,26.092478
2104,PlantVillage Internal,0,D:\Tomato_Disease_Research\plantvillage\Tomato__Tomato_YellowLeaf__Curl_Virus\96cd3041-9e88-4796-9e9f-e2eda1ecff42___YLCV_GCREC 2290.JPG,7,0.9999987,25.599297
2105,PlantVillage Internal,0,D:\Tomato_Disease_Research\plantvillage\Tomato__Tomato_mosaic_virus\046a2559-23b4-4018-a3db-337347ceb391___PSU_CG 2321.JPG,8,0.9999989,28.686394
2106,PlantVillage Internal,0,D:\Tomato_Disease_Research\plantvillage\Tomato__Tomato_mosaic_virus\05910684-8466-4472-b520-b6f90bfc0d01___PSU_CG 2076.JPG,8,0.99999917,29.160736
2107,PlantVillage Internal,0,D:\Tomato_Disease_Research\plantvillage\Tomato__Tomato_mosaic_virus\0b5e2269-7b37-43ac-9a96-c62b9bba2383___PSU_CG 2243.JPG,8,0.99999917,28.720325
2108,PlantVillage Internal,0,D:\Tomato_Disease_Research\plantvillage\Tomato__Tomato_mosaic_virus\0c05f5bb-e38d-422f-8b1c-632d8c0d730c___PSU_CG 2133.JPG,8,0.99999905,28.686749
2109,PlantVillage Internal,0,D:\Tomato_Disease_Research\plantvillage\Tomato__Tomato_mosaic_virus\0c779116-043c-4715-b080-16be2e8d2552___PSU_CG 2285.JPG,8,0.9999988,28.869987
2110,PlantVillage Internal,0,D:\Tomato_Disease_Research\plantvillage\Tomato__Tomato_mosaic_virus\119554ae-c777-46da-abb7-591404fdc65f___PSU_CG 2393.JPG,8,0.99999845,28.70946
2111,PlantVillage Internal,0,D:\Tomato_Disease_Research\plantvillage\Tomato__Tomato_mosaic_virus\15f1e22a-9c70-4060-a275-fac10c196341___PSU_CG 2118.JPG,8,0.99999917,29.28571
2112,PlantVillage Internal,0,D:\Tomato_Disease_Research\plantvillage\Tomato__Tomato_mosaic_virus\20182b2d-dfda-4ef1-89cc-17856e051b00___PSU_CG 2072.JPG,8,0.99999917,28.970222
2113,PlantVillage Internal,0,D:\Tomato_Disease_Research\plantvillage\Tomato__Tomato_mosaic_virus\227c893f-5a46-4df3-859d-ba3a74e4cb82___PSU_CG 2277.JPG,8,0.99999905,28.892897
2114,PlantVillage Internal,0,D:\Tomato_Disease_Research\plantvillage\Tomato__Tomato_mosaic_virus\25857136-3515-4433-8129-c26f91e94cbe___PSU_CG 2233.JPG,8,0.99999917,28.922344
2115,PlantVillage Internal,0,D:\Tomato_Disease_Research\plantvillage\Tomato__Tomato_mosaic_virus\26ea2737-6f69-441b-a5da-7f68ed4e8f5e___PSU_CG 2141.JPG,8,0.9999989,28.76348
2116,PlantVillage Internal,0,D:\Tomato_Disease_Research\plantvillage\Tomato__Tomato_mosaic_virus\27000177-5a1d-4539-b78d-07a6f9a38089___PSU_CG 2168.JPG,8,0.9999994,28.995203
2117,PlantVillage Internal,0,D:\Tomato_Disease_Research\plantvillage\Tomato__Tomato_mosaic_virus\2bd56a9c-3dec-41f7-ab7a-403670ea0462___PSU_CG 2346.JPG,8,0.99999917,28.943197
2118,PlantVillage Internal,0,D:\Tomato_Disease_Research\plantvillage\Tomato__Tomato_mosaic_virus\3790abe5-03cb-4d5c-bfaa-9dcbc64debb2___PSU_CG 2402.JPG,8,0.9999988,29.49866
2119,PlantVillage Internal,0,D:\Tomato_Disease_Research\plantvillage\Tomato__Tomato_mosaic_virus\39dc536a-03ba-4e34-9ade-9618715f4b96___PSU_CG 2106.JPG,8,0.99999917,28.862238
2120,PlantVillage Internal,0,D:\Tomato_Disease_Research\plantvillage\Tomato__Tomato_mosaic_virus\59f9754c-2d49-4a74-ba11-4f9a017c8348___PSU_CG 2200.JPG,8,0.99999917,28.858173
2121,PlantVillage Internal,0,D:\Tomato_Disease_Research\plantvillage\Tomato__Tomato_mosaic_virus\5b09c1a9-f5ca-4c26-a627-a6ac6b2045cb___PSU_CG 2247.JPG,8,0.9999993,28.843699
2122,PlantVillage Internal,0,D:\Tomato_Disease_Research\plantvillage\Tomato__Tomato_mosaic_virus\5d3eb639-b75e-4929-9a6a-4b89856b2345___PSU_CG 2273.JPG,8,0.9999994,29.16159
2123,PlantVillage Internal,0,D:\Tomato_Disease_Research\plantvillage\Tomato__Tomato_mosaic_virus\5d5ee5fc-35e3-4be9-980e-111679ec95b3___PSU_CG 2170.JPG,8,0.9999993,28.805141
2124,PlantVillage Internal,0,D:\Tomato_Disease_Research\plantvillage\Tomato__Tomato_mosaic_virus\5ecb9930-250d-4fac-9547-e3b5142eec46___PSU_CG 2164.JPG,8,0.99999917,29.139496
2125,PlantVillage Internal,0,D:\Tomato_Disease_Research\plantvillage\Tomato__Tomato_mosaic_virus\6065503d-0803-4697-90f7-8c7db1ee28ab___PSU_CG 2227.JPG,8,0.9999989,28.542528
2126,PlantVillage Internal,0,D:\Tomato_Disease_Research\plantvillage\Tomato__Tomato_mosaic_virus\65d7e8ff-9197-4211-a1b7-850c3a74f740___PSU_CG 2073.JPG,8,0.99999857,28.885033
2127,PlantVillage Internal,0,D:\Tomato_Disease_Research\plantvillage\Tomato__Tomato_mosaic_virus\6804695f-56f8-4ff9-90f8-69ee95097463___PSU_CG 2067.JPG,8,0.9999994,29.109013
2128,PlantVillage Internal,0,D:\Tomato_Disease_Research\plantvillage\Tomato__Tomato_mosaic_virus\6b15d0fc-1089-4f54-955a-0d1ebbf0ab30___PSU_CG 2364.JPG,8,0.9999982,29.016554
2129,PlantVillage Internal,0,D:\Tomato_Disease_Research\plantvillage\Tomato__Tomato_mosaic_virus\739ccd84-1026-4871-8f5c-2320c205fe2e___PSU_CG 2399.JPG,8,0.99999845,29.155516
2130,PlantVillage Internal,0,D:\Tomato_Disease_Research\plantvillage\Tomato__Tomato_mosaic_virus\7569fab7-ac19-4ac4-a01b-b77a4abb0c29___PSU_CG 2350.JPG,8,0.9999989,28.595596
2131,PlantVillage Internal,0,D:\Tomato_Disease_Research\plantvillage\Tomato__Tomato_mosaic_virus\7a6e4837-d63d-465a-abae-ef857bf43e2d___PSU_CG 2117.JPG,8,0.9999994,29.47544
2132,PlantVillage Internal,0,D:\Tomato_Disease_Research\plantvillage\Tomato__Tomato_mosaic_virus\7c9939ff-c133-460f-a883-26ecb38aa594___PSU_CG 2340.JPG,8,0.9999995,28.936403
2133,PlantVillage Internal,0,D:\Tomato_Disease_Research\plantvillage\Tomato__Tomato_mosaic_virus\86965ac5-b790-4218-a3c6-216d10da5211___PSU_CG 2066.JPG,8,0.99999905,29.064522
2134,PlantVillage Internal,0,D:\Tomato_Disease_Research\plantvillage\Tomato__Tomato_mosaic_virus\9563b3bb-b942-4d32-9582-0b4021aaf116___PSU_CG 2229.JPG,8,0.99999917,29.041851
2135,PlantVillage Internal,0,D:\Tomato_Disease_Research\plantvillage\Tomato__Tomato_mosaic_virus\9586aed6-53c5-4245-8994-a60ac12e422c___PSU_CG 2361.JPG,8,0.9999989,28.989244
2136,PlantVillage Internal,0,D:\Tomato_Disease_Research\plantvillage\Tomato__Tomato_mosaic_virus\983cd485-5bc8-46a0-94cc-26c522228508___PSU_CG 2397.JPG,8,0.9999993,29.136803
2137,PlantVillage Internal,0,D:\Tomato_Disease_Research\plantvillage\Tomato__Tomato_mosaic_virus\9a3a36e0-b0eb-4844-84f5-db08e2d9adef___PSU_CG 2300.JPG,8,0.99999905,28.69592
2138,PlantVillage Internal,0,D:\Tomato_Disease_Research\plantvillage\Tomato__Tomato_mosaic_virus\9ec78399-de3a-4431-a5fc-e100406c5642___PSU_CG 2275.JPG,8,0.9999993,28.897224
2139,PlantVillage Internal,0,D:\Tomato_Disease_Research\plantvillage\Tomato__Tomato_mosaic_virus\a0966902-32cd-469a-bf55-9fc7f4761107___PSU_CG 2322.JPG,8,0.99999917,28.607077
2140,PlantVillage Internal,0,D:\Tomato_Disease_Research\plantvillage\Tomato__Tomato_mosaic_virus\a142b58c-1713-4e17-a68c-96eaf4b5ae23___PSU_CG 2219.JPG,8,0.9999981,28.359703
2141,PlantVillage Internal,0,D:\Tomato_Disease_Research\plantvillage\Tomato__Tomato_mosaic_virus\a75c61c4-b765-42a1-9896-7937b15ed996___PSU_CG 2051.JPG,8,0.99999917,28.997284
2142,PlantVillage Internal,0,D:\Tomato_Disease_Research\plantvillage\Tomato__Tomato_mosaic_virus\b23eb7f0-daa4-4775-a09c-f87363bdc141___PSU_CG 2255.JPG,8,0.99999905,28.975271
2143,PlantVillage Internal,0,D:\Tomato_Disease_Research\plantvillage\Tomato__Tomato_mosaic_virus\b386eecb-c3b8-4b92-8352-b3b687c2db15___PSU_CG 2236.JPG,8,0.99999917,28.897738
2144,PlantVillage Internal,0,D:\Tomato_Disease_Research\plantvillage\Tomato__Tomato_mosaic_virus\b5987570-3fbe-4a4c-9790-1d55bcfd2c61___PSU_CG 2288.JPG,8,0.9999993,29.169672
2145,PlantVillage Internal,0,D:\Tomato_Disease_Research\plantvillage\Tomato__Tomato_mosaic_virus\bba77afa-234e-40c9-9d2e-6770ac1789e4___PSU_CG 2082.JPG,8,0.9999993,28.983068
2146,PlantVillage Internal,0,D:\Tomato_Disease_Research\plantvillage\Tomato__Tomato_mosaic_virus\bd22aa4a-ea90-41af-862d-7e887eb57a00___PSU_CG 2416.JPG,8,0.9999994,29.287907
2147,PlantVillage Internal,0,D:\Tomato_Disease_Research\plantvillage\Tomato__Tomato_mosaic_virus\bdcbce9a-e672-47e2-97d0-1b4e7e57f188___PSU_CG 2403.JPG,8,0.9999993,29.390217
2148,PlantVillage Internal,0,D:\Tomato_Disease_Research\plantvillage\Tomato__Tomato_mosaic_virus\bf950cb4-985f-4174-b32b-9ae2d6e99a84___PSU_CG 2320.JPG,8,0.99999917,28.629438
2149,PlantVillage Internal,0,D:\Tomato_Disease_Research\plantvillage\Tomato__Tomato_mosaic_virus\bfe4e207-18c5-46cb-9022-0a94c6826f81___PSU_CG 2234.JPG,8,0.99999917,28.959343
2150,PlantVillage Internal,0,D:\Tomato_Disease_Research\plantvillage\Tomato__Tomato_mosaic_virus\c1ff629a-8390-43a4-88ed-86e462d688a7___PSU_CG 2083.JPG,8,0.9999993,28.81051
2151,PlantVillage Internal,0,D:\Tomato_Disease_Research\plantvillage\Tomato__Tomato_mosaic_virus\c5132603-ce86-45c0-b9f9-d35c07f4057f___PSU_CG 2256.JPG,8,0.9999993,29.173767
2152,PlantVillage Internal,0,D:\Tomato_Disease_Research\plantvillage\Tomato__Tomato_mosaic_virus\da1583ac-e469-400a-9092-da870299fd35___PSU_CG 2071.JPG,8,0.99999917,28.89433
2153,PlantVillage Internal,0,D:\Tomato_Disease_Research\plantvillage\Tomato__Tomato_mosaic_virus\db0867bf-ca5a-4dd0-99e0-6d41efaffff6___PSU_CG 2334.JPG,8,0.9999515,27.766262
2154,PlantVillage Internal,0,D:\Tomato_Disease_Research\plantvillage\Tomato__Tomato_mosaic_virus\db6ecf05-d8bd-431f-86d7-d3f5403eab81___PSU_CG 2408.JPG,8,0.9999993,29.2439
2155,PlantVillage Internal,0,D:\Tomato_Disease_Research\plantvillage\Tomato__Tomato_mosaic_virus\dcbf5ac4-f25b-4e62-999b-44e1892db4ab___PSU_CG 2107.JPG,8,0.9999988,28.921278
2156,PlantVillage Internal,0,D:\Tomato_Disease_Research\plantvillage\Tomato__Tomato_mosaic_virus\dd1161b0-ed4e-42f0-a63b-1ff8d9adf3ed___PSU_CG 2405.JPG,8,0.99999905,28.901642
2157,PlantVillage Internal,0,D:\Tomato_Disease_Research\plantvillage\Tomato__Tomato_mosaic_virus\ecc79dcf-6446-4df2-a8c8-ab322effeec3___PSU_CG 2220.JPG,8,0.9999987,28.730495
2158,PlantVillage Internal,0,D:\Tomato_Disease_Research\plantvillage\Tomato__Tomato_mosaic_virus\efd2cbd0-24dc-4c09-92b1-37963ae84721___PSU_CG 2379.JPG,8,0.9999989,28.793976
2159,PlantVillage Internal,0,D:\Tomato_Disease_Research\plantvillage\Tomato__Tomato_mosaic_virus\f5d2043f-a274-431f-accc-1a3e1a7df172___PSU_CG 2400.JPG,8,0.99999845,29.060247
2160,PlantVillage Internal,0,D:\Tomato_Disease_Research\plantvillage\Tomato__Tomato_mosaic_virus\f90809d6-8b8d-4a7d-81df-c0d708ed9bb4___PSU_CG 2176.JPG,8,0.9999981,28.066793
2161,PlantVillage Internal,0,D:\Tomato_Disease_Research\plantvillage\Tomato_healthy\042d59c2-2fd8-45c2-91bb-c0a05dd07f30___RS_HL 0257.JPG,9,0.99999666,26.130796
2162,PlantVillage Internal,0,D:\Tomato_Disease_Research\plantvillage\Tomato_healthy\061bd6f1-8532-4bc8-977d-bc48ffab4ac3___RS_HL 0476.JPG,9,0.999997,26.106647
2163,PlantVillage Internal,0,D:\Tomato_Disease_Research\plantvillage\Tomato_healthy\06ee1c8d-fbe4-48e9-a1b2-fed7ed5539f7___GH_HL Leaf 293.JPG,9,0.9999968,26.108149
2164,PlantVillage Internal,0,D:\Tomato_Disease_Research\plantvillage\Tomato_healthy\0764cff7-f198-467a-9afd-d9f0c7bcf7c9___RS_HL 0443.JPG,9,0.99999666,26.086521
2165,PlantVillage Internal,0,D:\Tomato_Disease_Research\plantvillage\Tomato_healthy\07cb5416-a029-467f-a306-252c2a64d2e6___RS_HL 0543.JPG,9,0.99999726,26.044695
2166,PlantVillage Internal,0,D:\Tomato_Disease_Research\plantvillage\Tomato_healthy\08c1c1e5-bb78-44d5-b46f-a86386c0ef3b___RS_HL 0063.JPG,9,0.99999726,25.939455
2167,PlantVillage Internal,0,D:\Tomato_Disease_Research\plantvillage\Tomato_healthy\0b5cfce2-38fd-4984-8926-2d2911c48490___RS_HL 9733.JPG,9,0.999998,26.264677
2168,PlantVillage Internal,0,D:\Tomato_Disease_Research\plantvillage\Tomato_healthy\0d515778-61ef-4f0b-ab54-75607c80220f___RS_HL 9745.JPG,9,0.99999785,26.177475
2169,PlantVillage Internal,0,D:\Tomato_Disease_Research\plantvillage\Tomato_healthy\0d615a38-cfa4-45e4-b1b4-9977220e19ca___RS_HL 9815.JPG,9,0.999998,26.0838
2170,PlantVillage Internal,0,D:\Tomato_Disease_Research\plantvillage\Tomato_healthy\0d789240-9714-4378-8b63-4afb12ddfa44___RS_HL 9735.JPG,9,0.999998,26.266626
2171,PlantVillage Internal,0,D:\Tomato_Disease_Research\plantvillage\Tomato_healthy\0e1d7722-3df9-4a3a-a4e2-bc0ea3ce0da4___RS_HL 9979.JPG,9,0.9999982,25.958593
2172,PlantVillage Internal,0,D:\Tomato_Disease_Research\plantvillage\Tomato_healthy\1006c73b-19f8-4771-9fe5-3fc4908e8da3___RS_HL 0557.JPG,9,0.99999726,26.043016
2173,PlantVillage Internal,0,D:\Tomato_Disease_Research\plantvillage\Tomato_healthy\11fe6fbc-a1a9-4cc4-ba85-a6864a4e9bae___GH_HL Leaf 280.JPG,9,0.9999964,25.859392
2174,PlantVillage Internal,0,D:\Tomato_Disease_Research\plantvillage\Tomato_healthy\1421f343-ba3a-424c-ac71-b5eb9ac26c10___GH_HL Leaf 201.JPG,9,0.9999962,25.909504
2175,PlantVillage Internal,0,D:\Tomato_Disease_Research\plantvillage\Tomato_healthy\16fd1407-644b-42f1-a40a-6cacd9bc0258___RS_HL 9705.JPG,9,0.9999976,26.189209
2176,PlantVillage Internal,0,D:\Tomato_Disease_Research\plantvillage\Tomato_healthy\19787f8b-a78e-4cf2-8fb2-3aae59b20c47___RS_HL 0456.JPG,9,0.9999976,26.085648
2177,PlantVillage Internal,0,D:\Tomato_Disease_Research\plantvillage\Tomato_healthy\1a393116-cbd1-4e3f-acfc-563e96ae1e80___RS_HL 0268.JPG,9,0.9999975,25.908363
2178,PlantVillage Internal,0,D:\Tomato_Disease_Research\plantvillage\Tomato_healthy\1bd9f661-9b9c-4faf-80ab-86a8a64a8bc2___RS_HL 0271.JPG,9,0.9999974,26.323652
2179,PlantVillage Internal,0,D:\Tomato_Disease_Research\plantvillage\Tomato_healthy\1cb9d4d1-280b-479c-95a9-01f71acf70bc___RS_HL 0641.JPG,9,0.9999976,26.353083
2180,PlantVillage Internal,0,D:\Tomato_Disease_Research\plantvillage\Tomato_healthy\1e1aa3d8-d12f-47e1-b316-b8656ab3f2b6___RS_HL 0075.JPG,9,0.9999982,26.15013
2181,PlantVillage Internal,0,D:\Tomato_Disease_Research\plantvillage\Tomato_healthy\1e8c2c4d-e787-45ff-87ac-56484ac8d3d4___GH_HL Leaf 472.JPG,9,0.9999949,25.768923
2182,PlantVillage Internal,0,D:\Tomato_Disease_Research\plantvillage\Tomato_healthy\1ebf9add-aa7f-4a84-adbf-67f700f918bc___GH_HL Leaf 437.JPG,9,0.9999963,25.865074
2183,PlantVillage Internal,0,D:\Tomato_Disease_Research\plantvillage\Tomato_healthy\1f43d81a-6889-4613-a727-f92a75cf9861___RS_HL 0297.JPG,9,0.99999726,26.144577
2184,PlantVillage Internal,0,D:\Tomato_Disease_Research\plantvillage\Tomato_healthy\20d823a4-0be3-4b8a-acdc-6efd1236e7f0___GH_HL Leaf 254.2.JPG,9,0.9999962,25.998432
2185,PlantVillage Internal,0,D:\Tomato_Disease_Research\plantvillage\Tomato_healthy\24069ab0-7106-40d0-bdca-e462a49d34dd___RS_HL 0267.JPG,9,0.9999974,26.057674
2186,PlantVillage Internal,0,D:\Tomato_Disease_Research\plantvillage\Tomato_healthy\240a9583-9e6a-446d-8850-62bc23312ce9___GH_HL Leaf 312.4.JPG,9,0.9999976,26.033434
2187,PlantVillage Internal,0,D:\Tomato_Disease_Research\plantvillage\Tomato_healthy\24fe1921-3196-4125-8f96-d68edef32487___RS_HL 0109.JPG,9,0.9999975,25.956081
2188,PlantVillage Internal,0,D:\Tomato_Disease_Research\plantvillage\Tomato_healthy\271be296-4c0b-4817-a44b-cc9611d3f519___GH_HL Leaf 182.1.JPG,9,0.9999969,26.044388
2189,PlantVillage Internal,0,D:\Tomato_Disease_Research\plantvillage\Tomato_healthy\2763797b-4786-41ef-8ff1-73b088f9973c___GH_HL Leaf 231.JPG,9,0.99999726,26.348017
2190,PlantVillage Internal,0,D:\Tomato_Disease_Research\plantvillage\Tomato_healthy\27bda660-1691-4763-a125-824f521587d9___RS_HL 0305.JPG,9,0.999997,26.268465
2191,PlantVillage Internal,0,D:\Tomato_Disease_Research\plantvillage\Tomato_healthy\29d9f827-5e61-4b9b-acba-db0e7ce2016d___GH_HL Leaf 480.JPG,9,0.9999963,26.245924
2192,PlantVillage Internal,0,D:\Tomato_Disease_Research\plantvillage\Tomato_healthy\2a8f7c7a-fbd4-4669-90eb-61ee118db2a7___RS_HL 0126.JPG,9,0.9999981,26.173143
2193,PlantVillage Internal,0,D:\Tomato_Disease_Research\plantvillage\Tomato_healthy\2ea87b73-a52b-4a4c-938f-4ce06335d171___GH_HL Leaf 177.1.JPG,9,0.99999666,25.837866
2194,PlantVillage Internal,0,D:\Tomato_Disease_Research\plantvillage\Tomato_healthy\3169aa41-66a8-4f36-ab6e-a5664f5b1839___RS_HL 0471.JPG,9,0.99999714,25.992968
2195,PlantVillage Internal,0,D:\Tomato_Disease_Research\plantvillage\Tomato_healthy\31e58e07-386c-4915-aa37-8ce39ee29ce9___RS_HL 9949.JPG,9,0.9999982,26.1967
2196,PlantVillage Internal,0,D:\Tomato_Disease_Research\plantvillage\Tomato_healthy\32a852af-ca60-4235-806a-21940281ed8b___RS_HL 0625.JPG,9,0.9999975,26.123116
2197,PlantVillage Internal,0,D:\Tomato_Disease_Research\plantvillage\Tomato_healthy\3483a0b2-f04c-429f-a10e-f7f33ba5be6e___RS_HL 0439.JPG,9,0.99999726,26.192728
2198,PlantVillage Internal,0,D:\Tomato_Disease_Research\plantvillage\Tomato_healthy\37aad83b-7ff8-4b35-b3ed-fb8e0f54910b___GH_HL Leaf 342.1.JPG,9,0.9999968,26.091202
2199,PlantVillage Internal,0,D:\Tomato_Disease_Research\plantvillage\Tomato_healthy\39b1d9c6-7a13-426f-9154-563e6a8d0438___RS_HL 0563.JPG,9,0.9999974,26.188978
2200,PlantVillage Internal,0,D:\Tomato_Disease_Research\plantvillage\Tomato_healthy\3a1c6737-c9ff-44dc-9014-954753732160___GH_HL Leaf 406.1.JPG,9,0.99999595,25.967327
2201,PlantVillage Internal,0,D:\Tomato_Disease_Research\plantvillage\Tomato_healthy\3b4a011c-68ae-4b84-90b5-27ef4b2d3447___GH_HL Leaf 255.JPG,9,0.99999666,26.161991
2202,PlantVillage Internal,0,D:\Tomato_Disease_Research\plantvillage\Tomato_healthy\3bbaca2e-d2fd-4fcb-bbd7-e1ad4f7a84ae___RS_HL 0630.JPG,9,0.9999974,26.152832
2203,PlantVillage Internal,0,D:\Tomato_Disease_Research\plantvillage\Tomato_healthy\3be7ae8c-bacb-4877-b6b5-c2251d22b431___GH_HL Leaf 497.1.JPG,9,0.9999962,26.045654
2204,PlantVillage Internal,0,D:\Tomato_Disease_Research\plantvillage\Tomato_healthy\3d59c273-6439-4c0d-b5ac-3738faca5d2a___RS_HL 0413.JPG,9,0.9999976,26.20002
2205,PlantVillage Internal,0,D:\Tomato_Disease_Research\plantvillage\Tomato_healthy\3e2fa71c-73a6-48f5-9175-4d43a078115a___RS_HL 0159.JPG,9,0.9999976,26.45402
2206,PlantVillage Internal,0,D:\Tomato_Disease_Research\plantvillage\Tomato_healthy\3e6c73ad-cfcb-4614-b927-150c2c642c9e___RS_HL 0074.JPG,9,0.999998,26.187088
2207,PlantVillage Internal,0,D:\Tomato_Disease_Research\plantvillage\Tomato_healthy\3f1beda2-534d-4970-b33e-99c43c1ee930___GH_HL Leaf 219.1.JPG,9,0.9999964,25.89332
2208,PlantVillage Internal,0,D:\Tomato_Disease_Research\plantvillage\Tomato_healthy\4187b29a-6f70-4d07-b88c-73f6f60dcb26___RS_HL 0343.JPG,9,0.9999962,26.463984
2209,PlantVillage Internal,0,D:\Tomato_Disease_Research\plantvillage\Tomato_healthy\42e607e9-916c-470c-a17d-ec5348a40ded___RS_HL 0373.JPG,9,0.9999974,26.171436
2210,PlantVillage Internal,0,D:\Tomato_Disease_Research\plantvillage\Tomato_healthy\438c4ac5-5409-4859-9fe4-3077af7425b2___RS_HL 0157.JPG,9,0.9999975,26.396347
2211,PlantVillage Internal,0,D:\Tomato_Disease_Research\plantvillage\Tomato_healthy\45fc3f1c-6ccc-4ffd-a0a9-f53cbe4e71a1___GH_HL Leaf 206.1.JPG,9,0.99999726,26.072178
2212,PlantVillage Internal,0,D:\Tomato_Disease_Research\plantvillage\Tomato_healthy\4629608b-5ac4-49d9-a8ff-ca1548fd4710___GH_HL Leaf 375.JPG,9,0.99999666,26.267511
2213,PlantVillage Internal,0,D:\Tomato_Disease_Research\plantvillage\Tomato_healthy\4715a717-ed38-43b7-9ee1-4f83fba00743___RS_HL 0005.JPG,9,0.99999774,26.022552
2214,PlantVillage Internal,0,D:\Tomato_Disease_Research\plantvillage\Tomato_healthy\47a9bf22-281f-49d6-a03a-97be4983fc68___RS_HL 0604.JPG,9,0.9999976,26.07004
2215,PlantVillage Internal,0,D:\Tomato_Disease_Research\plantvillage\Tomato_healthy\4959798b-5c9b-4f8e-b0a0-3778259614b1___CG1.JPG,9,0.99998546,24.90027
2216,PlantVillage Internal,0,D:\Tomato_Disease_Research\plantvillage\Tomato_healthy\4b51a704-643f-4de4-9da9-55fceb24fe42___RS_HL 0155.JPG,9,0.9999975,26.358788
2217,PlantVillage Internal,0,D:\Tomato_Disease_Research\plantvillage\Tomato_healthy\4b7deb4f-5bce-4915-ba64-7e75c66624c2___RS_HL 0153.JPG,9,0.9999976,26.227232
2218,PlantVillage Internal,0,D:\Tomato_Disease_Research\plantvillage\Tomato_healthy\4d82bf50-5e71-4597-8684-6db7300e0cd4___GH_HL Leaf 316.JPG,9,0.99999714,26.224623
2219,PlantVillage Internal,0,D:\Tomato_Disease_Research\plantvillage\Tomato_healthy\4e67dd9d-8a92-4b30-bb08-2e30d34acde7___RS_HL 0245.JPG,9,0.999997,25.838417
2220,PlantVillage Internal,0,D:\Tomato_Disease_Research\plantvillage\Tomato_healthy\4e8e1275-37a2-48fa-84cb-96ffa0824571___RS_HL 0574.JPG,9,0.9999968,26.191517
2221,PlantVillage Internal,0,D:\Tomato_Disease_Research\plantvillage\Tomato_healthy\4ed59995-6214-4996-b98b-750e85433920___GH_HL Leaf 474.JPG,9,0.9999963,25.936285
2222,PlantVillage Internal,0,D:\Tomato_Disease_Research\plantvillage\Tomato_healthy\4f334ff5-0f0a-4d15-8760-448bebddd4f2___GH_HL Leaf 527.JPG,9,0.99999547,26.207705
2223,PlantVillage Internal,0,D:\Tomato_Disease_Research\plantvillage\Tomato_healthy\500f0eb8-4141-454e-a186-68350293b2ce___RS_HL 9905.JPG,9,0.9999974,26.19507
2224,PlantVillage Internal,0,D:\Tomato_Disease_Research\plantvillage\Tomato_healthy\50ac802c-b814-4faf-b0d5-a7bc012747eb___GH_HL Leaf 315.JPG,9,0.9999964,26.145166
2225,PlantVillage Internal,0,D:\Tomato_Disease_Research\plantvillage\Tomato_healthy\514c77da-8edc-4ce5-948c-fbab6f3b2d96___RS_HL 0478.JPG,9,0.999997,26.106554
2226,PlantVillage Internal,0,D:\Tomato_Disease_Research\plantvillage\Tomato_healthy\52325034-c2a2-4f00-b49d-e67cafcd2828___GH_HL Leaf 399.1.JPG,9,0.99998987,25.780037
2227,PlantVillage Internal,0,D:\Tomato_Disease_Research\plantvillage\Tomato_healthy\5393abd2-b4e2-4af2-94d4-c52c919fc157___RS_HL 0322.JPG,9,0.9999969,25.912891
2228,PlantVillage Internal,0,D:\Tomato_Disease_Research\plantvillage\Tomato_healthy\54059d2e-8903-4cf1-9856-676620a5be93___GH_HL Leaf 484.JPG,9,0.99999666,26.220016
2229,PlantVillage Internal,0,D:\Tomato_Disease_Research\plantvillage\Tomato_healthy\541d6033-1cc7-4c86-a37b-423bc08d25a7___RS_HL 9973.JPG,9,0.9999976,26.105886
2230,PlantVillage Internal,0,D:\Tomato_Disease_Research\plantvillage\Tomato_healthy\5575d52c-a773-41fa-a7bc-a09c1ad912f2___RS_HL 0353.JPG,9,0.9999975,26.054148
2231,PlantVillage Internal,0,D:\Tomato_Disease_Research\plantvillage\Tomato_healthy\57cc95ac-1fae-4959-ba16-d65c3db753d1___RS_HL 0312.JPG,9,0.999998,26.24251
2232,PlantVillage Internal,0,D:\Tomato_Disease_Research\plantvillage\Tomato_healthy\591c89ff-a75f-4613-b06d-4f3fbf6c426c___GH_HL Leaf 435.JPG,9,0.99999654,26.112514
2233,PlantVillage Internal,0,D:\Tomato_Disease_Research\plantvillage\Tomato_healthy\59f54d36-b98b-4271-88ed-7a9672907bee___RS_HL 0519.JPG,9,0.99999595,26.10507
2234,PlantVillage Internal,0,D:\Tomato_Disease_Research\plantvillage\Tomato_healthy\5a7de071-ba6b-4a06-a3d4-eab0abdc6ecf___GH_HL Leaf 398.1.JPG,9,0.99999607,26.170029
2235,PlantVillage Internal,0,D:\Tomato_Disease_Research\plantvillage\Tomato_healthy\5b2457f5-96d5-4bcd-8025-dc55e666f660___RS_HL 0605.JPG,9,0.9999976,26.209791
2236,PlantVillage Internal,0,D:\Tomato_Disease_Research\plantvillage\Tomato_healthy\5b7b9824-0cdd-4c67-9377-136a0615d784___RS_HL 0056.JPG,9,0.999998,25.994316
2237,PlantVillage Internal,0,D:\Tomato_Disease_Research\plantvillage\Tomato_healthy\5c23afc6-7236-4f07-adcd-61b1f69e3fb2___RS_HL 9801.JPG,9,0.999998,26.194174
2238,PlantVillage Internal,0,D:\Tomato_Disease_Research\plantvillage\Tomato_healthy\5f7d3261-84f4-4b85-b9e1-f15792638c2d___RS_HL 9676.JPG,9,0.9999975,26.073786
2239,PlantVillage Internal,0,D:\Tomato_Disease_Research\plantvillage\Tomato_healthy\6193b998-c9ab-46fc-9ca9-249efceb9220___RS_HL 0642.JPG,9,0.999998,26.145838
2240,PlantVillage Internal,0,D:\Tomato_Disease_Research\plantvillage\Tomato_healthy\62c9e613-b9ae-4be2-9000-2bc800549baa___RS_HL 9625.JPG,9,0.99999726,26.54901
2241,PlantVillage Internal,0,D:\Tomato_Disease_Research\plantvillage\Tomato_healthy\63612a6e-c1f1-4ae1-9741-52c28b264dfa___GH_HL Leaf 464.JPG,9,0.9999958,26.105368
2242,PlantVillage Internal,0,D:\Tomato_Disease_Research\plantvillage\Tomato_healthy\647d15d1-5520-458d-92a4-bd647bbccb90___RS_HL 9934.JPG,9,0.999998,26.382246
2243,PlantVillage Internal,0,D:\Tomato_Disease_Research\plantvillage\Tomato_healthy\64b5d77e-2b06-461d-94f9-5f15250a7e77___GH_HL Leaf 505.1.JPG,9,0.9999956,25.967402
2244,PlantVillage Internal,0,D:\Tomato_Disease_Research\plantvillage\Tomato_healthy\666598c7-f09e-4f8b-baf1-7d99e38de8c9___GH_HL Leaf 430.1.JPG,9,0.99999654,25.83694
2245,PlantVillage Internal,0,D:\Tomato_Disease_Research\plantvillage\Tomato_healthy\666b3b4d-5510-4413-88cd-838fffe72003___RS_HL 0098.JPG,9,0.9999976,26.104595
2246,PlantVillage Internal,0,D:\Tomato_Disease_Research\plantvillage\Tomato_healthy\66fb848b-843a-469d-a2d2-80f0e0e7eda4___GH_HL Leaf 371.1.JPG,9,0.9999958,25.884172
2247,PlantVillage Internal,0,D:\Tomato_Disease_Research\plantvillage\Tomato_healthy\67dfa474-5a26-4bfb-a7ea-33f6f6f7a497___RS_HL 9794.JPG,9,0.9999981,26.212633
2248,PlantVillage Internal,0,D:\Tomato_Disease_Research\plantvillage\Tomato_healthy\6a159b17-b233-4b65-ba45-9fbced7f1d39___RS_HL 0339.JPG,9,0.9999943,26.184526
2249,PlantVillage Internal,0,D:\Tomato_Disease_Research\plantvillage\Tomato_healthy\6ab4b4b5-3d4f-496b-9b08-7fa87bcfe875___RS_HL 9670.JPG,9,0.9999975,26.270224
2250,PlantVillage Internal,0,D:\Tomato_Disease_Research\plantvillage\Tomato_healthy\6bcd0525-7b7a-4503-aff0-73cc04db5105___RS_HL 9916.JPG,9,0.99999785,26.160295
2251,PlantVillage Internal,0,D:\Tomato_Disease_Research\plantvillage\Tomato_healthy\6cabb19a-2a35-4897-a646-a13e3cf494c6___RS_HL 0591.JPG,9,0.99999726,26.12625
2252,PlantVillage Internal,0,D:\Tomato_Disease_Research\plantvillage\Tomato_healthy\6d1dc982-e62e-448b-85bc-63b0d8363fa0___GH_HL Leaf 328.1.JPG,9,0.9999968,26.156752
2253,PlantVillage Internal,0,D:\Tomato_Disease_Research\plantvillage\Tomato_healthy\6d4285ef-e3f2-4cd3-a873-efdd989cf1cb___RS_HL 0182.JPG,9,0.999998,26.256132
2254,PlantVillage Internal,0,D:\Tomato_Disease_Research\plantvillage\Tomato_healthy\6d6f479a-d165-46b3-95d8-43c4778c23f9___GH_HL Leaf 205.1.JPG,9,0.99999607,25.9155
2255,PlantVillage Internal,0,D:\Tomato_Disease_Research\plantvillage\Tomato_healthy\6da1cf1b-a236-4d45-a390-dac6b65c45f7___GH_HL Leaf 264.JPG,9,0.9999964,26.101429
2256,PlantVillage Internal,0,D:\Tomato_Disease_Research\plantvillage\Tomato_healthy\6dde71bb-a416-41eb-a629-7b4541e85cfc___RS_HL 9734.JPG,9,0.99999785,26.248682
2257,PlantVillage Internal,0,D:\Tomato_Disease_Research\plantvillage\Tomato_healthy\70e2244d-152b-4dc7-b002-5991e1a195db___RS_HL 9948.JPG,9,0.99999785,26.386152
2258,PlantVillage Internal,0,D:\Tomato_Disease_Research\plantvillage\Tomato_healthy\7181181c-b571-4cf0-80c3-c52bd785ccf9___GH_HL Leaf 218.JPG,9,0.99999654,26.029106
2259,PlantVillage Internal,0,D:\Tomato_Disease_Research\plantvillage\Tomato_healthy\757dc01f-63b5-47aa-b15d-37cbb3f8e76c___GH_HL Leaf 184.1.JPG,9,0.9999968,26.13396
2260,PlantVillage Internal,0,D:\Tomato_Disease_Research\plantvillage\Tomato_healthy\75a4f049-e99c-4666-845f-7b1577dbd662___RS_HL 9955.JPG,9,0.9999982,26.139729
2261,PlantVillage Internal,0,D:\Tomato_Disease_Research\plantvillage\Tomato_healthy\77c978a3-7285-4d36-a858-1b77729020b7___GH_HL Leaf 462.1.JPG,9,0.99999654,26.031433
2262,PlantVillage Internal,0,D:\Tomato_Disease_Research\plantvillage\Tomato_healthy\77e04405-25a3-4be4-8fa8-60c73888eca6___RS_HL 0599.JPG,9,0.99999714,26.058397
2263,PlantVillage Internal,0,D:\Tomato_Disease_Research\plantvillage\Tomato_healthy\7919a8c4-0eb1-477f-8534-fc8841245cf7___RS_HL 0538.JPG,9,0.9999962,26.127882
2264,PlantVillage Internal,0,D:\Tomato_Disease_Research\plantvillage\Tomato_healthy\7a5fe2a0-ac85-4a37-b0f6-8cfc8fb21c9c___RS_HL 9865.JPG,9,0.99999785,25.97319
2265,PlantVillage Internal,0,D:\Tomato_Disease_Research\plantvillage\Tomato_healthy\7ad747e8-af36-4128-a819-b35e55c93b56___GH_HL Leaf 489.1.JPG,9,0.99999475,25.848747
2266,PlantVillage Internal,0,D:\Tomato_Disease_Research\plantvillage\Tomato_healthy\7e0f5a39-e44e-40fe-8486-f369cb59895b___RS_HL 9790.JPG,9,0.9999976,26.31323
2267,PlantVillage Internal,0,D:\Tomato_Disease_Research\plantvillage\Tomato_healthy\7ee078a8-218e-4ebf-8935-ec9f844ab744___GH_HL Leaf 212.9.JPG,9,0.9999963,26.011942
2268,PlantVillage Internal,0,D:\Tomato_Disease_Research\plantvillage\Tomato_healthy\7f7b6cff-3d29-45ad-a0df-56f568289be9___GH_HL Leaf 506.1.JPG,9,0.9999944,25.710236
2269,PlantVillage Internal,0,D:\Tomato_Disease_Research\plantvillage\Tomato_healthy\8140c767-937d-450c-8070-2936aeb73834___GH_HL Leaf 439.1.JPG,9,0.9999956,26.048325
2270,PlantVillage Internal,0,D:\Tomato_Disease_Research\plantvillage\Tomato_healthy\824ae544-73d2-448a-b442-a8d2cdd83922___RS_HL 9900.JPG,9,0.9999981,26.044239
2271,PlantVillage Internal,0,D:\Tomato_Disease_Research\plantvillage\Tomato_healthy\8298308b-4f4e-472b-9ee5-bd5887299f59___RS_HL 0269.JPG,9,0.99999726,25.903774
2272,PlantVillage Internal,0,D:\Tomato_Disease_Research\plantvillage\Tomato_healthy\82b63dfc-d0b6-4bb3-afc4-db8d61476b10___GH_HL Leaf 415.JPG,9,0.9999969,25.973124
2273,PlantVillage Internal,0,D:\Tomato_Disease_Research\plantvillage\Tomato_healthy\83917dc9-aad9-4362-840e-24daab278519___RS_HL 0354.JPG,9,0.99999726,25.863377
2274,PlantVillage Internal,0,D:\Tomato_Disease_Research\plantvillage\Tomato_healthy\83fa8d6f-4c08-46bf-b4cf-7a33d4fe0031___GH_HL Leaf 180.JPG,9,0.9999968,26.041815
2275,PlantVillage Internal,0,D:\Tomato_Disease_Research\plantvillage\Tomato_healthy\85487c92-0a3d-4dd9-a8f9-6d7b7e1887e6___RS_HL 9789.JPG,9,0.99999785,26.132034
2276,PlantVillage Internal,0,D:\Tomato_Disease_Research\plantvillage\Tomato_healthy\8558f71b-626f-40f3-863d-69493941f829___RS_HL 0044.JPG,9,0.99999774,25.886892
2277,PlantVillage Internal,0,D:\Tomato_Disease_Research\plantvillage\Tomato_healthy\86a7487a-e9a1-413c-b8ad-6dfacf9c0b2a___GH_HL Leaf 413.1.JPG,9,0.99999607,25.922867
2278,PlantVillage Internal,0,D:\Tomato_Disease_Research\plantvillage\Tomato_healthy\87f08e15-5b2d-4d01-b83b-fd958eba02d4___GH_HL Leaf 434.2.JPG,9,0.99999356,25.523874
2279,PlantVillage Internal,0,D:\Tomato_Disease_Research\plantvillage\Tomato_healthy\886c81aa-0494-4dd7-adc5-301af73df1f7___GH_HL Leaf 215.JPG,9,0.999997,26.087397
2280,PlantVillage Internal,0,D:\Tomato_Disease_Research\plantvillage\Tomato_healthy\8887e405-f98f-43c6-a85e-71aea03092b9___RS_HL 0238.JPG,9,0.9999975,26.13492
2281,PlantVillage Internal,0,D:\Tomato_Disease_Research\plantvillage\Tomato_healthy\89787310-40fb-4d46-9b4b-5f8426e26ccf___GH_HL Leaf 442.1.JPG,9,0.999995,26.032919
2282,PlantVillage Internal,0,D:\Tomato_Disease_Research\plantvillage\Tomato_healthy\8a4dc6f9-2f54-4bdd-957f-d9fb709e1b26___GH_HL Leaf 302.1.JPG,9,0.9999969,25.981668
2283,PlantVillage Internal,0,D:\Tomato_Disease_Research\plantvillage\Tomato_healthy\8ac1645d-48d9-4f3e-842b-0187daeeb57c___RS_HL 0523.JPG,9,0.999997,26.289942
2284,PlantVillage Internal,0,D:\Tomato_Disease_Research\plantvillage\Tomato_healthy\8b94be33-e461-4004-8891-0a69598cea6b___GH_HL Leaf 223.1.JPG,9,0.9999969,26.116753
2285,PlantVillage Internal,0,D:\Tomato_Disease_Research\plantvillage\Tomato_healthy\8c4ce164-9f46-4426-aff9-137acdc42c19___RS_HL 0424.JPG,9,0.9999976,26.13609
2286,PlantVillage Internal,0,D:\Tomato_Disease_Research\plantvillage\Tomato_healthy\8c4cf935-765a-4689-a093-08e8c64fb124___GH_HL Leaf 369.JPG,9,0.99999607,25.920403
2287,PlantVillage Internal,0,D:\Tomato_Disease_Research\plantvillage\Tomato_healthy\8c5dbb8f-90fb-4ec7-9563-11e54723687e___GH_HL Leaf 190.JPG,9,0.9999956,25.995646
2288,PlantVillage Internal,0,D:\Tomato_Disease_Research\plantvillage\Tomato_healthy\8ccf22b2-53fe-4886-b88d-d65aa0cf7252___GH_HL Leaf 196.1.JPG,9,0.999997,26.035606
2289,PlantVillage Internal,0,D:\Tomato_Disease_Research\plantvillage\Tomato_healthy\8d4a3b2d-bcef-4861-a0a0-c3cb0a1990ce___GH_HL Leaf 204.JPG,9,0.9999964,25.87025
2290,PlantVillage Internal,0,D:\Tomato_Disease_Research\plantvillage\Tomato_healthy\8db2e3c6-c5d9-41ec-9977-7b1a71964f24___GH_HL Leaf 501.2.JPG,9,0.9999949,26.228172
2291,PlantVillage Internal,0,D:\Tomato_Disease_Research\plantvillage\Tomato_healthy\8ddc8178-4609-4267-bd55-028de3f759c8___RS_HL 0004.JPG,9,0.999998,26.096384
2292,PlantVillage Internal,0,D:\Tomato_Disease_Research\plantvillage\Tomato_healthy\8e19f6ec-51c4-496a-9970-746085371064___RS_HL 9829.JPG,9,0.999998,26.420734
2293,PlantVillage Internal,0,D:\Tomato_Disease_Research\plantvillage\Tomato_healthy\911f4e0f-c13a-411a-8a75-2793b006a5d4___RS_HL 0083.JPG,9,0.999998,26.197796
2294,PlantVillage Internal,0,D:\Tomato_Disease_Research\plantvillage\Tomato_healthy\9266e5f5-ab7a-461a-836d-fa03f1669a6a___RS_HL 9810.JPG,9,0.99999785,26.166739
2295,PlantVillage Internal,0,D:\Tomato_Disease_Research\plantvillage\Tomato_healthy\9299f3e8-15ee-4cf2-997a-058bb19900a5___RS_HL 9781.JPG,9,0.9999981,26.052336
2296,PlantVillage Internal,0,D:\Tomato_Disease_Research\plantvillage\Tomato_healthy\92c06519-cec4-4091-9ae1-5ea8b56c89cd___GH_HL Leaf 525.JPG,9,0.9999938,25.905828
2297,PlantVillage Internal,0,D:\Tomato_Disease_Research\plantvillage\Tomato_healthy\93e8763c-b124-48c4-bc46-df4d92625fa3___RS_HL 0261.JPG,9,0.9999976,26.113592
2298,PlantVillage Internal,0,D:\Tomato_Disease_Research\plantvillage\Tomato_healthy\95973ed9-f9a8-4c71-b232-432f61020fe3___GH_HL Leaf 412.JPG,9,0.99999607,26.03268
2299,PlantVillage Internal,0,D:\Tomato_Disease_Research\plantvillage\Tomato_healthy\95a43787-4b69-4ad8-854f-7d8cbd1e6cac___RS_HL 9642.JPG,9,0.99999774,26.484182
2300,PlantVillage Internal,0,D:\Tomato_Disease_Research\plantvillage\Tomato_healthy\96bf0aea-6bf2-4ad8-8fa9-bbbc30be4967___RS_HL 0200.JPG,9,0.9999981,26.112366
2301,PlantVillage Internal,0,D:\Tomato_Disease_Research\plantvillage\Tomato_healthy\989dc406-c1db-4a9c-9cda-ae66f1288b9b___RS_HL 0032.JPG,9,0.9999974,26.0268
2302,PlantVillage Internal,0,D:\Tomato_Disease_Research\plantvillage\Tomato_healthy\9ae93bcc-5cfb-4407-a711-de800fb2853a___GH_HL Leaf 519.4.JPG,9,0.99999464,25.935114
2303,PlantVillage Internal,0,D:\Tomato_Disease_Research\plantvillage\Tomato_healthy\9aeac2ec-83f4-4348-bc26-8f55b8eb6c52___RS_HL 9817.JPG,9,0.9999975,26.096548
2304,PlantVillage Internal,0,D:\Tomato_Disease_Research\plantvillage\Tomato_healthy\9c42acb9-3794-41d5-acc0-3c4949aa5e52___RS_HL 0442.JPG,9,0.9999974,26.185724
2305,PlantVillage Internal,0,D:\Tomato_Disease_Research\plantvillage\Tomato_healthy\9dc940f8-cd79-4341-95ef-f845583d9dff___RS_HL 9751.JPG,9,0.9999975,26.033037
2306,PlantVillage Internal,0,D:\Tomato_Disease_Research\plantvillage\Tomato_healthy\9fb8872e-e963-4d2c-9b16-62757705ca3f___RS_HL 0130.JPG,9,0.999998,26.292797
2307,PlantVillage Internal,0,D:\Tomato_Disease_Research\plantvillage\Tomato_healthy\a05f8f2d-6ac6-45d8-b7ad-394bbda892fc___RS_HL 0613.JPG,9,0.99999714,26.037867
2308,PlantVillage Internal,0,D:\Tomato_Disease_Research\plantvillage\Tomato_healthy\a154b0c0-ad46-47ec-b9f4-50a4ee625849___RS_HL 9827.JPG,9,0.9999981,26.26483
2309,PlantVillage Internal,0,D:\Tomato_Disease_Research\plantvillage\Tomato_healthy\a2118ec3-8434-4e93-8a4a-aa93262dfa76___RS_HL 0551.JPG,9,0.999997,25.968382
2310,PlantVillage Internal,0,D:\Tomato_Disease_Research\plantvillage\Tomato_healthy\aadb9f92-d885-4a69-a498-437b1edeab90___RS_HL 9959.JPG,9,0.9999982,26.212238
2311,PlantVillage Internal,0,D:\Tomato_Disease_Research\plantvillage\Tomato_healthy\ab8170dd-6785-4298-a0a3-d2d40e9e6558___RS_HL 0192.JPG,9,0.99999714,26.033281
2312,PlantVillage Internal,0,D:\Tomato_Disease_Research\plantvillage\Tomato_healthy\abaaf21a-3c59-4a00-825e-2f05f045bbf9___RS_HL 0066.JPG,9,0.9999976,25.999355
2313,PlantVillage Internal,0,D:\Tomato_Disease_Research\plantvillage\Tomato_healthy\abab2c83-54cb-4427-b239-7f55be4d7f78___RS_HL 9709.JPG,9,0.99999714,26.208162
2314,PlantVillage Internal,0,D:\Tomato_Disease_Research\plantvillage\Tomato_healthy\ad8359a4-48b9-4469-a012-ed9b220de38e___GH_HL Leaf 285.1.JPG,9,0.99999666,26.106422
2315,PlantVillage Internal,0,D:\Tomato_Disease_Research\plantvillage\Tomato_healthy\af409ada-072e-4b27-ab15-5cd00116f82e___RS_HL 9824.JPG,9,0.99999774,26.24472
2316,PlantVillage Internal,0,D:\Tomato_Disease_Research\plantvillage\Tomato_healthy\afbedba8-4d3a-4816-9c55-bd666d262b59___RS_HL 9841.JPG,9,0.9999981,26.25647
2317,PlantVillage Internal,0,D:\Tomato_Disease_Research\plantvillage\Tomato_healthy\b089aa0a-1778-4c3d-ad5d-7997a9b97dbb___GH_HL Leaf 481.JPG,9,0.999997,26.277946
2318,PlantVillage Internal,0,D:\Tomato_Disease_Research\plantvillage\Tomato_healthy\b2e63ab4-09d6-4b43-8767-6ce042e080b5___RS_HL 0309.JPG,9,0.9999968,26.087189
2319,PlantVillage Internal,0,D:\Tomato_Disease_Research\plantvillage\Tomato_healthy\b3eaae0f-95b4-4bb5-89b5-4460cf79e554___RS_HL 0583.JPG,9,0.99999726,26.168196
2320,PlantVillage Internal,0,D:\Tomato_Disease_Research\plantvillage\Tomato_healthy\b5f50782-f831-4b0c-821d-3d60879b4758___RS_HL 0064.JPG,9,0.9999981,25.912786
2321,PlantVillage Internal,0,D:\Tomato_Disease_Research\plantvillage\Tomato_healthy\b632d565-2883-4d01-a994-2068433bac08___RS_HL 9843.JPG,9,0.999998,26.158842
2322,PlantVillage Internal,0,D:\Tomato_Disease_Research\plantvillage\Tomato_healthy\b6690f04-b49a-43eb-8804-67eeffae7950___RS_HL 0518.JPG,9,0.9999974,25.9168
2323,PlantVillage Internal,0,D:\Tomato_Disease_Research\plantvillage\Tomato_healthy\b95435ea-5649-465e-83cc-247d1ab11b54___GH_HL Leaf 203.JPG,9,0.99999714,26.110909
2324,PlantVillage Internal,0,D:\Tomato_Disease_Research\plantvillage\Tomato_healthy\ba09e9e0-fafc-4303-b1e3-136fa924d339___RS_HL 0403.JPG,9,0.9999975,26.252163
2325,PlantVillage Internal,0,D:\Tomato_Disease_Research\plantvillage\Tomato_healthy\bab33032-182b-43c7-8eea-392267cd11ef___RS_HL 9822.JPG,9,0.9999974,26.18957
2326,PlantVillage Internal,0,D:\Tomato_Disease_Research\plantvillage\Tomato_healthy\bb0d7ad0-8374-41a1-85bd-699892bb8431___RS_HL 0176.JPG,9,0.99999774,26.47041
2327,PlantVillage Internal,0,D:\Tomato_Disease_Research\plantvillage\Tomato_healthy\bc21b9df-de42-4899-991c-065035815af4___RS_HL 0569.JPG,9,0.9999974,26.093863
2328,PlantVillage Internal,0,D:\Tomato_Disease_Research\plantvillage\Tomato_healthy\bc339a85-6c4e-428a-a18e-9174acdcab1e___RS_HL 0513.JPG,9,0.9999968,26.180614
2329,PlantVillage Internal,0,D:\Tomato_Disease_Research\plantvillage\Tomato_healthy\bc3ca9e1-86c1-4945-9993-c61a38a942ed___GH_HL Leaf 294.JPG,9,0.9999969,25.972055
2330,PlantVillage Internal,0,D:\Tomato_Disease_Research\plantvillage\Tomato_healthy\bc5e650e-075e-4359-9f31-79cd0ef3208b___RS_HL 9807.JPG,9,0.99999785,26.038692
2331,PlantVillage Internal,0,D:\Tomato_Disease_Research\plantvillage\Tomato_healthy\bcf2a4c7-5e73-4443-b39c-74fd6895afb5___GH_HL Leaf 248.1.JPG,9,0.9999968,25.99059
2332,PlantVillage Internal,0,D:\Tomato_Disease_Research\plantvillage\Tomato_healthy\be5a8881-cc33-42c0-adc7-52d2380a9902___GH_HL Leaf 505.4.JPG,9,0.9999949,25.84493
2333,PlantVillage Internal,0,D:\Tomato_Disease_Research\plantvillage\Tomato_healthy\beaa693e-fa0d-4bde-943a-0a834f251301___RS_HL 0290.JPG,9,0.99999726,26.263699
2334,PlantVillage Internal,0,D:\Tomato_Disease_Research\plantvillage\Tomato_healthy\c0b3ea2d-4889-4693-8590-cef2d32b81e3___RS_HL 0370.JPG,9,0.9999968,25.852837
2335,PlantVillage Internal,0,D:\Tomato_Disease_Research\plantvillage\Tomato_healthy\c1c04a55-0dd5-48e2-9cc6-76bbcc1899fd___GH_HL Leaf 340.1.JPG,9,0.99999654,26.16972
2336,PlantVillage Internal,0,D:\Tomato_Disease_Research\plantvillage\Tomato_healthy\c268e18a-6916-43ef-8aa8-f68b1429b7dc___GH_HL Leaf 236.2.JPG,9,0.99999726,26.199799
2337,PlantVillage Internal,0,D:\Tomato_Disease_Research\plantvillage\Tomato_healthy\c273003c-f52b-4a40-92f5-c1b8e9da53b7___RS_HL 0372.JPG,9,0.9999974,25.64263
2338,PlantVillage Internal,0,D:\Tomato_Disease_Research\plantvillage\Tomato_healthy\c2c1758f-3576-4e8a-9853-5f11ac4d20d6___GH_HL Leaf 316.1.JPG,9,0.99999726,26.369213
2339,PlantVillage Internal,0,D:\Tomato_Disease_Research\plantvillage\Tomato_healthy\c458d9e4-15b1-41f4-a93b-020d915afd0c___RS_HL 9884.JPG,9,0.99999726,25.95118
2340,PlantVillage Internal,0,D:\Tomato_Disease_Research\plantvillage\Tomato_healthy\c52610f1-e253-49ac-bb6f-af3dc1d9c396___GH_HL Leaf 363.1.JPG,9,0.9999957,26.17013
2341,PlantVillage Internal,0,D:\Tomato_Disease_Research\plantvillage\Tomato_healthy\c57d8785-87fa-4ac4-af26-048936a5dbf0___RS_HL 0325.JPG,9,0.9999974,26.200039
2342,PlantVillage Internal,0,D:\Tomato_Disease_Research\plantvillage\Tomato_healthy\c59a5a86-2645-49e0-a6e0-c9e8112f95d5___GH_HL Leaf 166.1.JPG,9,0.9999951,26.007652
2343,PlantVillage Internal,0,D:\Tomato_Disease_Research\plantvillage\Tomato_healthy\c8a610ce-ef41-42b4-ad46-fe82891ac4e0___GH_HL Leaf 258.JPG,9,0.9999974,26.176174
2344,PlantVillage Internal,0,D:\Tomato_Disease_Research\plantvillage\Tomato_healthy\c9f92d4b-9d9c-4932-ba1b-bc290987c154___RS_HL 0350.JPG,9,0.9999963,26.234735
2345,PlantVillage Internal,0,D:\Tomato_Disease_Research\plantvillage\Tomato_healthy\ca553e23-a738-485a-95e6-3b578477d3f4___RS_HL 9854.JPG,9,0.9999974,25.91624
2346,PlantVillage Internal,0,D:\Tomato_Disease_Research\plantvillage\Tomato_healthy\caa60224-1c60-455e-8b7c-e73626af84c1___GH_HL Leaf 214.JPG,9,0.99999714,26.039629
2347,PlantVillage Internal,0,D:\Tomato_Disease_Research\plantvillage\Tomato_healthy\caab6cf8-07a8-422a-84e9-3311f85d2427___RS_HL 0455.JPG,9,0.999997,26.084126
2348,PlantVillage Internal,0,D:\Tomato_Disease_Research\plantvillage\Tomato_healthy\cb4a744a-1f1d-4cb1-b2a4-f1e1a12426ca___RS_HL 9970.JPG,9,0.9999976,26.192083
2349,PlantVillage Internal,0,D:\Tomato_Disease_Research\plantvillage\Tomato_healthy\cc69ca79-bef9-449b-892f-b1e76310aa60___RS_HL 9868.JPG,9,0.999998,26.302414
2350,PlantVillage Internal,0,D:\Tomato_Disease_Research\plantvillage\Tomato_healthy\ce081d63-8710-460f-9f20-cc67ef62fa37___RS_HL 9685.JPG,9,0.9999975,26.091305
2351,PlantVillage Internal,0,D:\Tomato_Disease_Research\plantvillage\Tomato_healthy\ce9a5c21-e77d-4db4-baa3-d03c24e360b0___GH_HL Leaf 281.JPG,9,0.9999968,26.112919
2352,PlantVillage Internal,0,D:\Tomato_Disease_Research\plantvillage\Tomato_healthy\cea3c7e9-94d8-4f97-bd50-e19a428c5162___RS_HL 0013.JPG,9,0.9999975,25.938053
2353,PlantVillage Internal,0,D:\Tomato_Disease_Research\plantvillage\Tomato_healthy\ceb2bf82-b22d-43bb-9a32-cac11e19febd___RS_HL 0406.JPG,9,0.9999974,25.97969
2354,PlantVillage Internal,0,D:\Tomato_Disease_Research\plantvillage\Tomato_healthy\d02f79d7-34a8-4313-924b-ca75fa38b1fb___RS_HL 9655.JPG,9,0.9999975,26.133167
2355,PlantVillage Internal,0,D:\Tomato_Disease_Research\plantvillage\Tomato_healthy\d030352a-d87f-4ee2-a619-bc68d9896004___GH_HL Leaf 197.JPG,9,0.99999666,26.285973
2356,PlantVillage Internal,0,D:\Tomato_Disease_Research\plantvillage\Tomato_healthy\d382d5de-6608-4492-a1eb-e4c525f8b3e4___GH_HL Leaf 461.JPG,9,0.99999595,25.974298
2357,PlantVillage Internal,0,D:\Tomato_Disease_Research\plantvillage\Tomato_healthy\d38fc068-8503-4868-9c57-8fba55a7892d___RS_HL 0293.JPG,9,0.9999974,26.18065
2358,PlantVillage Internal,0,D:\Tomato_Disease_Research\plantvillage\Tomato_healthy\d3997d9d-f607-44f2-9473-b41db6b1116b___GH_HL Leaf 473.JPG,9,0.99999666,26.1713
2359,PlantVillage Internal,0,D:\Tomato_Disease_Research\plantvillage\Tomato_healthy\d578b8cd-9a1c-434b-9507-17ced7dffb34___GH_HL Leaf 249.JPG,9,0.99999666,26.080412
2360,PlantVillage Internal,0,D:\Tomato_Disease_Research\plantvillage\Tomato_healthy\d6128bab-2cc4-4005-9184-2b7303773682___RS_HL 9828.JPG,9,0.999998,26.368544
2361,PlantVillage Internal,0,D:\Tomato_Disease_Research\plantvillage\Tomato_healthy\d6587652-47aa-4518-9534-468194f22953___RS_HL 0595.JPG,9,0.99999785,26.12411
2362,PlantVillage Internal,0,D:\Tomato_Disease_Research\plantvillage\Tomato_healthy\d676d2f7-13a7-4d79-91fc-757b5d0bde6f___RS_HL 0601.JPG,9,0.9999975,26.232
2363,PlantVillage Internal,0,D:\Tomato_Disease_Research\plantvillage\Tomato_healthy\d7f9efa9-5684-42f4-b183-958a83d3ebcd___RS_HL 9923.JPG,9,0.9999981,26.02613
2364,PlantVillage Internal,0,D:\Tomato_Disease_Research\plantvillage\Tomato_healthy\d95cca34-6952-4d22-9d61-6304dcce3448___GH_HL Leaf 280.1.JPG,9,0.99999607,26.039165
2365,PlantVillage Internal,0,D:\Tomato_Disease_Research\plantvillage\Tomato_healthy\d9756e4c-11ac-4c09-8a3c-4938d56bfc1e___RS_HL 0488.JPG,9,0.99999607,25.939125
2366,PlantVillage Internal,0,D:\Tomato_Disease_Research\plantvillage\Tomato_healthy\da7db6e5-d5d5-489a-b1b2-9b3a880cebaa___RS_HL 9769.JPG,9,0.999998,26.115408
2367,PlantVillage Internal,0,D:\Tomato_Disease_Research\plantvillage\Tomato_healthy\dd50e041-1df0-45e4-8ab7-126f0ae2b984___GH_HL Leaf 270.JPG,9,0.999997,26.003345
2368,PlantVillage Internal,0,D:\Tomato_Disease_Research\plantvillage\Tomato_healthy\de40125f-3f01-4c7e-9406-529d033fdb52___RS_HL 0498.JPG,9,0.999997,25.880394
2369,PlantVillage Internal,0,D:\Tomato_Disease_Research\plantvillage\Tomato_healthy\debe033e-a878-46dc-8336-8bc25811df35___GH_HL Leaf 303.JPG,9,0.99999714,26.13446
2370,PlantVillage Internal,0,D:\Tomato_Disease_Research\plantvillage\Tomato_healthy\e12936ac-7354-434c-b857-1e742e383dd5___RS_HL 9878.JPG,9,0.9999982,26.348782
2371,PlantVillage Internal,0,D:\Tomato_Disease_Research\plantvillage\Tomato_healthy\e1517f9b-6bab-415b-b8f5-1f52dd544b2d___RS_HL 0203.JPG,9,0.99999785,26.102829
2372,PlantVillage Internal,0,D:\Tomato_Disease_Research\plantvillage\Tomato_healthy\e1aeb847-e87b-4f24-aca7-c6e06b6c07ca___GH_HL Leaf 185.JPG,9,0.9999968,25.939001
2373,PlantVillage Internal,0,D:\Tomato_Disease_Research\plantvillage\Tomato_healthy\e2bd556e-fe0f-4a97-819c-83dbc4a61ac5___GH_HL Leaf 429.JPG,9,0.99999595,25.796463
2374,PlantVillage Internal,0,D:\Tomato_Disease_Research\plantvillage\Tomato_healthy\e2bde260-6fac-4259-8b88-c7378f1ea730___RS_HL 0511.JPG,9,0.9999976,26.262356
2375,PlantVillage Internal,0,D:\Tomato_Disease_Research\plantvillage\Tomato_healthy\e2f520b1-ac21-445b-9a3f-cb6e506e3044___RS_HL 0381.JPG,9,0.9999963,26.328455
2376,PlantVillage Internal,0,D:\Tomato_Disease_Research\plantvillage\Tomato_healthy\e36e5c2c-277b-4e8f-b12b-46df2e569c85___GH_HL Leaf 187.1.JPG,9,0.99999726,26.109634
2377,PlantVillage Internal,0,D:\Tomato_Disease_Research\plantvillage\Tomato_healthy\e62a7ec8-3e5e-4a47-be14-a57db0322bb6___RS_HL 9627.JPG,9,0.99999595,25.96453
2378,PlantVillage Internal,0,D:\Tomato_Disease_Research\plantvillage\Tomato_healthy\e67fdf04-f0a3-4351-b65d-a1b7362fc032___GH_HL Leaf 304.1.JPG,9,0.99999654,25.976402
2379,PlantVillage Internal,0,D:\Tomato_Disease_Research\plantvillage\Tomato_healthy\e6f3e3b6-8d73-4564-9e0b-771302aaa6ef___RS_HL 0626.JPG,9,0.99999714,25.97472
2380,PlantVillage Internal,0,D:\Tomato_Disease_Research\plantvillage\Tomato_healthy\e74a7250-6e1c-48e8-bef4-deb2724c7b5a___RS_HL 0091.JPG,9,0.9999976,26.11146
2381,PlantVillage Internal,0,D:\Tomato_Disease_Research\plantvillage\Tomato_healthy\eacb7fe2-5c0a-4058-a7d7-a2270faee988___RS_HL 9654.JPG,9,0.9999976,26.345192
2382,PlantVillage Internal,0,D:\Tomato_Disease_Research\plantvillage\Tomato_healthy\ebdffabc-9920-4d0b-9f7d-7fb3ee5b731e___RS_HL 0099.JPG,9,0.9999975,26.234734
2383,PlantVillage Internal,0,D:\Tomato_Disease_Research\plantvillage\Tomato_healthy\ec754608-21ce-40be-abd0-46a664257065___RS_HL 0376.JPG,9,0.9999976,26.059528
2384,PlantVillage Internal,0,D:\Tomato_Disease_Research\plantvillage\Tomato_healthy\ed76421e-84e4-408b-a1b3-c6164867b3d2___RS_HL 0560.JPG,9,0.9999974,26.20648
2385,PlantVillage Internal,0,D:\Tomato_Disease_Research\plantvillage\Tomato_healthy\ef492a6d-0db4-4fb5-b513-12a262215f00___RS_HL 9638.JPG,9,0.9999968,26.468748
2386,PlantVillage Internal,0,D:\Tomato_Disease_Research\plantvillage\Tomato_healthy\f0037c61-001d-4b1f-b794-5b5ab49d50d5___RS_HL 0527.JPG,9,0.9999974,26.13774
2387,PlantVillage Internal,0,D:\Tomato_Disease_Research\plantvillage\Tomato_healthy\f32a71f9-5468-4169-aa2f-e895f070bfc7___RS_HL 9997.JPG,9,0.99999833,26.300919
2388,PlantVillage Internal,0,D:\Tomato_Disease_Research\plantvillage\Tomato_healthy\f48aed97-8db4-40a5-aa39-e2c3c70fe8be___GH_HL Leaf 524.1.JPG,9,0.9998336,23.05124
2389,PlantVillage Internal,0,D:\Tomato_Disease_Research\plantvillage\Tomato_healthy\f65afb75-30bc-4d44-adbd-d262ebe07ad5___GH_HL Leaf 222.1.JPG,9,0.999997,25.941422
2390,PlantVillage Internal,0,D:\Tomato_Disease_Research\plantvillage\Tomato_healthy\f7d044c0-6900-4624-9c20-fa27aa0911ff___GH_HL Leaf 275.JPG,9,0.9999968,26.032307
2391,PlantVillage Internal,0,D:\Tomato_Disease_Research\plantvillage\Tomato_healthy\f7df2411-8e50-46e1-b43a-cca357bee1af___GH_HL Leaf 521.1.JPG,9,0.9999924,25.400927
2392,PlantVillage Internal,0,D:\Tomato_Disease_Research\plantvillage\Tomato_healthy\fa55bcc1-cda8-458e-a137-579f1dc1bda8___RS_HL 9845.JPG,9,0.99999785,26.196478
2393,PlantVillage Internal,0,D:\Tomato_Disease_Research\plantvillage\Tomato_healthy\fab41c44-a8b6-4821-8ffa-08a2c1234970___RS_HL 0070.JPG,9,0.99999833,26.249945
2394,PlantVillage Internal,0,D:\Tomato_Disease_Research\plantvillage\Tomato_healthy\fb123526-11fd-4d0d-96cc-3423da0b61a2___RS_HL 9756.JPG,9,0.99999785,26.124212
2395,PlantVillage Internal,0,D:\Tomato_Disease_Research\plantvillage\Tomato_healthy\fd2fa9cc-2147-40ff-9e71-0056eb7884ed___GH_HL Leaf 285.JPG,9,0.9999958,25.929026
2396,PlantVillage Internal,0,D:\Tomato_Disease_Research\plantvillage\Tomato_healthy\fe0b76dc-4263-4cda-8840-310ebe72a432___GH_HL Leaf 490.JPG,9,0.9999951,26.145943
2397,PlantVillage Internal,0,D:\Tomato_Disease_Research\plantvillage\Tomato_healthy\ff8b36d5-feaf-4d2d-8126-18670a312657___RS_HL 0229.JPG,9,0.99999785,26.352705
2398,PlantVillage Internal,0,D:\Tomato_Disease_Research\plantvillage\Tomato_healthy\ffd8aa68-138f-4114-96c7-21eef72e1e13___RS_HL 9881.JPG,9,0.999998,26.20236
2399,PlantDoc External,1,D:\Tomato_Disease_Research\external_dataset\PlantDoc_tomato_subset\test\Tomato_leaf_bacterial_spot\test_Tomato leaf bacterial spot_1.jpg,4,0.9995758,24.066977
2400,PlantDoc External,1,D:\Tomato_Disease_Research\external_dataset\PlantDoc_tomato_subset\test\Tomato_leaf_bacterial_spot\test_Tomato leaf bacterial spot_2.jpg,2,0.99978524,25.523512
2401,PlantDoc External,1,D:\Tomato_Disease_Research\external_dataset\PlantDoc_tomato_subset\test\Tomato_leaf_bacterial_spot\test_Tomato leaf bacterial spot_3.jpg,4,0.713922,23.040386
2402,PlantDoc External,1,D:\Tomato_Disease_Research\external_dataset\PlantDoc_tomato_subset\test\Tomato_leaf_bacterial_spot\test_Tomato leaf bacterial spot_4.jpg,4,0.54552096,24.528358
2403,PlantDoc External,1,D:\Tomato_Disease_Research\external_dataset\PlantDoc_tomato_subset\test\Tomato_leaf_bacterial_spot\test_Tomato leaf bacterial spot_5.jpg,1,0.9999846,24.487114
2404,PlantDoc External,1,D:\Tomato_Disease_Research\external_dataset\PlantDoc_tomato_subset\test\Tomato_leaf_bacterial_spot\test_Tomato leaf bacterial spot_6.jpg,2,0.672806,23.80301
2405,PlantDoc External,1,D:\Tomato_Disease_Research\external_dataset\PlantDoc_tomato_subset\test\Tomato_leaf_bacterial_spot\test_Tomato leaf bacterial spot_7.jpg,4,0.999962,23.145454
2406,PlantDoc External,1,D:\Tomato_Disease_Research\external_dataset\PlantDoc_tomato_subset\test\Tomato_leaf_bacterial_spot\test_Tomato leaf bacterial spot_8.jpg,4,0.9999093,24.018227
2407,PlantDoc External,1,D:\Tomato_Disease_Research\external_dataset\PlantDoc_tomato_subset\test\Tomato_leaf_bacterial_spot\test_Tomato leaf bacterial spot_9.jpg,4,0.9954869,21.936327
2408,PlantDoc External,1,D:\Tomato_Disease_Research\external_dataset\PlantDoc_tomato_subset\test\Tomato_Early_blight_leaf\test_Tomato Early blight leaf_1.jpg,1,0.99999905,25.283295
2409,PlantDoc External,1,D:\Tomato_Disease_Research\external_dataset\PlantDoc_tomato_subset\test\Tomato_Early_blight_leaf\test_Tomato Early blight leaf_2.jpg,2,0.99999654,26.97068
2410,PlantDoc External,1,D:\Tomato_Disease_Research\external_dataset\PlantDoc_tomato_subset\test\Tomato_Early_blight_leaf\test_Tomato Early blight leaf_3.jpg,4,0.99733436,23.25061
2411,PlantDoc External,1,D:\Tomato_Disease_Research\external_dataset\PlantDoc_tomato_subset\test\Tomato_Early_blight_leaf\test_Tomato Early blight leaf_4.jpg,1,0.9999989,25.383059
2412,PlantDoc External,1,D:\Tomato_Disease_Research\external_dataset\PlantDoc_tomato_subset\test\Tomato_Early_blight_leaf\test_Tomato Early blight leaf_5.jpg,2,0.98477477,24.723257
2413,PlantDoc External,1,D:\Tomato_Disease_Research\external_dataset\PlantDoc_tomato_subset\test\Tomato_Early_blight_leaf\test_Tomato Early blight leaf_6.jpg,1,0.9999976,24.040335
2414,PlantDoc External,1,D:\Tomato_Disease_Research\external_dataset\PlantDoc_tomato_subset\test\Tomato_Early_blight_leaf\test_Tomato Early blight leaf_7.jpg,1,0.99980026,24.916304
2415,PlantDoc External,1,D:\Tomato_Disease_Research\external_dataset\PlantDoc_tomato_subset\test\Tomato_Early_blight_leaf\test_Tomato Early blight leaf_8.jpg,1,0.9937463,24.159979
2416,PlantDoc External,1,D:\Tomato_Disease_Research\external_dataset\PlantDoc_tomato_subset\test\Tomato_Early_blight_leaf\test_Tomato Early blight leaf_9.jpg,1,0.9661945,24.454285
2417,PlantDoc External,1,D:\Tomato_Disease_Research\external_dataset\PlantDoc_tomato_subset\test\Tomato_leaf_late_blight\test_Tomato leaf late blight_1.jpg,2,0.9999982,26.928627
2418,PlantDoc External,1,D:\Tomato_Disease_Research\external_dataset\PlantDoc_tomato_subset\test\Tomato_leaf_late_blight\test_Tomato leaf late blight_10.jpg,3,0.99999356,24.947107
2419,PlantDoc External,1,D:\Tomato_Disease_Research\external_dataset\PlantDoc_tomato_subset\test\Tomato_leaf_late_blight\test_Tomato leaf late blight_2.jpg,2,0.9999964,26.469816
2420,PlantDoc External,1,D:\Tomato_Disease_Research\external_dataset\PlantDoc_tomato_subset\test\Tomato_leaf_late_blight\test_Tomato leaf late blight_3.jpg,2,0.99998724,25.903708
2421,PlantDoc External,1,D:\Tomato_Disease_Research\external_dataset\PlantDoc_tomato_subset\test\Tomato_leaf_late_blight\test_Tomato leaf late blight_4.jpg,1,0.9999958,24.501938
2422,PlantDoc External,1,D:\Tomato_Disease_Research\external_dataset\PlantDoc_tomato_subset\test\Tomato_leaf_late_blight\test_Tomato leaf late blight_5.jpg,2,0.99980205,24.67695
2423,PlantDoc External,1,D:\Tomato_Disease_Research\external_dataset\PlantDoc_tomato_subset\test\Tomato_leaf_late_blight\test_Tomato leaf late blight_6.jpg,2,0.9999964,26.430624
2424,PlantDoc External,1,D:\Tomato_Disease_Research\external_dataset\PlantDoc_tomato_subset\test\Tomato_leaf_late_blight\test_Tomato leaf late blight_7.jpg,2,0.9999901,25.649908
2425,PlantDoc External,1,D:\Tomato_Disease_Research\external_dataset\PlantDoc_tomato_subset\test\Tomato_leaf_late_blight\test_Tomato leaf late blight_8.jpg,2,0.9999547,25.791788
2426,PlantDoc External,1,D:\Tomato_Disease_Research\external_dataset\PlantDoc_tomato_subset\test\Tomato_leaf_late_blight\test_Tomato leaf late blight_9.jpg,2,0.999998,26.320488
2427,PlantDoc External,1,D:\Tomato_Disease_Research\external_dataset\PlantDoc_tomato_subset\test\Tomato_mold_leaf\test_Tomato mold leaf_1.jpg,1,0.9889936,26.241125
2428,PlantDoc External,1,D:\Tomato_Disease_Research\external_dataset\PlantDoc_tomato_subset\test\Tomato_mold_leaf\test_Tomato mold leaf_2.jpg,3,0.9955715,24.3717
2429,PlantDoc External,1,D:\Tomato_Disease_Research\external_dataset\PlantDoc_tomato_subset\test\Tomato_mold_leaf\test_Tomato mold leaf_3.jpg,2,0.99787295,24.051556
2430,PlantDoc External,1,D:\Tomato_Disease_Research\external_dataset\PlantDoc_tomato_subset\test\Tomato_mold_leaf\test_Tomato mold leaf_4.jpg,2,0.6890553,24.850487
2431,PlantDoc External,1,D:\Tomato_Disease_Research\external_dataset\PlantDoc_tomato_subset\test\Tomato_mold_leaf\test_Tomato mold leaf_5.jpg,1,0.87533367,21.883621
2432,PlantDoc External,1,D:\Tomato_Disease_Research\external_dataset\PlantDoc_tomato_subset\test\Tomato_mold_leaf\test_Tomato mold leaf_6.jpg,2,0.99997723,25.800611
2433,PlantDoc External,1,D:\Tomato_Disease_Research\external_dataset\PlantDoc_tomato_subset\test\Tomato_Septoria_leaf_spot\test_Tomato Septoria leaf spot_10.jpg,1,0.9999232,23.822195
2434,PlantDoc External,1,D:\Tomato_Disease_Research\external_dataset\PlantDoc_tomato_subset\test\Tomato_Septoria_leaf_spot\test_Tomato Septoria leaf spot_11.jpg,0,0.9526238,24.165264
2435,PlantDoc External,1,D:\Tomato_Disease_Research\external_dataset\PlantDoc_tomato_subset\test\Tomato_Septoria_leaf_spot\test_Tomato Septoria leaf spot_1_1.jpg,1,0.9999881,24.77149
2436,PlantDoc External,1,D:\Tomato_Disease_Research\external_dataset\PlantDoc_tomato_subset\test\Tomato_Septoria_leaf_spot\test_Tomato Septoria leaf spot_1_2.jpg,1,0.99997604,24.420057
2437,PlantDoc External,1,D:\Tomato_Disease_Research\external_dataset\PlantDoc_tomato_subset\test\Tomato_Septoria_leaf_spot\test_Tomato Septoria leaf spot_2.jpg,1,0.9364586,24.068666
2438,PlantDoc External,1,D:\Tomato_Disease_Research\external_dataset\PlantDoc_tomato_subset\test\Tomato_Septoria_leaf_spot\test_Tomato Septoria leaf spot_3.jpg,1,0.94975185,24.915771
2439,PlantDoc External,1,D:\Tomato_Disease_Research\external_dataset\PlantDoc_tomato_subset\test\Tomato_Septoria_leaf_spot\test_Tomato Septoria leaf spot_4.jpg,4,0.999967,24.060764
2440,PlantDoc External,1,D:\Tomato_Disease_Research\external_dataset\PlantDoc_tomato_subset\test\Tomato_Septoria_leaf_spot\test_Tomato Septoria leaf spot_5.jpg,4,0.9999882,23.399372
2441,PlantDoc External,1,D:\Tomato_Disease_Research\external_dataset\PlantDoc_tomato_subset\test\Tomato_Septoria_leaf_spot\test_Tomato Septoria leaf spot_6.jpg,4,0.99999607,23.46238
2442,PlantDoc External,1,D:\Tomato_Disease_Research\external_dataset\PlantDoc_tomato_subset\test\Tomato_Septoria_leaf_spot\test_Tomato Septoria leaf spot_7.jpg,4,0.98090655,23.171766
2443,PlantDoc External,1,D:\Tomato_Disease_Research\external_dataset\PlantDoc_tomato_subset\test\Tomato_Septoria_leaf_spot\test_Tomato Septoria leaf spot_8.jpg,4,0.99957234,23.564112
2444,PlantDoc External,1,D:\Tomato_Disease_Research\external_dataset\PlantDoc_tomato_subset\test\Tomato_Septoria_leaf_spot\test_Tomato Septoria leaf spot_9.jpg,4,0.9999987,24.062551
2445,PlantDoc External,1,D:\Tomato_Disease_Research\external_dataset\PlantDoc_tomato_subset\test\Tomato_leaf_yellow_virus\test_Tomato leaf yellow virus_1.jpg,2,0.9779849,24.36522
2446,PlantDoc External,1,D:\Tomato_Disease_Research\external_dataset\PlantDoc_tomato_subset\test\Tomato_leaf_yellow_virus\test_Tomato leaf yellow virus_2_1.jpg,2,0.90157896,24.000166
2447,PlantDoc External,1,D:\Tomato_Disease_Research\external_dataset\PlantDoc_tomato_subset\test\Tomato_leaf_yellow_virus\test_Tomato leaf yellow virus_2_2.jpg,7,0.9474635,23.481853
2448,PlantDoc External,1,D:\Tomato_Disease_Research\external_dataset\PlantDoc_tomato_subset\test\Tomato_leaf_yellow_virus\test_Tomato leaf yellow virus_2_3.jpg,7,0.99994683,24.521284
2449,PlantDoc External,1,D:\Tomato_Disease_Research\external_dataset\PlantDoc_tomato_subset\test\Tomato_leaf_yellow_virus\test_Tomato leaf yellow virus_2_4.jpg,7,0.99947256,24.883131
2450,PlantDoc External,1,D:\Tomato_Disease_Research\external_dataset\PlantDoc_tomato_subset\test\Tomato_leaf_yellow_virus\test_Tomato leaf yellow virus_2_5.jpg,7,0.9997222,25.937849
2451,PlantDoc External,1,D:\Tomato_Disease_Research\external_dataset\PlantDoc_tomato_subset\test\Tomato_leaf_yellow_virus\test_Tomato leaf yellow virus_2_6.jpg,7,0.8083492,23.457788
2452,PlantDoc External,1,D:\Tomato_Disease_Research\external_dataset\PlantDoc_tomato_subset\test\Tomato_leaf_yellow_virus\test_Tomato leaf yellow virus_3_1.jpg,2,0.99999154,27.04585
2453,PlantDoc External,1,D:\Tomato_Disease_Research\external_dataset\PlantDoc_tomato_subset\test\Tomato_leaf_yellow_virus\test_Tomato leaf yellow virus_3_2.jpg,2,0.99040145,21.502506
2454,PlantDoc External,1,D:\Tomato_Disease_Research\external_dataset\PlantDoc_tomato_subset\test\Tomato_leaf_yellow_virus\test_Tomato leaf yellow virus_4_1.jpg,7,0.988335,23.56515
2455,PlantDoc External,1,D:\Tomato_Disease_Research\external_dataset\PlantDoc_tomato_subset\test\Tomato_leaf_yellow_virus\test_Tomato leaf yellow virus_4_2.jpg,7,0.97553635,23.864729
2456,PlantDoc External,1,D:\Tomato_Disease_Research\external_dataset\PlantDoc_tomato_subset\test\Tomato_leaf_yellow_virus\test_Tomato leaf yellow virus_5.jpg,7,0.88150036,22.44163
2457,PlantDoc External,1,D:\Tomato_Disease_Research\external_dataset\PlantDoc_tomato_subset\test\Tomato_leaf_yellow_virus\test_Tomato leaf yellow virus_6_1.jpg,2,0.5530863,21.369776
2458,PlantDoc External,1,D:\Tomato_Disease_Research\external_dataset\PlantDoc_tomato_subset\test\Tomato_leaf_yellow_virus\test_Tomato leaf yellow virus_6_2.jpg,0,0.4406663,21.417435
2459,PlantDoc External,1,D:\Tomato_Disease_Research\external_dataset\PlantDoc_tomato_subset\test\Tomato_leaf_yellow_virus\test_Tomato leaf yellow virus_6_3.jpg,2,0.99938273,24.708235
2460,PlantDoc External,1,D:\Tomato_Disease_Research\external_dataset\PlantDoc_tomato_subset\test\Tomato_leaf_mosaic_virus\test_Tomato leaf mosaic virus_1.jpg,2,0.92964923,23.547974
2461,PlantDoc External,1,D:\Tomato_Disease_Research\external_dataset\PlantDoc_tomato_subset\test\Tomato_leaf_mosaic_virus\test_Tomato leaf mosaic virus_10.jpg,2,0.9970753,22.444548
2462,PlantDoc External,1,D:\Tomato_Disease_Research\external_dataset\PlantDoc_tomato_subset\test\Tomato_leaf_mosaic_virus\test_Tomato leaf mosaic virus_2.jpg,2,0.9399385,23.304155
2463,PlantDoc External,1,D:\Tomato_Disease_Research\external_dataset\PlantDoc_tomato_subset\test\Tomato_leaf_mosaic_virus\test_Tomato leaf mosaic virus_3.jpg,3,0.377441,20.781979
2464,PlantDoc External,1,D:\Tomato_Disease_Research\external_dataset\PlantDoc_tomato_subset\test\Tomato_leaf_mosaic_virus\test_Tomato leaf mosaic virus_4.jpg,2,0.9808024,23.339859
2465,PlantDoc External,1,D:\Tomato_Disease_Research\external_dataset\PlantDoc_tomato_subset\test\Tomato_leaf_mosaic_virus\test_Tomato leaf mosaic virus_5.jpg,3,0.97049505,23.648144
2466,PlantDoc External,1,D:\Tomato_Disease_Research\external_dataset\PlantDoc_tomato_subset\test\Tomato_leaf_mosaic_virus\test_Tomato leaf mosaic virus_6.jpg,2,0.93318033,24.189947
2467,PlantDoc External,1,D:\Tomato_Disease_Research\external_dataset\PlantDoc_tomato_subset\test\Tomato_leaf_mosaic_virus\test_Tomato leaf mosaic virus_7.jpg,2,0.9993849,25.630402
2468,PlantDoc External,1,D:\Tomato_Disease_Research\external_dataset\PlantDoc_tomato_subset\test\Tomato_leaf_mosaic_virus\test_Tomato leaf mosaic virus_8.jpg,7,0.62433803,23.193102
2469,PlantDoc External,1,D:\Tomato_Disease_Research\external_dataset\PlantDoc_tomato_subset\test\Tomato_leaf_mosaic_virus\test_Tomato leaf mosaic virus_9.jpg,3,0.63027626,22.516441
2470,PlantDoc External,1,D:\Tomato_Disease_Research\external_dataset\PlantDoc_tomato_subset\test\Tomato_leaf\test_Tomato leaf_1.jpg,2,0.9999424,25.265789
2471,PlantDoc External,1,D:\Tomato_Disease_Research\external_dataset\PlantDoc_tomato_subset\test\Tomato_leaf\test_Tomato leaf_2.jpg,2,0.99627256,22.801228
2472,PlantDoc External,1,D:\Tomato_Disease_Research\external_dataset\PlantDoc_tomato_subset\test\Tomato_leaf\test_Tomato leaf_3.jpg,2,0.9656989,22.989761
2473,PlantDoc External,1,D:\Tomato_Disease_Research\external_dataset\PlantDoc_tomato_subset\test\Tomato_leaf\test_Tomato leaf_4.jpg,2,0.9999503,25.394657
2474,PlantDoc External,1,D:\Tomato_Disease_Research\external_dataset\PlantDoc_tomato_subset\test\Tomato_leaf\test_Tomato leaf_5.jpg,3,0.8600816,22.234205
2475,PlantDoc External,1,D:\Tomato_Disease_Research\external_dataset\PlantDoc_tomato_subset\test\Tomato_leaf\test_Tomato leaf_6.jpg,2,0.9331921,21.489912
2476,PlantDoc External,1,D:\Tomato_Disease_Research\external_dataset\PlantDoc_tomato_subset\test\Tomato_leaf\test_Tomato leaf_7.jpg,2,0.58185893,22.80629
2477,PlantDoc External,1,D:\Tomato_Disease_Research\external_dataset\PlantDoc_tomato_subset\test\Tomato_leaf\test_Tomato leaf_8.jpg,9,0.9221403,22.914886
